

> @vesta-cx/ui@0.0.1 format /Users/mia/vesta-cx/vesta/packages/ui
> prettier --write .

.cursor/mcp.json[2K[1G[90m.cursor/mcp.json[39m 9ms (unchanged)
.gitignore[2K[1G.npmrc[2K[1G.prettierignore[2K[1G.prettierrc[2K[1G[90m.prettierrc[39m 5ms (unchanged)
.turbo/turbo-build.log[2K[1G.turbo/turbo-dev.log[2K[1G.turbo/turbo-format.log[2K[1G.vscode/settings.json[2K[1G[90m.vscode/settings.json[39m 1ms (unchanged)
AGENTS.md[2K[1G[90mAGENTS.md[39m 19ms (unchanged)
components.json[2K[1G[90mcomponents.json[39m 2ms (unchanged)
e2e/demo.test.ts
[[31merror[39m] e2e/demo.test.ts: Error: Can't resolve '$lib/styles/theme.css' in '/Users/mia/vesta-cx/vesta/packages/ui/src'
[[31merror[39m]     at h (file:///Users/mia/vesta-cx/vesta/node_modules/.pnpm/prettier-plugin-tailwindcss@0.7.2_prettier-plugin-astro@0.14.1_prettier-plugin-svelte@3_d4163ebf28de53b474e0228e4586fdcf/node_modules/prettier-plugin-tailwindcss/dist/index.mjs:231:4669)
[[31merror[39m]     at file:///Users/mia/vesta-cx/vesta/node_modules/.pnpm/prettier-plugin-tailwindcss@0.7.2_prettier-plugin-astro@0.14.1_prettier-plugin-svelte@3_d4163ebf28de53b474e0228e4586fdcf/node_modules/prettier-plugin-tailwindcss/dist/index.mjs:232:708
[[31merror[39m]     at file:///Users/mia/vesta-cx/vesta/node_modules/.pnpm/prettier-plugin-tailwindcss@0.7.2_prettier-plugin-astro@0.14.1_prettier-plugin-svelte@3_d4163ebf28de53b474e0228e4586fdcf/node_modules/prettier-plugin-tailwindcss/dist/index.mjs:235:406
[[31merror[39m]     at eval (eval at create (file:///Users/mia/vesta-cx/vesta/node_modules/.pnpm/prettier-plugin-tailwindcss@0.7.2_prettier-plugin-astro@0.14.1_prettier-plugin-svelte@3_d4163ebf28de53b474e0228e4586fdcf/node_modules/prettier-plugin-tailwindcss/dist/index.mjs:106:78), <anonymous>:15:1)
[[31merror[39m]     at file:///Users/mia/vesta-cx/vesta/node_modules/.pnpm/prettier-plugin-tailwindcss@0.7.2_prettier-plugin-astro@0.14.1_prettier-plugin-svelte@3_d4163ebf28de53b474e0228e4586fdcf/node_modules/prettier-plugin-tailwindcss/dist/index.mjs:235:406
[[31merror[39m]     at eval (eval at create (file:///Users/mia/vesta-cx/vesta/node_modules/.pnpm/prettier-plugin-tailwindcss@0.7.2_prettier-plugin-astro@0.14.1_prettier-plugin-svelte@3_d4163ebf28de53b474e0228e4586fdcf/node_modules/prettier-plugin-tailwindcss/dist/index.mjs:106:78), <anonymous>:27:1)
[[31merror[39m]     at file:///Users/mia/vesta-cx/vesta/node_modules/.pnpm/prettier-plugin-tailwindcss@0.7.2_prettier-plugin-astro@0.14.1_prettier-plugin-svelte@3_d4163ebf28de53b474e0228e4586fdcf/node_modules/prettier-plugin-tailwindcss/dist/index.mjs:102:12756
[[31merror[39m]     at file:///Users/mia/vesta-cx/vesta/node_modules/.pnpm/prettier-plugin-tailwindcss@0.7.2_prettier-plugin-astro@0.14.1_prettier-plugin-svelte@3_d4163ebf28de53b474e0228e4586fdcf/node_modules/prettier-plugin-tailwindcss/dist/index.mjs:235:406
[[31merror[39m]     at eval (eval at create (file:///Users/mia/vesta-cx/vesta/node_modules/.pnpm/prettier-plugin-tailwindcss@0.7.2_prettier-plugin-astro@0.14.1_prettier-plugin-svelte@3_d4163ebf28de53b474e0228e4586fdcf/node_modules/prettier-plugin-tailwindcss/dist/index.mjs:106:78), <anonymous>:15:1)
[[31merror[39m]     at file:///Users/mia/vesta-cx/vesta/node_modules/.pnpm/prettier-plugin-tailwindcss@0.7.2_prettier-plugin-astro@0.14.1_prettier-plugin-svelte@3_d4163ebf28de53b474e0228e4586fdcf/node_modules/prettier-plugin-tailwindcss/dist/index.mjs:235:406
eslint.config.js
[[31merror[39m] eslint.config.js: Error: Can't resolve '$lib/styles/theme.css' in '/Users/mia/vesta-cx/vesta/packages/ui/src'
[[31merror[39m]     at h (file:///Users/mia/vesta-cx/vesta/node_modules/.pnpm/prettier-plugin-tailwindcss@0.7.2_prettier-plugin-astro@0.14.1_prettier-plugin-svelte@3_d4163ebf28de53b474e0228e4586fdcf/node_modules/prettier-plugin-tailwindcss/dist/index.mjs:231:4669)
[[31merror[39m]     at file:///Users/mia/vesta-cx/vesta/node_modules/.pnpm/prettier-plugin-tailwindcss@0.7.2_prettier-plugin-astro@0.14.1_prettier-plugin-svelte@3_d4163ebf28de53b474e0228e4586fdcf/node_modules/prettier-plugin-tailwindcss/dist/index.mjs:232:708
[[31merror[39m]     at file:///Users/mia/vesta-cx/vesta/node_modules/.pnpm/prettier-plugin-tailwindcss@0.7.2_prettier-plugin-astro@0.14.1_prettier-plugin-svelte@3_d4163ebf28de53b474e0228e4586fdcf/node_modules/prettier-plugin-tailwindcss/dist/index.mjs:235:406
[[31merror[39m]     at eval (eval at create (file:///Users/mia/vesta-cx/vesta/node_modules/.pnpm/prettier-plugin-tailwindcss@0.7.2_prettier-plugin-astro@0.14.1_prettier-plugin-svelte@3_d4163ebf28de53b474e0228e4586fdcf/node_modules/prettier-plugin-tailwindcss/dist/index.mjs:106:78), <anonymous>:15:1)
[[31merror[39m]     at file:///Users/mia/vesta-cx/vesta/node_modules/.pnpm/prettier-plugin-tailwindcss@0.7.2_prettier-plugin-astro@0.14.1_prettier-plugin-svelte@3_d4163ebf28de53b474e0228e4586fdcf/node_modules/prettier-plugin-tailwindcss/dist/index.mjs:235:406
[[31merror[39m]     at eval (eval at create (file:///Users/mia/vesta-cx/vesta/node_modules/.pnpm/prettier-plugin-tailwindcss@0.7.2_prettier-plugin-astro@0.14.1_prettier-plugin-svelte@3_d4163ebf28de53b474e0228e4586fdcf/node_modules/prettier-plugin-tailwindcss/dist/index.mjs:106:78), <anonymous>:27:1)
[[31merror[39m]     at file:///Users/mia/vesta-cx/vesta/node_modules/.pnpm/prettier-plugin-tailwindcss@0.7.2_prettier-plugin-astro@0.14.1_prettier-plugin-svelte@3_d4163ebf28de53b474e0228e4586fdcf/node_modules/prettier-plugin-tailwindcss/dist/index.mjs:102:12756
[[31merror[39m]     at file:///Users/mia/vesta-cx/vesta/node_modules/.pnpm/prettier-plugin-tailwindcss@0.7.2_prettier-plugin-astro@0.14.1_prettier-plugin-svelte@3_d4163ebf28de53b474e0228e4586fdcf/node_modules/prettier-plugin-tailwindcss/dist/index.mjs:235:406
[[31merror[39m]     at eval (eval at create (file:///Users/mia/vesta-cx/vesta/node_modules/.pnpm/prettier-plugin-tailwindcss@0.7.2_prettier-plugin-astro@0.14.1_prettier-plugin-svelte@3_d4163ebf28de53b474e0228e4586fdcf/node_modules/prettier-plugin-tailwindcss/dist/index.mjs:106:78), <anonymous>:15:1)
[[31merror[39m]     at file:///Users/mia/vesta-cx/vesta/node_modules/.pnpm/prettier-plugin-tailwindcss@0.7.2_prettier-plugin-astro@0.14.1_prettier-plugin-svelte@3_d4163ebf28de53b474e0228e4586fdcf/node_modules/prettier-plugin-tailwindcss/dist/index.mjs:235:406
messages/en.json[2K[1G[90mmessages/en.json[39m 1ms (unchanged)
messages/es.json[2K[1G[90mmessages/es.json[39m 1ms (unchanged)
messages/nl.json[2K[1G[90mmessages/nl.json[39m 1ms (unchanged)
package.json[2K[1G[90mpackage.json[39m 4ms (unchanged)
playwright.config.ts
[[31merror[39m] playwright.config.ts: Error: Can't resolve '$lib/styles/theme.css' in '/Users/mia/vesta-cx/vesta/packages/ui/src'
[[31merror[39m]     at h (file:///Users/mia/vesta-cx/vesta/node_modules/.pnpm/prettier-plugin-tailwindcss@0.7.2_prettier-plugin-astro@0.14.1_prettier-plugin-svelte@3_d4163ebf28de53b474e0228e4586fdcf/node_modules/prettier-plugin-tailwindcss/dist/index.mjs:231:4669)
[[31merror[39m]     at file:///Users/mia/vesta-cx/vesta/node_modules/.pnpm/prettier-plugin-tailwindcss@0.7.2_prettier-plugin-astro@0.14.1_prettier-plugin-svelte@3_d4163ebf28de53b474e0228e4586fdcf/node_modules/prettier-plugin-tailwindcss/dist/index.mjs:232:708
[[31merror[39m]     at file:///Users/mia/vesta-cx/vesta/node_modules/.pnpm/prettier-plugin-tailwindcss@0.7.2_prettier-plugin-astro@0.14.1_prettier-plugin-svelte@3_d4163ebf28de53b474e0228e4586fdcf/node_modules/prettier-plugin-tailwindcss/dist/index.mjs:235:406
[[31merror[39m]     at eval (eval at create (file:///Users/mia/vesta-cx/vesta/node_modules/.pnpm/prettier-plugin-tailwindcss@0.7.2_prettier-plugin-astro@0.14.1_prettier-plugin-svelte@3_d4163ebf28de53b474e0228e4586fdcf/node_modules/prettier-plugin-tailwindcss/dist/index.mjs:106:78), <anonymous>:15:1)
[[31merror[39m]     at file:///Users/mia/vesta-cx/vesta/node_modules/.pnpm/prettier-plugin-tailwindcss@0.7.2_prettier-plugin-astro@0.14.1_prettier-plugin-svelte@3_d4163ebf28de53b474e0228e4586fdcf/node_modules/prettier-plugin-tailwindcss/dist/index.mjs:235:406
[[31merror[39m]     at eval (eval at create (file:///Users/mia/vesta-cx/vesta/node_modules/.pnpm/prettier-plugin-tailwindcss@0.7.2_prettier-plugin-astro@0.14.1_prettier-plugin-svelte@3_d4163ebf28de53b474e0228e4586fdcf/node_modules/prettier-plugin-tailwindcss/dist/index.mjs:106:78), <anonymous>:27:1)
[[31merror[39m]     at file:///Users/mia/vesta-cx/vesta/node_modules/.pnpm/prettier-plugin-tailwindcss@0.7.2_prettier-plugin-astro@0.14.1_prettier-plugin-svelte@3_d4163ebf28de53b474e0228e4586fdcf/node_modules/prettier-plugin-tailwindcss/dist/index.mjs:102:12756
[[31merror[39m]     at file:///Users/mia/vesta-cx/vesta/node_modules/.pnpm/prettier-plugin-tailwindcss@0.7.2_prettier-plugin-astro@0.14.1_prettier-plugin-svelte@3_d4163ebf28de53b474e0228e4586fdcf/node_modules/prettier-plugin-tailwindcss/dist/index.mjs:235:406
[[31merror[39m]     at eval (eval at create (file:///Users/mia/vesta-cx/vesta/node_modules/.pnpm/prettier-plugin-tailwindcss@0.7.2_prettier-plugin-astro@0.14.1_prettier-plugin-svelte@3_d4163ebf28de53b474e0228e4586fdcf/node_modules/prettier-plugin-tailwindcss/dist/index.mjs:106:78), <anonymous>:15:1)
[[31merror[39m]     at file:///Users/mia/vesta-cx/vesta/node_modules/.pnpm/prettier-plugin-tailwindcss@0.7.2_prettier-plugin-astro@0.14.1_prettier-plugin-svelte@3_d4163ebf28de53b474e0228e4586fdcf/node_modules/prettier-plugin-tailwindcss/dist/index.mjs:235:406
project.inlang/project_id[2K[1Gproject.inlang/settings.json[2K[1G[90mproject.inlang/settings.json[39m 1ms (unchanged)
README.md[2K[1G[90mREADME.md[39m 5ms (unchanged)
src/app.css
[[31merror[39m] src/app.css: Error: Can't resolve '$lib/styles/theme.css' in '/Users/mia/vesta-cx/vesta/packages/ui/src'
[[31merror[39m]     at h (file:///Users/mia/vesta-cx/vesta/node_modules/.pnpm/prettier-plugin-tailwindcss@0.7.2_prettier-plugin-astro@0.14.1_prettier-plugin-svelte@3_d4163ebf28de53b474e0228e4586fdcf/node_modules/prettier-plugin-tailwindcss/dist/index.mjs:231:4669)
[[31merror[39m]     at file:///Users/mia/vesta-cx/vesta/node_modules/.pnpm/prettier-plugin-tailwindcss@0.7.2_prettier-plugin-astro@0.14.1_prettier-plugin-svelte@3_d4163ebf28de53b474e0228e4586fdcf/node_modules/prettier-plugin-tailwindcss/dist/index.mjs:232:708
[[31merror[39m]     at file:///Users/mia/vesta-cx/vesta/node_modules/.pnpm/prettier-plugin-tailwindcss@0.7.2_prettier-plugin-astro@0.14.1_prettier-plugin-svelte@3_d4163ebf28de53b474e0228e4586fdcf/node_modules/prettier-plugin-tailwindcss/dist/index.mjs:235:406
[[31merror[39m]     at eval (eval at create (file:///Users/mia/vesta-cx/vesta/node_modules/.pnpm/prettier-plugin-tailwindcss@0.7.2_prettier-plugin-astro@0.14.1_prettier-plugin-svelte@3_d4163ebf28de53b474e0228e4586fdcf/node_modules/prettier-plugin-tailwindcss/dist/index.mjs:106:78), <anonymous>:15:1)
[[31merror[39m]     at file:///Users/mia/vesta-cx/vesta/node_modules/.pnpm/prettier-plugin-tailwindcss@0.7.2_prettier-plugin-astro@0.14.1_prettier-plugin-svelte@3_d4163ebf28de53b474e0228e4586fdcf/node_modules/prettier-plugin-tailwindcss/dist/index.mjs:235:406
[[31merror[39m]     at eval (eval at create (file:///Users/mia/vesta-cx/vesta/node_modules/.pnpm/prettier-plugin-tailwindcss@0.7.2_prettier-plugin-astro@0.14.1_prettier-plugin-svelte@3_d4163ebf28de53b474e0228e4586fdcf/node_modules/prettier-plugin-tailwindcss/dist/index.mjs:106:78), <anonymous>:27:1)
[[31merror[39m]     at file:///Users/mia/vesta-cx/vesta/node_modules/.pnpm/prettier-plugin-tailwindcss@0.7.2_prettier-plugin-astro@0.14.1_prettier-plugin-svelte@3_d4163ebf28de53b474e0228e4586fdcf/node_modules/prettier-plugin-tailwindcss/dist/index.mjs:102:12756
[[31merror[39m]     at file:///Users/mia/vesta-cx/vesta/node_modules/.pnpm/prettier-plugin-tailwindcss@0.7.2_prettier-plugin-astro@0.14.1_prettier-plugin-svelte@3_d4163ebf28de53b474e0228e4586fdcf/node_modules/prettier-plugin-tailwindcss/dist/index.mjs:235:406
[[31merror[39m]     at eval (eval at create (file:///Users/mia/vesta-cx/vesta/node_modules/.pnpm/prettier-plugin-tailwindcss@0.7.2_prettier-plugin-astro@0.14.1_prettier-plugin-svelte@3_d4163ebf28de53b474e0228e4586fdcf/node_modules/prettier-plugin-tailwindcss/dist/index.mjs:106:78), <anonymous>:15:1)
[[31merror[39m]     at file:///Users/mia/vesta-cx/vesta/node_modules/.pnpm/prettier-plugin-tailwindcss@0.7.2_prettier-plugin-astro@0.14.1_prettier-plugin-svelte@3_d4163ebf28de53b474e0228e4586fdcf/node_modules/prettier-plugin-tailwindcss/dist/index.mjs:235:406
src/app.d.ts
[[31merror[39m] src/app.d.ts: Error: Can't resolve '$lib/styles/theme.css' in '/Users/mia/vesta-cx/vesta/packages/ui/src'
[[31merror[39m]     at h (file:///Users/mia/vesta-cx/vesta/node_modules/.pnpm/prettier-plugin-tailwindcss@0.7.2_prettier-plugin-astro@0.14.1_prettier-plugin-svelte@3_d4163ebf28de53b474e0228e4586fdcf/node_modules/prettier-plugin-tailwindcss/dist/index.mjs:231:4669)
[[31merror[39m]     at file:///Users/mia/vesta-cx/vesta/node_modules/.pnpm/prettier-plugin-tailwindcss@0.7.2_prettier-plugin-astro@0.14.1_prettier-plugin-svelte@3_d4163ebf28de53b474e0228e4586fdcf/node_modules/prettier-plugin-tailwindcss/dist/index.mjs:232:708
[[31merror[39m]     at file:///Users/mia/vesta-cx/vesta/node_modules/.pnpm/prettier-plugin-tailwindcss@0.7.2_prettier-plugin-astro@0.14.1_prettier-plugin-svelte@3_d4163ebf28de53b474e0228e4586fdcf/node_modules/prettier-plugin-tailwindcss/dist/index.mjs:235:406
[[31merror[39m]     at eval (eval at create (file:///Users/mia/vesta-cx/vesta/node_modules/.pnpm/prettier-plugin-tailwindcss@0.7.2_prettier-plugin-astro@0.14.1_prettier-plugin-svelte@3_d4163ebf28de53b474e0228e4586fdcf/node_modules/prettier-plugin-tailwindcss/dist/index.mjs:106:78), <anonymous>:15:1)
[[31merror[39m]     at file:///Users/mia/vesta-cx/vesta/node_modules/.pnpm/prettier-plugin-tailwindcss@0.7.2_prettier-plugin-astro@0.14.1_prettier-plugin-svelte@3_d4163ebf28de53b474e0228e4586fdcf/node_modules/prettier-plugin-tailwindcss/dist/index.mjs:235:406
[[31merror[39m]     at eval (eval at create (file:///Users/mia/vesta-cx/vesta/node_modules/.pnpm/prettier-plugin-tailwindcss@0.7.2_prettier-plugin-astro@0.14.1_prettier-plugin-svelte@3_d4163ebf28de53b474e0228e4586fdcf/node_modules/prettier-plugin-tailwindcss/dist/index.mjs:106:78), <anonymous>:27:1)
[[31merror[39m]     at file:///Users/mia/vesta-cx/vesta/node_modules/.pnpm/prettier-plugin-tailwindcss@0.7.2_prettier-plugin-astro@0.14.1_prettier-plugin-svelte@3_d4163ebf28de53b474e0228e4586fdcf/node_modules/prettier-plugin-tailwindcss/dist/index.mjs:102:12756
[[31merror[39m]     at file:///Users/mia/vesta-cx/vesta/node_modules/.pnpm/prettier-plugin-tailwindcss@0.7.2_prettier-plugin-astro@0.14.1_prettier-plugin-svelte@3_d4163ebf28de53b474e0228e4586fdcf/node_modules/prettier-plugin-tailwindcss/dist/index.mjs:235:406
[[31merror[39m]     at eval (eval at create (file:///Users/mia/vesta-cx/vesta/node_modules/.pnpm/prettier-plugin-tailwindcss@0.7.2_prettier-plugin-astro@0.14.1_prettier-plugin-svelte@3_d4163ebf28de53b474e0228e4586fdcf/node_modules/prettier-plugin-tailwindcss/dist/index.mjs:106:78), <anonymous>:15:1)
[[31merror[39m]     at file:///Users/mia/vesta-cx/vesta/node_modules/.pnpm/prettier-plugin-tailwindcss@0.7.2_prettier-plugin-astro@0.14.1_prettier-plugin-svelte@3_d4163ebf28de53b474e0228e4586fdcf/node_modules/prettier-plugin-tailwindcss/dist/index.mjs:235:406
src/app.html
[[31merror[39m] src/app.html: Error: Can't resolve '$lib/styles/theme.css' in '/Users/mia/vesta-cx/vesta/packages/ui/src'
[[31merror[39m]     at h (file:///Users/mia/vesta-cx/vesta/node_modules/.pnpm/prettier-plugin-tailwindcss@0.7.2_prettier-plugin-astro@0.14.1_prettier-plugin-svelte@3_d4163ebf28de53b474e0228e4586fdcf/node_modules/prettier-plugin-tailwindcss/dist/index.mjs:231:4669)
[[31merror[39m]     at file:///Users/mia/vesta-cx/vesta/node_modules/.pnpm/prettier-plugin-tailwindcss@0.7.2_prettier-plugin-astro@0.14.1_prettier-plugin-svelte@3_d4163ebf28de53b474e0228e4586fdcf/node_modules/prettier-plugin-tailwindcss/dist/index.mjs:232:708
[[31merror[39m]     at file:///Users/mia/vesta-cx/vesta/node_modules/.pnpm/prettier-plugin-tailwindcss@0.7.2_prettier-plugin-astro@0.14.1_prettier-plugin-svelte@3_d4163ebf28de53b474e0228e4586fdcf/node_modules/prettier-plugin-tailwindcss/dist/index.mjs:235:406
[[31merror[39m]     at eval (eval at create (file:///Users/mia/vesta-cx/vesta/node_modules/.pnpm/prettier-plugin-tailwindcss@0.7.2_prettier-plugin-astro@0.14.1_prettier-plugin-svelte@3_d4163ebf28de53b474e0228e4586fdcf/node_modules/prettier-plugin-tailwindcss/dist/index.mjs:106:78), <anonymous>:15:1)
[[31merror[39m]     at file:///Users/mia/vesta-cx/vesta/node_modules/.pnpm/prettier-plugin-tailwindcss@0.7.2_prettier-plugin-astro@0.14.1_prettier-plugin-svelte@3_d4163ebf28de53b474e0228e4586fdcf/node_modules/prettier-plugin-tailwindcss/dist/index.mjs:235:406
[[31merror[39m]     at eval (eval at create (file:///Users/mia/vesta-cx/vesta/node_modules/.pnpm/prettier-plugin-tailwindcss@0.7.2_prettier-plugin-astro@0.14.1_prettier-plugin-svelte@3_d4163ebf28de53b474e0228e4586fdcf/node_modules/prettier-plugin-tailwindcss/dist/index.mjs:106:78), <anonymous>:27:1)
[[31merror[39m]     at file:///Users/mia/vesta-cx/vesta/node_modules/.pnpm/prettier-plugin-tailwindcss@0.7.2_prettier-plugin-astro@0.14.1_prettier-plugin-svelte@3_d4163ebf28de53b474e0228e4586fdcf/node_modules/prettier-plugin-tailwindcss/dist/index.mjs:102:12756
[[31merror[39m]     at file:///Users/mia/vesta-cx/vesta/node_modules/.pnpm/prettier-plugin-tailwindcss@0.7.2_prettier-plugin-astro@0.14.1_prettier-plugin-svelte@3_d4163ebf28de53b474e0228e4586fdcf/node_modules/prettier-plugin-tailwindcss/dist/index.mjs:235:406
[[31merror[39m]     at eval (eval at create (file:///Users/mia/vesta-cx/vesta/node_modules/.pnpm/prettier-plugin-tailwindcss@0.7.2_prettier-plugin-astro@0.14.1_prettier-plugin-svelte@3_d4163ebf28de53b474e0228e4586fdcf/node_modules/prettier-plugin-tailwindcss/dist/index.mjs:106:78), <anonymous>:15:1)
[[31merror[39m]     at file:///Users/mia/vesta-cx/vesta/node_modules/.pnpm/prettier-plugin-tailwindcss@0.7.2_prettier-plugin-astro@0.14.1_prettier-plugin-svelte@3_d4163ebf28de53b474e0228e4586fdcf/node_modules/prettier-plugin-tailwindcss/dist/index.mjs:235:406
src/demo.spec.ts
[[31merror[39m] src/demo.spec.ts: Error: Can't resolve '$lib/styles/theme.css' in '/Users/mia/vesta-cx/vesta/packages/ui/src'
[[31merror[39m]     at h (file:///Users/mia/vesta-cx/vesta/node_modules/.pnpm/prettier-plugin-tailwindcss@0.7.2_prettier-plugin-astro@0.14.1_prettier-plugin-svelte@3_d4163ebf28de53b474e0228e4586fdcf/node_modules/prettier-plugin-tailwindcss/dist/index.mjs:231:4669)
[[31merror[39m]     at file:///Users/mia/vesta-cx/vesta/node_modules/.pnpm/prettier-plugin-tailwindcss@0.7.2_prettier-plugin-astro@0.14.1_prettier-plugin-svelte@3_d4163ebf28de53b474e0228e4586fdcf/node_modules/prettier-plugin-tailwindcss/dist/index.mjs:232:708
[[31merror[39m]     at file:///Users/mia/vesta-cx/vesta/node_modules/.pnpm/prettier-plugin-tailwindcss@0.7.2_prettier-plugin-astro@0.14.1_prettier-plugin-svelte@3_d4163ebf28de53b474e0228e4586fdcf/node_modules/prettier-plugin-tailwindcss/dist/index.mjs:235:406
[[31merror[39m]     at eval (eval at create (file:///Users/mia/vesta-cx/vesta/node_modules/.pnpm/prettier-plugin-tailwindcss@0.7.2_prettier-plugin-astro@0.14.1_prettier-plugin-svelte@3_d4163ebf28de53b474e0228e4586fdcf/node_modules/prettier-plugin-tailwindcss/dist/index.mjs:106:78), <anonymous>:15:1)
[[31merror[39m]     at file:///Users/mia/vesta-cx/vesta/node_modules/.pnpm/prettier-plugin-tailwindcss@0.7.2_prettier-plugin-astro@0.14.1_prettier-plugin-svelte@3_d4163ebf28de53b474e0228e4586fdcf/node_modules/prettier-plugin-tailwindcss/dist/index.mjs:235:406
[[31merror[39m]     at eval (eval at create (file:///Users/mia/vesta-cx/vesta/node_modules/.pnpm/prettier-plugin-tailwindcss@0.7.2_prettier-plugin-astro@0.14.1_prettier-plugin-svelte@3_d4163ebf28de53b474e0228e4586fdcf/node_modules/prettier-plugin-tailwindcss/dist/index.mjs:106:78), <anonymous>:27:1)
[[31merror[39m]     at file:///Users/mia/vesta-cx/vesta/node_modules/.pnpm/prettier-plugin-tailwindcss@0.7.2_prettier-plugin-astro@0.14.1_prettier-plugin-svelte@3_d4163ebf28de53b474e0228e4586fdcf/node_modules/prettier-plugin-tailwindcss/dist/index.mjs:102:12756
[[31merror[39m]     at file:///Users/mia/vesta-cx/vesta/node_modules/.pnpm/prettier-plugin-tailwindcss@0.7.2_prettier-plugin-astro@0.14.1_prettier-plugin-svelte@3_d4163ebf28de53b474e0228e4586fdcf/node_modules/prettier-plugin-tailwindcss/dist/index.mjs:235:406
[[31merror[39m]     at eval (eval at create (file:///Users/mia/vesta-cx/vesta/node_modules/.pnpm/prettier-plugin-tailwindcss@0.7.2_prettier-plugin-astro@0.14.1_prettier-plugin-svelte@3_d4163ebf28de53b474e0228e4586fdcf/node_modules/prettier-plugin-tailwindcss/dist/index.mjs:106:78), <anonymous>:15:1)
[[31merror[39m]     at file:///Users/mia/vesta-cx/vesta/node_modules/.pnpm/prettier-plugin-tailwindcss@0.7.2_prettier-plugin-astro@0.14.1_prettier-plugin-svelte@3_d4163ebf28de53b474e0228e4586fdcf/node_modules/prettier-plugin-tailwindcss/dist/index.mjs:235:406
src/hooks.server.ts
[[31merror[39m] src/hooks.server.ts: Error: Can't resolve '$lib/styles/theme.css' in '/Users/mia/vesta-cx/vesta/packages/ui/src'
[[31merror[39m]     at h (file:///Users/mia/vesta-cx/vesta/node_modules/.pnpm/prettier-plugin-tailwindcss@0.7.2_prettier-plugin-astro@0.14.1_prettier-plugin-svelte@3_d4163ebf28de53b474e0228e4586fdcf/node_modules/prettier-plugin-tailwindcss/dist/index.mjs:231:4669)
[[31merror[39m]     at file:///Users/mia/vesta-cx/vesta/node_modules/.pnpm/prettier-plugin-tailwindcss@0.7.2_prettier-plugin-astro@0.14.1_prettier-plugin-svelte@3_d4163ebf28de53b474e0228e4586fdcf/node_modules/prettier-plugin-tailwindcss/dist/index.mjs:232:708
[[31merror[39m]     at file:///Users/mia/vesta-cx/vesta/node_modules/.pnpm/prettier-plugin-tailwindcss@0.7.2_prettier-plugin-astro@0.14.1_prettier-plugin-svelte@3_d4163ebf28de53b474e0228e4586fdcf/node_modules/prettier-plugin-tailwindcss/dist/index.mjs:235:406
[[31merror[39m]     at eval (eval at create (file:///Users/mia/vesta-cx/vesta/node_modules/.pnpm/prettier-plugin-tailwindcss@0.7.2_prettier-plugin-astro@0.14.1_prettier-plugin-svelte@3_d4163ebf28de53b474e0228e4586fdcf/node_modules/prettier-plugin-tailwindcss/dist/index.mjs:106:78), <anonymous>:15:1)
[[31merror[39m]     at file:///Users/mia/vesta-cx/vesta/node_modules/.pnpm/prettier-plugin-tailwindcss@0.7.2_prettier-plugin-astro@0.14.1_prettier-plugin-svelte@3_d4163ebf28de53b474e0228e4586fdcf/node_modules/prettier-plugin-tailwindcss/dist/index.mjs:235:406
[[31merror[39m]     at eval (eval at create (file:///Users/mia/vesta-cx/vesta/node_modules/.pnpm/prettier-plugin-tailwindcss@0.7.2_prettier-plugin-astro@0.14.1_prettier-plugin-svelte@3_d4163ebf28de53b474e0228e4586fdcf/node_modules/prettier-plugin-tailwindcss/dist/index.mjs:106:78), <anonymous>:27:1)
[[31merror[39m]     at file:///Users/mia/vesta-cx/vesta/node_modules/.pnpm/prettier-plugin-tailwindcss@0.7.2_prettier-plugin-astro@0.14.1_prettier-plugin-svelte@3_d4163ebf28de53b474e0228e4586fdcf/node_modules/prettier-plugin-tailwindcss/dist/index.mjs:102:12756
[[31merror[39m]     at file:///Users/mia/vesta-cx/vesta/node_modules/.pnpm/prettier-plugin-tailwindcss@0.7.2_prettier-plugin-astro@0.14.1_prettier-plugin-svelte@3_d4163ebf28de53b474e0228e4586fdcf/node_modules/prettier-plugin-tailwindcss/dist/index.mjs:235:406
[[31merror[39m]     at eval (eval at create (file:///Users/mia/vesta-cx/vesta/node_modules/.pnpm/prettier-plugin-tailwindcss@0.7.2_prettier-plugin-astro@0.14.1_prettier-plugin-svelte@3_d4163ebf28de53b474e0228e4586fdcf/node_modules/prettier-plugin-tailwindcss/dist/index.mjs:106:78), <anonymous>:15:1)
[[31merror[39m]     at file:///Users/mia/vesta-cx/vesta/node_modules/.pnpm/prettier-plugin-tailwindcss@0.7.2_prettier-plugin-astro@0.14.1_prettier-plugin-svelte@3_d4163ebf28de53b474e0228e4586fdcf/node_modules/prettier-plugin-tailwindcss/dist/index.mjs:235:406
src/hooks.ts
[[31merror[39m] src/hooks.ts: Error: Can't resolve '$lib/styles/theme.css' in '/Users/mia/vesta-cx/vesta/packages/ui/src'
[[31merror[39m]     at h (file:///Users/mia/vesta-cx/vesta/node_modules/.pnpm/prettier-plugin-tailwindcss@0.7.2_prettier-plugin-astro@0.14.1_prettier-plugin-svelte@3_d4163ebf28de53b474e0228e4586fdcf/node_modules/prettier-plugin-tailwindcss/dist/index.mjs:231:4669)
[[31merror[39m]     at file:///Users/mia/vesta-cx/vesta/node_modules/.pnpm/prettier-plugin-tailwindcss@0.7.2_prettier-plugin-astro@0.14.1_prettier-plugin-svelte@3_d4163ebf28de53b474e0228e4586fdcf/node_modules/prettier-plugin-tailwindcss/dist/index.mjs:232:708
[[31merror[39m]     at file:///Users/mia/vesta-cx/vesta/node_modules/.pnpm/prettier-plugin-tailwindcss@0.7.2_prettier-plugin-astro@0.14.1_prettier-plugin-svelte@3_d4163ebf28de53b474e0228e4586fdcf/node_modules/prettier-plugin-tailwindcss/dist/index.mjs:235:406
[[31merror[39m]     at eval (eval at create (file:///Users/mia/vesta-cx/vesta/node_modules/.pnpm/prettier-plugin-tailwindcss@0.7.2_prettier-plugin-astro@0.14.1_prettier-plugin-svelte@3_d4163ebf28de53b474e0228e4586fdcf/node_modules/prettier-plugin-tailwindcss/dist/index.mjs:106:78), <anonymous>:15:1)
[[31merror[39m]     at file:///Users/mia/vesta-cx/vesta/node_modules/.pnpm/prettier-plugin-tailwindcss@0.7.2_prettier-plugin-astro@0.14.1_prettier-plugin-svelte@3_d4163ebf28de53b474e0228e4586fdcf/node_modules/prettier-plugin-tailwindcss/dist/index.mjs:235:406
[[31merror[39m]     at eval (eval at create (file:///Users/mia/vesta-cx/vesta/node_modules/.pnpm/prettier-plugin-tailwindcss@0.7.2_prettier-plugin-astro@0.14.1_prettier-plugin-svelte@3_d4163ebf28de53b474e0228e4586fdcf/node_modules/prettier-plugin-tailwindcss/dist/index.mjs:106:78), <anonymous>:27:1)
[[31merror[39m]     at file:///Users/mia/vesta-cx/vesta/node_modules/.pnpm/prettier-plugin-tailwindcss@0.7.2_prettier-plugin-astro@0.14.1_prettier-plugin-svelte@3_d4163ebf28de53b474e0228e4586fdcf/node_modules/prettier-plugin-tailwindcss/dist/index.mjs:102:12756
[[31merror[39m]     at file:///Users/mia/vesta-cx/vesta/node_modules/.pnpm/prettier-plugin-tailwindcss@0.7.2_prettier-plugin-astro@0.14.1_prettier-plugin-svelte@3_d4163ebf28de53b474e0228e4586fdcf/node_modules/prettier-plugin-tailwindcss/dist/index.mjs:235:406
[[31merror[39m]     at eval (eval at create (file:///Users/mia/vesta-cx/vesta/node_modules/.pnpm/prettier-plugin-tailwindcss@0.7.2_prettier-plugin-astro@0.14.1_prettier-plugin-svelte@3_d4163ebf28de53b474e0228e4586fdcf/node_modules/prettier-plugin-tailwindcss/dist/index.mjs:106:78), <anonymous>:15:1)
[[31merror[39m]     at file:///Users/mia/vesta-cx/vesta/node_modules/.pnpm/prettier-plugin-tailwindcss@0.7.2_prettier-plugin-astro@0.14.1_prettier-plugin-svelte@3_d4163ebf28de53b474e0228e4586fdcf/node_modules/prettier-plugin-tailwindcss/dist/index.mjs:235:406
src/lib/components/app-sidebar.svelte
[[31merror[39m] src/lib/components/app-sidebar.svelte: Error: Can't resolve '$lib/styles/theme.css' in '/Users/mia/vesta-cx/vesta/packages/ui/src'
[[31merror[39m]     at h (file:///Users/mia/vesta-cx/vesta/node_modules/.pnpm/prettier-plugin-tailwindcss@0.7.2_prettier-plugin-astro@0.14.1_prettier-plugin-svelte@3_d4163ebf28de53b474e0228e4586fdcf/node_modules/prettier-plugin-tailwindcss/dist/index.mjs:231:4669)
[[31merror[39m]     at file:///Users/mia/vesta-cx/vesta/node_modules/.pnpm/prettier-plugin-tailwindcss@0.7.2_prettier-plugin-astro@0.14.1_prettier-plugin-svelte@3_d4163ebf28de53b474e0228e4586fdcf/node_modules/prettier-plugin-tailwindcss/dist/index.mjs:232:708
[[31merror[39m]     at file:///Users/mia/vesta-cx/vesta/node_modules/.pnpm/prettier-plugin-tailwindcss@0.7.2_prettier-plugin-astro@0.14.1_prettier-plugin-svelte@3_d4163ebf28de53b474e0228e4586fdcf/node_modules/prettier-plugin-tailwindcss/dist/index.mjs:235:406
[[31merror[39m]     at eval (eval at create (file:///Users/mia/vesta-cx/vesta/node_modules/.pnpm/prettier-plugin-tailwindcss@0.7.2_prettier-plugin-astro@0.14.1_prettier-plugin-svelte@3_d4163ebf28de53b474e0228e4586fdcf/node_modules/prettier-plugin-tailwindcss/dist/index.mjs:106:78), <anonymous>:15:1)
[[31merror[39m]     at file:///Users/mia/vesta-cx/vesta/node_modules/.pnpm/prettier-plugin-tailwindcss@0.7.2_prettier-plugin-astro@0.14.1_prettier-plugin-svelte@3_d4163ebf28de53b474e0228e4586fdcf/node_modules/prettier-plugin-tailwindcss/dist/index.mjs:235:406
[[31merror[39m]     at eval (eval at create (file:///Users/mia/vesta-cx/vesta/node_modules/.pnpm/prettier-plugin-tailwindcss@0.7.2_prettier-plugin-astro@0.14.1_prettier-plugin-svelte@3_d4163ebf28de53b474e0228e4586fdcf/node_modules/prettier-plugin-tailwindcss/dist/index.mjs:106:78), <anonymous>:27:1)
[[31merror[39m]     at file:///Users/mia/vesta-cx/vesta/node_modules/.pnpm/prettier-plugin-tailwindcss@0.7.2_prettier-plugin-astro@0.14.1_prettier-plugin-svelte@3_d4163ebf28de53b474e0228e4586fdcf/node_modules/prettier-plugin-tailwindcss/dist/index.mjs:102:12756
[[31merror[39m]     at file:///Users/mia/vesta-cx/vesta/node_modules/.pnpm/prettier-plugin-tailwindcss@0.7.2_prettier-plugin-astro@0.14.1_prettier-plugin-svelte@3_d4163ebf28de53b474e0228e4586fdcf/node_modules/prettier-plugin-tailwindcss/dist/index.mjs:235:406
[[31merror[39m]     at eval (eval at create (file:///Users/mia/vesta-cx/vesta/node_modules/.pnpm/prettier-plugin-tailwindcss@0.7.2_prettier-plugin-astro@0.14.1_prettier-plugin-svelte@3_d4163ebf28de53b474e0228e4586fdcf/node_modules/prettier-plugin-tailwindcss/dist/index.mjs:106:78), <anonymous>:15:1)
[[31merror[39m]     at file:///Users/mia/vesta-cx/vesta/node_modules/.pnpm/prettier-plugin-tailwindcss@0.7.2_prettier-plugin-astro@0.14.1_prettier-plugin-svelte@3_d4163ebf28de53b474e0228e4586fdcf/node_modules/prettier-plugin-tailwindcss/dist/index.mjs:235:406
src/lib/components/index.ts
[[31merror[39m] src/lib/components/index.ts: Error: Can't resolve '$lib/styles/theme.css' in '/Users/mia/vesta-cx/vesta/packages/ui/src'
[[31merror[39m]     at h (file:///Users/mia/vesta-cx/vesta/node_modules/.pnpm/prettier-plugin-tailwindcss@0.7.2_prettier-plugin-astro@0.14.1_prettier-plugin-svelte@3_d4163ebf28de53b474e0228e4586fdcf/node_modules/prettier-plugin-tailwindcss/dist/index.mjs:231:4669)
[[31merror[39m]     at file:///Users/mia/vesta-cx/vesta/node_modules/.pnpm/prettier-plugin-tailwindcss@0.7.2_prettier-plugin-astro@0.14.1_prettier-plugin-svelte@3_d4163ebf28de53b474e0228e4586fdcf/node_modules/prettier-plugin-tailwindcss/dist/index.mjs:232:708
[[31merror[39m]     at file:///Users/mia/vesta-cx/vesta/node_modules/.pnpm/prettier-plugin-tailwindcss@0.7.2_prettier-plugin-astro@0.14.1_prettier-plugin-svelte@3_d4163ebf28de53b474e0228e4586fdcf/node_modules/prettier-plugin-tailwindcss/dist/index.mjs:235:406
[[31merror[39m]     at eval (eval at create (file:///Users/mia/vesta-cx/vesta/node_modules/.pnpm/prettier-plugin-tailwindcss@0.7.2_prettier-plugin-astro@0.14.1_prettier-plugin-svelte@3_d4163ebf28de53b474e0228e4586fdcf/node_modules/prettier-plugin-tailwindcss/dist/index.mjs:106:78), <anonymous>:15:1)
[[31merror[39m]     at file:///Users/mia/vesta-cx/vesta/node_modules/.pnpm/prettier-plugin-tailwindcss@0.7.2_prettier-plugin-astro@0.14.1_prettier-plugin-svelte@3_d4163ebf28de53b474e0228e4586fdcf/node_modules/prettier-plugin-tailwindcss/dist/index.mjs:235:406
[[31merror[39m]     at eval (eval at create (file:///Users/mia/vesta-cx/vesta/node_modules/.pnpm/prettier-plugin-tailwindcss@0.7.2_prettier-plugin-astro@0.14.1_prettier-plugin-svelte@3_d4163ebf28de53b474e0228e4586fdcf/node_modules/prettier-plugin-tailwindcss/dist/index.mjs:106:78), <anonymous>:27:1)
[[31merror[39m]     at file:///Users/mia/vesta-cx/vesta/node_modules/.pnpm/prettier-plugin-tailwindcss@0.7.2_prettier-plugin-astro@0.14.1_prettier-plugin-svelte@3_d4163ebf28de53b474e0228e4586fdcf/node_modules/prettier-plugin-tailwindcss/dist/index.mjs:102:12756
[[31merror[39m]     at file:///Users/mia/vesta-cx/vesta/node_modules/.pnpm/prettier-plugin-tailwindcss@0.7.2_prettier-plugin-astro@0.14.1_prettier-plugin-svelte@3_d4163ebf28de53b474e0228e4586fdcf/node_modules/prettier-plugin-tailwindcss/dist/index.mjs:235:406
[[31merror[39m]     at eval (eval at create (file:///Users/mia/vesta-cx/vesta/node_modules/.pnpm/prettier-plugin-tailwindcss@0.7.2_prettier-plugin-astro@0.14.1_prettier-plugin-svelte@3_d4163ebf28de53b474e0228e4586fdcf/node_modules/prettier-plugin-tailwindcss/dist/index.mjs:106:78), <anonymous>:15:1)
[[31merror[39m]     at file:///Users/mia/vesta-cx/vesta/node_modules/.pnpm/prettier-plugin-tailwindcss@0.7.2_prettier-plugin-astro@0.14.1_prettier-plugin-svelte@3_d4163ebf28de53b474e0228e4586fdcf/node_modules/prettier-plugin-tailwindcss/dist/index.mjs:235:406
src/lib/components/layout/footer/footer.svelte
[[31merror[39m] src/lib/components/layout/footer/footer.svelte: Error: Can't resolve '$lib/styles/theme.css' in '/Users/mia/vesta-cx/vesta/packages/ui/src'
[[31merror[39m]     at h (file:///Users/mia/vesta-cx/vesta/node_modules/.pnpm/prettier-plugin-tailwindcss@0.7.2_prettier-plugin-astro@0.14.1_prettier-plugin-svelte@3_d4163ebf28de53b474e0228e4586fdcf/node_modules/prettier-plugin-tailwindcss/dist/index.mjs:231:4669)
[[31merror[39m]     at file:///Users/mia/vesta-cx/vesta/node_modules/.pnpm/prettier-plugin-tailwindcss@0.7.2_prettier-plugin-astro@0.14.1_prettier-plugin-svelte@3_d4163ebf28de53b474e0228e4586fdcf/node_modules/prettier-plugin-tailwindcss/dist/index.mjs:232:708
[[31merror[39m]     at file:///Users/mia/vesta-cx/vesta/node_modules/.pnpm/prettier-plugin-tailwindcss@0.7.2_prettier-plugin-astro@0.14.1_prettier-plugin-svelte@3_d4163ebf28de53b474e0228e4586fdcf/node_modules/prettier-plugin-tailwindcss/dist/index.mjs:235:406
[[31merror[39m]     at eval (eval at create (file:///Users/mia/vesta-cx/vesta/node_modules/.pnpm/prettier-plugin-tailwindcss@0.7.2_prettier-plugin-astro@0.14.1_prettier-plugin-svelte@3_d4163ebf28de53b474e0228e4586fdcf/node_modules/prettier-plugin-tailwindcss/dist/index.mjs:106:78), <anonymous>:15:1)
[[31merror[39m]     at file:///Users/mia/vesta-cx/vesta/node_modules/.pnpm/prettier-plugin-tailwindcss@0.7.2_prettier-plugin-astro@0.14.1_prettier-plugin-svelte@3_d4163ebf28de53b474e0228e4586fdcf/node_modules/prettier-plugin-tailwindcss/dist/index.mjs:235:406
[[31merror[39m]     at eval (eval at create (file:///Users/mia/vesta-cx/vesta/node_modules/.pnpm/prettier-plugin-tailwindcss@0.7.2_prettier-plugin-astro@0.14.1_prettier-plugin-svelte@3_d4163ebf28de53b474e0228e4586fdcf/node_modules/prettier-plugin-tailwindcss/dist/index.mjs:106:78), <anonymous>:27:1)
[[31merror[39m]     at file:///Users/mia/vesta-cx/vesta/node_modules/.pnpm/prettier-plugin-tailwindcss@0.7.2_prettier-plugin-astro@0.14.1_prettier-plugin-svelte@3_d4163ebf28de53b474e0228e4586fdcf/node_modules/prettier-plugin-tailwindcss/dist/index.mjs:102:12756
[[31merror[39m]     at file:///Users/mia/vesta-cx/vesta/node_modules/.pnpm/prettier-plugin-tailwindcss@0.7.2_prettier-plugin-astro@0.14.1_prettier-plugin-svelte@3_d4163ebf28de53b474e0228e4586fdcf/node_modules/prettier-plugin-tailwindcss/dist/index.mjs:235:406
[[31merror[39m]     at eval (eval at create (file:///Users/mia/vesta-cx/vesta/node_modules/.pnpm/prettier-plugin-tailwindcss@0.7.2_prettier-plugin-astro@0.14.1_prettier-plugin-svelte@3_d4163ebf28de53b474e0228e4586fdcf/node_modules/prettier-plugin-tailwindcss/dist/index.mjs:106:78), <anonymous>:15:1)
[[31merror[39m]     at file:///Users/mia/vesta-cx/vesta/node_modules/.pnpm/prettier-plugin-tailwindcss@0.7.2_prettier-plugin-astro@0.14.1_prettier-plugin-svelte@3_d4163ebf28de53b474e0228e4586fdcf/node_modules/prettier-plugin-tailwindcss/dist/index.mjs:235:406
src/lib/components/layout/footer/index.ts
[[31merror[39m] src/lib/components/layout/footer/index.ts: Error: Can't resolve '$lib/styles/theme.css' in '/Users/mia/vesta-cx/vesta/packages/ui/src'
[[31merror[39m]     at h (file:///Users/mia/vesta-cx/vesta/node_modules/.pnpm/prettier-plugin-tailwindcss@0.7.2_prettier-plugin-astro@0.14.1_prettier-plugin-svelte@3_d4163ebf28de53b474e0228e4586fdcf/node_modules/prettier-plugin-tailwindcss/dist/index.mjs:231:4669)
[[31merror[39m]     at file:///Users/mia/vesta-cx/vesta/node_modules/.pnpm/prettier-plugin-tailwindcss@0.7.2_prettier-plugin-astro@0.14.1_prettier-plugin-svelte@3_d4163ebf28de53b474e0228e4586fdcf/node_modules/prettier-plugin-tailwindcss/dist/index.mjs:232:708
[[31merror[39m]     at file:///Users/mia/vesta-cx/vesta/node_modules/.pnpm/prettier-plugin-tailwindcss@0.7.2_prettier-plugin-astro@0.14.1_prettier-plugin-svelte@3_d4163ebf28de53b474e0228e4586fdcf/node_modules/prettier-plugin-tailwindcss/dist/index.mjs:235:406
[[31merror[39m]     at eval (eval at create (file:///Users/mia/vesta-cx/vesta/node_modules/.pnpm/prettier-plugin-tailwindcss@0.7.2_prettier-plugin-astro@0.14.1_prettier-plugin-svelte@3_d4163ebf28de53b474e0228e4586fdcf/node_modules/prettier-plugin-tailwindcss/dist/index.mjs:106:78), <anonymous>:15:1)
[[31merror[39m]     at file:///Users/mia/vesta-cx/vesta/node_modules/.pnpm/prettier-plugin-tailwindcss@0.7.2_prettier-plugin-astro@0.14.1_prettier-plugin-svelte@3_d4163ebf28de53b474e0228e4586fdcf/node_modules/prettier-plugin-tailwindcss/dist/index.mjs:235:406
[[31merror[39m]     at eval (eval at create (file:///Users/mia/vesta-cx/vesta/node_modules/.pnpm/prettier-plugin-tailwindcss@0.7.2_prettier-plugin-astro@0.14.1_prettier-plugin-svelte@3_d4163ebf28de53b474e0228e4586fdcf/node_modules/prettier-plugin-tailwindcss/dist/index.mjs:106:78), <anonymous>:27:1)
[[31merror[39m]     at file:///Users/mia/vesta-cx/vesta/node_modules/.pnpm/prettier-plugin-tailwindcss@0.7.2_prettier-plugin-astro@0.14.1_prettier-plugin-svelte@3_d4163ebf28de53b474e0228e4586fdcf/node_modules/prettier-plugin-tailwindcss/dist/index.mjs:102:12756
[[31merror[39m]     at file:///Users/mia/vesta-cx/vesta/node_modules/.pnpm/prettier-plugin-tailwindcss@0.7.2_prettier-plugin-astro@0.14.1_prettier-plugin-svelte@3_d4163ebf28de53b474e0228e4586fdcf/node_modules/prettier-plugin-tailwindcss/dist/index.mjs:235:406
[[31merror[39m]     at eval (eval at create (file:///Users/mia/vesta-cx/vesta/node_modules/.pnpm/prettier-plugin-tailwindcss@0.7.2_prettier-plugin-astro@0.14.1_prettier-plugin-svelte@3_d4163ebf28de53b474e0228e4586fdcf/node_modules/prettier-plugin-tailwindcss/dist/index.mjs:106:78), <anonymous>:15:1)
[[31merror[39m]     at file:///Users/mia/vesta-cx/vesta/node_modules/.pnpm/prettier-plugin-tailwindcss@0.7.2_prettier-plugin-astro@0.14.1_prettier-plugin-svelte@3_d4163ebf28de53b474e0228e4586fdcf/node_modules/prettier-plugin-tailwindcss/dist/index.mjs:235:406
src/lib/components/layout/header/header-actions.svelte
[[31merror[39m] src/lib/components/layout/header/header-actions.svelte: Error: Can't resolve '$lib/styles/theme.css' in '/Users/mia/vesta-cx/vesta/packages/ui/src'
[[31merror[39m]     at h (file:///Users/mia/vesta-cx/vesta/node_modules/.pnpm/prettier-plugin-tailwindcss@0.7.2_prettier-plugin-astro@0.14.1_prettier-plugin-svelte@3_d4163ebf28de53b474e0228e4586fdcf/node_modules/prettier-plugin-tailwindcss/dist/index.mjs:231:4669)
[[31merror[39m]     at file:///Users/mia/vesta-cx/vesta/node_modules/.pnpm/prettier-plugin-tailwindcss@0.7.2_prettier-plugin-astro@0.14.1_prettier-plugin-svelte@3_d4163ebf28de53b474e0228e4586fdcf/node_modules/prettier-plugin-tailwindcss/dist/index.mjs:232:708
[[31merror[39m]     at file:///Users/mia/vesta-cx/vesta/node_modules/.pnpm/prettier-plugin-tailwindcss@0.7.2_prettier-plugin-astro@0.14.1_prettier-plugin-svelte@3_d4163ebf28de53b474e0228e4586fdcf/node_modules/prettier-plugin-tailwindcss/dist/index.mjs:235:406
[[31merror[39m]     at eval (eval at create (file:///Users/mia/vesta-cx/vesta/node_modules/.pnpm/prettier-plugin-tailwindcss@0.7.2_prettier-plugin-astro@0.14.1_prettier-plugin-svelte@3_d4163ebf28de53b474e0228e4586fdcf/node_modules/prettier-plugin-tailwindcss/dist/index.mjs:106:78), <anonymous>:15:1)
[[31merror[39m]     at file:///Users/mia/vesta-cx/vesta/node_modules/.pnpm/prettier-plugin-tailwindcss@0.7.2_prettier-plugin-astro@0.14.1_prettier-plugin-svelte@3_d4163ebf28de53b474e0228e4586fdcf/node_modules/prettier-plugin-tailwindcss/dist/index.mjs:235:406
[[31merror[39m]     at eval (eval at create (file:///Users/mia/vesta-cx/vesta/node_modules/.pnpm/prettier-plugin-tailwindcss@0.7.2_prettier-plugin-astro@0.14.1_prettier-plugin-svelte@3_d4163ebf28de53b474e0228e4586fdcf/node_modules/prettier-plugin-tailwindcss/dist/index.mjs:106:78), <anonymous>:27:1)
[[31merror[39m]     at file:///Users/mia/vesta-cx/vesta/node_modules/.pnpm/prettier-plugin-tailwindcss@0.7.2_prettier-plugin-astro@0.14.1_prettier-plugin-svelte@3_d4163ebf28de53b474e0228e4586fdcf/node_modules/prettier-plugin-tailwindcss/dist/index.mjs:102:12756
[[31merror[39m]     at file:///Users/mia/vesta-cx/vesta/node_modules/.pnpm/prettier-plugin-tailwindcss@0.7.2_prettier-plugin-astro@0.14.1_prettier-plugin-svelte@3_d4163ebf28de53b474e0228e4586fdcf/node_modules/prettier-plugin-tailwindcss/dist/index.mjs:235:406
[[31merror[39m]     at eval (eval at create (file:///Users/mia/vesta-cx/vesta/node_modules/.pnpm/prettier-plugin-tailwindcss@0.7.2_prettier-plugin-astro@0.14.1_prettier-plugin-svelte@3_d4163ebf28de53b474e0228e4586fdcf/node_modules/prettier-plugin-tailwindcss/dist/index.mjs:106:78), <anonymous>:15:1)
[[31merror[39m]     at file:///Users/mia/vesta-cx/vesta/node_modules/.pnpm/prettier-plugin-tailwindcss@0.7.2_prettier-plugin-astro@0.14.1_prettier-plugin-svelte@3_d4163ebf28de53b474e0228e4586fdcf/node_modules/prettier-plugin-tailwindcss/dist/index.mjs:235:406
src/lib/components/layout/header/header-logo.svelte
[[31merror[39m] src/lib/components/layout/header/header-logo.svelte: Error: Can't resolve '$lib/styles/theme.css' in '/Users/mia/vesta-cx/vesta/packages/ui/src'
[[31merror[39m]     at h (file:///Users/mia/vesta-cx/vesta/node_modules/.pnpm/prettier-plugin-tailwindcss@0.7.2_prettier-plugin-astro@0.14.1_prettier-plugin-svelte@3_d4163ebf28de53b474e0228e4586fdcf/node_modules/prettier-plugin-tailwindcss/dist/index.mjs:231:4669)
[[31merror[39m]     at file:///Users/mia/vesta-cx/vesta/node_modules/.pnpm/prettier-plugin-tailwindcss@0.7.2_prettier-plugin-astro@0.14.1_prettier-plugin-svelte@3_d4163ebf28de53b474e0228e4586fdcf/node_modules/prettier-plugin-tailwindcss/dist/index.mjs:232:708
[[31merror[39m]     at file:///Users/mia/vesta-cx/vesta/node_modules/.pnpm/prettier-plugin-tailwindcss@0.7.2_prettier-plugin-astro@0.14.1_prettier-plugin-svelte@3_d4163ebf28de53b474e0228e4586fdcf/node_modules/prettier-plugin-tailwindcss/dist/index.mjs:235:406
[[31merror[39m]     at eval (eval at create (file:///Users/mia/vesta-cx/vesta/node_modules/.pnpm/prettier-plugin-tailwindcss@0.7.2_prettier-plugin-astro@0.14.1_prettier-plugin-svelte@3_d4163ebf28de53b474e0228e4586fdcf/node_modules/prettier-plugin-tailwindcss/dist/index.mjs:106:78), <anonymous>:15:1)
[[31merror[39m]     at file:///Users/mia/vesta-cx/vesta/node_modules/.pnpm/prettier-plugin-tailwindcss@0.7.2_prettier-plugin-astro@0.14.1_prettier-plugin-svelte@3_d4163ebf28de53b474e0228e4586fdcf/node_modules/prettier-plugin-tailwindcss/dist/index.mjs:235:406
[[31merror[39m]     at eval (eval at create (file:///Users/mia/vesta-cx/vesta/node_modules/.pnpm/prettier-plugin-tailwindcss@0.7.2_prettier-plugin-astro@0.14.1_prettier-plugin-svelte@3_d4163ebf28de53b474e0228e4586fdcf/node_modules/prettier-plugin-tailwindcss/dist/index.mjs:106:78), <anonymous>:27:1)
[[31merror[39m]     at file:///Users/mia/vesta-cx/vesta/node_modules/.pnpm/prettier-plugin-tailwindcss@0.7.2_prettier-plugin-astro@0.14.1_prettier-plugin-svelte@3_d4163ebf28de53b474e0228e4586fdcf/node_modules/prettier-plugin-tailwindcss/dist/index.mjs:102:12756
[[31merror[39m]     at file:///Users/mia/vesta-cx/vesta/node_modules/.pnpm/prettier-plugin-tailwindcss@0.7.2_prettier-plugin-astro@0.14.1_prettier-plugin-svelte@3_d4163ebf28de53b474e0228e4586fdcf/node_modules/prettier-plugin-tailwindcss/dist/index.mjs:235:406
[[31merror[39m]     at eval (eval at create (file:///Users/mia/vesta-cx/vesta/node_modules/.pnpm/prettier-plugin-tailwindcss@0.7.2_prettier-plugin-astro@0.14.1_prettier-plugin-svelte@3_d4163ebf28de53b474e0228e4586fdcf/node_modules/prettier-plugin-tailwindcss/dist/index.mjs:106:78), <anonymous>:15:1)
[[31merror[39m]     at file:///Users/mia/vesta-cx/vesta/node_modules/.pnpm/prettier-plugin-tailwindcss@0.7.2_prettier-plugin-astro@0.14.1_prettier-plugin-svelte@3_d4163ebf28de53b474e0228e4586fdcf/node_modules/prettier-plugin-tailwindcss/dist/index.mjs:235:406
src/lib/components/layout/header/header-navigation.svelte
[[31merror[39m] src/lib/components/layout/header/header-navigation.svelte: Error: Can't resolve '$lib/styles/theme.css' in '/Users/mia/vesta-cx/vesta/packages/ui/src'
[[31merror[39m]     at h (file:///Users/mia/vesta-cx/vesta/node_modules/.pnpm/prettier-plugin-tailwindcss@0.7.2_prettier-plugin-astro@0.14.1_prettier-plugin-svelte@3_d4163ebf28de53b474e0228e4586fdcf/node_modules/prettier-plugin-tailwindcss/dist/index.mjs:231:4669)
[[31merror[39m]     at file:///Users/mia/vesta-cx/vesta/node_modules/.pnpm/prettier-plugin-tailwindcss@0.7.2_prettier-plugin-astro@0.14.1_prettier-plugin-svelte@3_d4163ebf28de53b474e0228e4586fdcf/node_modules/prettier-plugin-tailwindcss/dist/index.mjs:232:708
[[31merror[39m]     at file:///Users/mia/vesta-cx/vesta/node_modules/.pnpm/prettier-plugin-tailwindcss@0.7.2_prettier-plugin-astro@0.14.1_prettier-plugin-svelte@3_d4163ebf28de53b474e0228e4586fdcf/node_modules/prettier-plugin-tailwindcss/dist/index.mjs:235:406
[[31merror[39m]     at eval (eval at create (file:///Users/mia/vesta-cx/vesta/node_modules/.pnpm/prettier-plugin-tailwindcss@0.7.2_prettier-plugin-astro@0.14.1_prettier-plugin-svelte@3_d4163ebf28de53b474e0228e4586fdcf/node_modules/prettier-plugin-tailwindcss/dist/index.mjs:106:78), <anonymous>:15:1)
[[31merror[39m]     at file:///Users/mia/vesta-cx/vesta/node_modules/.pnpm/prettier-plugin-tailwindcss@0.7.2_prettier-plugin-astro@0.14.1_prettier-plugin-svelte@3_d4163ebf28de53b474e0228e4586fdcf/node_modules/prettier-plugin-tailwindcss/dist/index.mjs:235:406
[[31merror[39m]     at eval (eval at create (file:///Users/mia/vesta-cx/vesta/node_modules/.pnpm/prettier-plugin-tailwindcss@0.7.2_prettier-plugin-astro@0.14.1_prettier-plugin-svelte@3_d4163ebf28de53b474e0228e4586fdcf/node_modules/prettier-plugin-tailwindcss/dist/index.mjs:106:78), <anonymous>:27:1)
[[31merror[39m]     at file:///Users/mia/vesta-cx/vesta/node_modules/.pnpm/prettier-plugin-tailwindcss@0.7.2_prettier-plugin-astro@0.14.1_prettier-plugin-svelte@3_d4163ebf28de53b474e0228e4586fdcf/node_modules/prettier-plugin-tailwindcss/dist/index.mjs:102:12756
[[31merror[39m]     at file:///Users/mia/vesta-cx/vesta/node_modules/.pnpm/prettier-plugin-tailwindcss@0.7.2_prettier-plugin-astro@0.14.1_prettier-plugin-svelte@3_d4163ebf28de53b474e0228e4586fdcf/node_modules/prettier-plugin-tailwindcss/dist/index.mjs:235:406
[[31merror[39m]     at eval (eval at create (file:///Users/mia/vesta-cx/vesta/node_modules/.pnpm/prettier-plugin-tailwindcss@0.7.2_prettier-plugin-astro@0.14.1_prettier-plugin-svelte@3_d4163ebf28de53b474e0228e4586fdcf/node_modules/prettier-plugin-tailwindcss/dist/index.mjs:106:78), <anonymous>:15:1)
[[31merror[39m]     at file:///Users/mia/vesta-cx/vesta/node_modules/.pnpm/prettier-plugin-tailwindcss@0.7.2_prettier-plugin-astro@0.14.1_prettier-plugin-svelte@3_d4163ebf28de53b474e0228e4586fdcf/node_modules/prettier-plugin-tailwindcss/dist/index.mjs:235:406
src/lib/components/layout/header/header.svelte
[[31merror[39m] src/lib/components/layout/header/header.svelte: Error: Can't resolve '$lib/styles/theme.css' in '/Users/mia/vesta-cx/vesta/packages/ui/src'
[[31merror[39m]     at h (file:///Users/mia/vesta-cx/vesta/node_modules/.pnpm/prettier-plugin-tailwindcss@0.7.2_prettier-plugin-astro@0.14.1_prettier-plugin-svelte@3_d4163ebf28de53b474e0228e4586fdcf/node_modules/prettier-plugin-tailwindcss/dist/index.mjs:231:4669)
[[31merror[39m]     at file:///Users/mia/vesta-cx/vesta/node_modules/.pnpm/prettier-plugin-tailwindcss@0.7.2_prettier-plugin-astro@0.14.1_prettier-plugin-svelte@3_d4163ebf28de53b474e0228e4586fdcf/node_modules/prettier-plugin-tailwindcss/dist/index.mjs:232:708
[[31merror[39m]     at file:///Users/mia/vesta-cx/vesta/node_modules/.pnpm/prettier-plugin-tailwindcss@0.7.2_prettier-plugin-astro@0.14.1_prettier-plugin-svelte@3_d4163ebf28de53b474e0228e4586fdcf/node_modules/prettier-plugin-tailwindcss/dist/index.mjs:235:406
[[31merror[39m]     at eval (eval at create (file:///Users/mia/vesta-cx/vesta/node_modules/.pnpm/prettier-plugin-tailwindcss@0.7.2_prettier-plugin-astro@0.14.1_prettier-plugin-svelte@3_d4163ebf28de53b474e0228e4586fdcf/node_modules/prettier-plugin-tailwindcss/dist/index.mjs:106:78), <anonymous>:15:1)
[[31merror[39m]     at file:///Users/mia/vesta-cx/vesta/node_modules/.pnpm/prettier-plugin-tailwindcss@0.7.2_prettier-plugin-astro@0.14.1_prettier-plugin-svelte@3_d4163ebf28de53b474e0228e4586fdcf/node_modules/prettier-plugin-tailwindcss/dist/index.mjs:235:406
[[31merror[39m]     at eval (eval at create (file:///Users/mia/vesta-cx/vesta/node_modules/.pnpm/prettier-plugin-tailwindcss@0.7.2_prettier-plugin-astro@0.14.1_prettier-plugin-svelte@3_d4163ebf28de53b474e0228e4586fdcf/node_modules/prettier-plugin-tailwindcss/dist/index.mjs:106:78), <anonymous>:27:1)
[[31merror[39m]     at file:///Users/mia/vesta-cx/vesta/node_modules/.pnpm/prettier-plugin-tailwindcss@0.7.2_prettier-plugin-astro@0.14.1_prettier-plugin-svelte@3_d4163ebf28de53b474e0228e4586fdcf/node_modules/prettier-plugin-tailwindcss/dist/index.mjs:102:12756
[[31merror[39m]     at file:///Users/mia/vesta-cx/vesta/node_modules/.pnpm/prettier-plugin-tailwindcss@0.7.2_prettier-plugin-astro@0.14.1_prettier-plugin-svelte@3_d4163ebf28de53b474e0228e4586fdcf/node_modules/prettier-plugin-tailwindcss/dist/index.mjs:235:406
[[31merror[39m]     at eval (eval at create (file:///Users/mia/vesta-cx/vesta/node_modules/.pnpm/prettier-plugin-tailwindcss@0.7.2_prettier-plugin-astro@0.14.1_prettier-plugin-svelte@3_d4163ebf28de53b474e0228e4586fdcf/node_modules/prettier-plugin-tailwindcss/dist/index.mjs:106:78), <anonymous>:15:1)
[[31merror[39m]     at file:///Users/mia/vesta-cx/vesta/node_modules/.pnpm/prettier-plugin-tailwindcss@0.7.2_prettier-plugin-astro@0.14.1_prettier-plugin-svelte@3_d4163ebf28de53b474e0228e4586fdcf/node_modules/prettier-plugin-tailwindcss/dist/index.mjs:235:406
src/lib/components/layout/header/index.ts
[[31merror[39m] src/lib/components/layout/header/index.ts: Error: Can't resolve '$lib/styles/theme.css' in '/Users/mia/vesta-cx/vesta/packages/ui/src'
[[31merror[39m]     at h (file:///Users/mia/vesta-cx/vesta/node_modules/.pnpm/prettier-plugin-tailwindcss@0.7.2_prettier-plugin-astro@0.14.1_prettier-plugin-svelte@3_d4163ebf28de53b474e0228e4586fdcf/node_modules/prettier-plugin-tailwindcss/dist/index.mjs:231:4669)
[[31merror[39m]     at file:///Users/mia/vesta-cx/vesta/node_modules/.pnpm/prettier-plugin-tailwindcss@0.7.2_prettier-plugin-astro@0.14.1_prettier-plugin-svelte@3_d4163ebf28de53b474e0228e4586fdcf/node_modules/prettier-plugin-tailwindcss/dist/index.mjs:232:708
[[31merror[39m]     at file:///Users/mia/vesta-cx/vesta/node_modules/.pnpm/prettier-plugin-tailwindcss@0.7.2_prettier-plugin-astro@0.14.1_prettier-plugin-svelte@3_d4163ebf28de53b474e0228e4586fdcf/node_modules/prettier-plugin-tailwindcss/dist/index.mjs:235:406
[[31merror[39m]     at eval (eval at create (file:///Users/mia/vesta-cx/vesta/node_modules/.pnpm/prettier-plugin-tailwindcss@0.7.2_prettier-plugin-astro@0.14.1_prettier-plugin-svelte@3_d4163ebf28de53b474e0228e4586fdcf/node_modules/prettier-plugin-tailwindcss/dist/index.mjs:106:78), <anonymous>:15:1)
[[31merror[39m]     at file:///Users/mia/vesta-cx/vesta/node_modules/.pnpm/prettier-plugin-tailwindcss@0.7.2_prettier-plugin-astro@0.14.1_prettier-plugin-svelte@3_d4163ebf28de53b474e0228e4586fdcf/node_modules/prettier-plugin-tailwindcss/dist/index.mjs:235:406
[[31merror[39m]     at eval (eval at create (file:///Users/mia/vesta-cx/vesta/node_modules/.pnpm/prettier-plugin-tailwindcss@0.7.2_prettier-plugin-astro@0.14.1_prettier-plugin-svelte@3_d4163ebf28de53b474e0228e4586fdcf/node_modules/prettier-plugin-tailwindcss/dist/index.mjs:106:78), <anonymous>:27:1)
[[31merror[39m]     at file:///Users/mia/vesta-cx/vesta/node_modules/.pnpm/prettier-plugin-tailwindcss@0.7.2_prettier-plugin-astro@0.14.1_prettier-plugin-svelte@3_d4163ebf28de53b474e0228e4586fdcf/node_modules/prettier-plugin-tailwindcss/dist/index.mjs:102:12756
[[31merror[39m]     at file:///Users/mia/vesta-cx/vesta/node_modules/.pnpm/prettier-plugin-tailwindcss@0.7.2_prettier-plugin-astro@0.14.1_prettier-plugin-svelte@3_d4163ebf28de53b474e0228e4586fdcf/node_modules/prettier-plugin-tailwindcss/dist/index.mjs:235:406
[[31merror[39m]     at eval (eval at create (file:///Users/mia/vesta-cx/vesta/node_modules/.pnpm/prettier-plugin-tailwindcss@0.7.2_prettier-plugin-astro@0.14.1_prettier-plugin-svelte@3_d4163ebf28de53b474e0228e4586fdcf/node_modules/prettier-plugin-tailwindcss/dist/index.mjs:106:78), <anonymous>:15:1)
[[31merror[39m]     at file:///Users/mia/vesta-cx/vesta/node_modules/.pnpm/prettier-plugin-tailwindcss@0.7.2_prettier-plugin-astro@0.14.1_prettier-plugin-svelte@3_d4163ebf28de53b474e0228e4586fdcf/node_modules/prettier-plugin-tailwindcss/dist/index.mjs:235:406
src/lib/components/layout/index.ts
[[31merror[39m] src/lib/components/layout/index.ts: Error: Can't resolve '$lib/styles/theme.css' in '/Users/mia/vesta-cx/vesta/packages/ui/src'
[[31merror[39m]     at h (file:///Users/mia/vesta-cx/vesta/node_modules/.pnpm/prettier-plugin-tailwindcss@0.7.2_prettier-plugin-astro@0.14.1_prettier-plugin-svelte@3_d4163ebf28de53b474e0228e4586fdcf/node_modules/prettier-plugin-tailwindcss/dist/index.mjs:231:4669)
[[31merror[39m]     at file:///Users/mia/vesta-cx/vesta/node_modules/.pnpm/prettier-plugin-tailwindcss@0.7.2_prettier-plugin-astro@0.14.1_prettier-plugin-svelte@3_d4163ebf28de53b474e0228e4586fdcf/node_modules/prettier-plugin-tailwindcss/dist/index.mjs:232:708
[[31merror[39m]     at file:///Users/mia/vesta-cx/vesta/node_modules/.pnpm/prettier-plugin-tailwindcss@0.7.2_prettier-plugin-astro@0.14.1_prettier-plugin-svelte@3_d4163ebf28de53b474e0228e4586fdcf/node_modules/prettier-plugin-tailwindcss/dist/index.mjs:235:406
[[31merror[39m]     at eval (eval at create (file:///Users/mia/vesta-cx/vesta/node_modules/.pnpm/prettier-plugin-tailwindcss@0.7.2_prettier-plugin-astro@0.14.1_prettier-plugin-svelte@3_d4163ebf28de53b474e0228e4586fdcf/node_modules/prettier-plugin-tailwindcss/dist/index.mjs:106:78), <anonymous>:15:1)
[[31merror[39m]     at file:///Users/mia/vesta-cx/vesta/node_modules/.pnpm/prettier-plugin-tailwindcss@0.7.2_prettier-plugin-astro@0.14.1_prettier-plugin-svelte@3_d4163ebf28de53b474e0228e4586fdcf/node_modules/prettier-plugin-tailwindcss/dist/index.mjs:235:406
[[31merror[39m]     at eval (eval at create (file:///Users/mia/vesta-cx/vesta/node_modules/.pnpm/prettier-plugin-tailwindcss@0.7.2_prettier-plugin-astro@0.14.1_prettier-plugin-svelte@3_d4163ebf28de53b474e0228e4586fdcf/node_modules/prettier-plugin-tailwindcss/dist/index.mjs:106:78), <anonymous>:27:1)
[[31merror[39m]     at file:///Users/mia/vesta-cx/vesta/node_modules/.pnpm/prettier-plugin-tailwindcss@0.7.2_prettier-plugin-astro@0.14.1_prettier-plugin-svelte@3_d4163ebf28de53b474e0228e4586fdcf/node_modules/prettier-plugin-tailwindcss/dist/index.mjs:102:12756
[[31merror[39m]     at file:///Users/mia/vesta-cx/vesta/node_modules/.pnpm/prettier-plugin-tailwindcss@0.7.2_prettier-plugin-astro@0.14.1_prettier-plugin-svelte@3_d4163ebf28de53b474e0228e4586fdcf/node_modules/prettier-plugin-tailwindcss/dist/index.mjs:235:406
[[31merror[39m]     at eval (eval at create (file:///Users/mia/vesta-cx/vesta/node_modules/.pnpm/prettier-plugin-tailwindcss@0.7.2_prettier-plugin-astro@0.14.1_prettier-plugin-svelte@3_d4163ebf28de53b474e0228e4586fdcf/node_modules/prettier-plugin-tailwindcss/dist/index.mjs:106:78), <anonymous>:15:1)
[[31merror[39m]     at file:///Users/mia/vesta-cx/vesta/node_modules/.pnpm/prettier-plugin-tailwindcss@0.7.2_prettier-plugin-astro@0.14.1_prettier-plugin-svelte@3_d4163ebf28de53b474e0228e4586fdcf/node_modules/prettier-plugin-tailwindcss/dist/index.mjs:235:406
src/lib/components/layout/main/index.ts
[[31merror[39m] src/lib/components/layout/main/index.ts: Error: Can't resolve '$lib/styles/theme.css' in '/Users/mia/vesta-cx/vesta/packages/ui/src'
[[31merror[39m]     at h (file:///Users/mia/vesta-cx/vesta/node_modules/.pnpm/prettier-plugin-tailwindcss@0.7.2_prettier-plugin-astro@0.14.1_prettier-plugin-svelte@3_d4163ebf28de53b474e0228e4586fdcf/node_modules/prettier-plugin-tailwindcss/dist/index.mjs:231:4669)
[[31merror[39m]     at file:///Users/mia/vesta-cx/vesta/node_modules/.pnpm/prettier-plugin-tailwindcss@0.7.2_prettier-plugin-astro@0.14.1_prettier-plugin-svelte@3_d4163ebf28de53b474e0228e4586fdcf/node_modules/prettier-plugin-tailwindcss/dist/index.mjs:232:708
[[31merror[39m]     at file:///Users/mia/vesta-cx/vesta/node_modules/.pnpm/prettier-plugin-tailwindcss@0.7.2_prettier-plugin-astro@0.14.1_prettier-plugin-svelte@3_d4163ebf28de53b474e0228e4586fdcf/node_modules/prettier-plugin-tailwindcss/dist/index.mjs:235:406
[[31merror[39m]     at eval (eval at create (file:///Users/mia/vesta-cx/vesta/node_modules/.pnpm/prettier-plugin-tailwindcss@0.7.2_prettier-plugin-astro@0.14.1_prettier-plugin-svelte@3_d4163ebf28de53b474e0228e4586fdcf/node_modules/prettier-plugin-tailwindcss/dist/index.mjs:106:78), <anonymous>:15:1)
[[31merror[39m]     at file:///Users/mia/vesta-cx/vesta/node_modules/.pnpm/prettier-plugin-tailwindcss@0.7.2_prettier-plugin-astro@0.14.1_prettier-plugin-svelte@3_d4163ebf28de53b474e0228e4586fdcf/node_modules/prettier-plugin-tailwindcss/dist/index.mjs:235:406
[[31merror[39m]     at eval (eval at create (file:///Users/mia/vesta-cx/vesta/node_modules/.pnpm/prettier-plugin-tailwindcss@0.7.2_prettier-plugin-astro@0.14.1_prettier-plugin-svelte@3_d4163ebf28de53b474e0228e4586fdcf/node_modules/prettier-plugin-tailwindcss/dist/index.mjs:106:78), <anonymous>:27:1)
[[31merror[39m]     at file:///Users/mia/vesta-cx/vesta/node_modules/.pnpm/prettier-plugin-tailwindcss@0.7.2_prettier-plugin-astro@0.14.1_prettier-plugin-svelte@3_d4163ebf28de53b474e0228e4586fdcf/node_modules/prettier-plugin-tailwindcss/dist/index.mjs:102:12756
[[31merror[39m]     at file:///Users/mia/vesta-cx/vesta/node_modules/.pnpm/prettier-plugin-tailwindcss@0.7.2_prettier-plugin-astro@0.14.1_prettier-plugin-svelte@3_d4163ebf28de53b474e0228e4586fdcf/node_modules/prettier-plugin-tailwindcss/dist/index.mjs:235:406
[[31merror[39m]     at eval (eval at create (file:///Users/mia/vesta-cx/vesta/node_modules/.pnpm/prettier-plugin-tailwindcss@0.7.2_prettier-plugin-astro@0.14.1_prettier-plugin-svelte@3_d4163ebf28de53b474e0228e4586fdcf/node_modules/prettier-plugin-tailwindcss/dist/index.mjs:106:78), <anonymous>:15:1)
[[31merror[39m]     at file:///Users/mia/vesta-cx/vesta/node_modules/.pnpm/prettier-plugin-tailwindcss@0.7.2_prettier-plugin-astro@0.14.1_prettier-plugin-svelte@3_d4163ebf28de53b474e0228e4586fdcf/node_modules/prettier-plugin-tailwindcss/dist/index.mjs:235:406
src/lib/components/layout/main/main.svelte
[[31merror[39m] src/lib/components/layout/main/main.svelte: Error: Can't resolve '$lib/styles/theme.css' in '/Users/mia/vesta-cx/vesta/packages/ui/src'
[[31merror[39m]     at h (file:///Users/mia/vesta-cx/vesta/node_modules/.pnpm/prettier-plugin-tailwindcss@0.7.2_prettier-plugin-astro@0.14.1_prettier-plugin-svelte@3_d4163ebf28de53b474e0228e4586fdcf/node_modules/prettier-plugin-tailwindcss/dist/index.mjs:231:4669)
[[31merror[39m]     at file:///Users/mia/vesta-cx/vesta/node_modules/.pnpm/prettier-plugin-tailwindcss@0.7.2_prettier-plugin-astro@0.14.1_prettier-plugin-svelte@3_d4163ebf28de53b474e0228e4586fdcf/node_modules/prettier-plugin-tailwindcss/dist/index.mjs:232:708
[[31merror[39m]     at file:///Users/mia/vesta-cx/vesta/node_modules/.pnpm/prettier-plugin-tailwindcss@0.7.2_prettier-plugin-astro@0.14.1_prettier-plugin-svelte@3_d4163ebf28de53b474e0228e4586fdcf/node_modules/prettier-plugin-tailwindcss/dist/index.mjs:235:406
[[31merror[39m]     at eval (eval at create (file:///Users/mia/vesta-cx/vesta/node_modules/.pnpm/prettier-plugin-tailwindcss@0.7.2_prettier-plugin-astro@0.14.1_prettier-plugin-svelte@3_d4163ebf28de53b474e0228e4586fdcf/node_modules/prettier-plugin-tailwindcss/dist/index.mjs:106:78), <anonymous>:15:1)
[[31merror[39m]     at file:///Users/mia/vesta-cx/vesta/node_modules/.pnpm/prettier-plugin-tailwindcss@0.7.2_prettier-plugin-astro@0.14.1_prettier-plugin-svelte@3_d4163ebf28de53b474e0228e4586fdcf/node_modules/prettier-plugin-tailwindcss/dist/index.mjs:235:406
[[31merror[39m]     at eval (eval at create (file:///Users/mia/vesta-cx/vesta/node_modules/.pnpm/prettier-plugin-tailwindcss@0.7.2_prettier-plugin-astro@0.14.1_prettier-plugin-svelte@3_d4163ebf28de53b474e0228e4586fdcf/node_modules/prettier-plugin-tailwindcss/dist/index.mjs:106:78), <anonymous>:27:1)
[[31merror[39m]     at file:///Users/mia/vesta-cx/vesta/node_modules/.pnpm/prettier-plugin-tailwindcss@0.7.2_prettier-plugin-astro@0.14.1_prettier-plugin-svelte@3_d4163ebf28de53b474e0228e4586fdcf/node_modules/prettier-plugin-tailwindcss/dist/index.mjs:102:12756
[[31merror[39m]     at file:///Users/mia/vesta-cx/vesta/node_modules/.pnpm/prettier-plugin-tailwindcss@0.7.2_prettier-plugin-astro@0.14.1_prettier-plugin-svelte@3_d4163ebf28de53b474e0228e4586fdcf/node_modules/prettier-plugin-tailwindcss/dist/index.mjs:235:406
[[31merror[39m]     at eval (eval at create (file:///Users/mia/vesta-cx/vesta/node_modules/.pnpm/prettier-plugin-tailwindcss@0.7.2_prettier-plugin-astro@0.14.1_prettier-plugin-svelte@3_d4163ebf28de53b474e0228e4586fdcf/node_modules/prettier-plugin-tailwindcss/dist/index.mjs:106:78), <anonymous>:15:1)
[[31merror[39m]     at file:///Users/mia/vesta-cx/vesta/node_modules/.pnpm/prettier-plugin-tailwindcss@0.7.2_prettier-plugin-astro@0.14.1_prettier-plugin-svelte@3_d4163ebf28de53b474e0228e4586fdcf/node_modules/prettier-plugin-tailwindcss/dist/index.mjs:235:406
src/lib/components/layout/section/index.ts
[[31merror[39m] src/lib/components/layout/section/index.ts: Error: Can't resolve '$lib/styles/theme.css' in '/Users/mia/vesta-cx/vesta/packages/ui/src'
[[31merror[39m]     at h (file:///Users/mia/vesta-cx/vesta/node_modules/.pnpm/prettier-plugin-tailwindcss@0.7.2_prettier-plugin-astro@0.14.1_prettier-plugin-svelte@3_d4163ebf28de53b474e0228e4586fdcf/node_modules/prettier-plugin-tailwindcss/dist/index.mjs:231:4669)
[[31merror[39m]     at file:///Users/mia/vesta-cx/vesta/node_modules/.pnpm/prettier-plugin-tailwindcss@0.7.2_prettier-plugin-astro@0.14.1_prettier-plugin-svelte@3_d4163ebf28de53b474e0228e4586fdcf/node_modules/prettier-plugin-tailwindcss/dist/index.mjs:232:708
[[31merror[39m]     at file:///Users/mia/vesta-cx/vesta/node_modules/.pnpm/prettier-plugin-tailwindcss@0.7.2_prettier-plugin-astro@0.14.1_prettier-plugin-svelte@3_d4163ebf28de53b474e0228e4586fdcf/node_modules/prettier-plugin-tailwindcss/dist/index.mjs:235:406
[[31merror[39m]     at eval (eval at create (file:///Users/mia/vesta-cx/vesta/node_modules/.pnpm/prettier-plugin-tailwindcss@0.7.2_prettier-plugin-astro@0.14.1_prettier-plugin-svelte@3_d4163ebf28de53b474e0228e4586fdcf/node_modules/prettier-plugin-tailwindcss/dist/index.mjs:106:78), <anonymous>:15:1)
[[31merror[39m]     at file:///Users/mia/vesta-cx/vesta/node_modules/.pnpm/prettier-plugin-tailwindcss@0.7.2_prettier-plugin-astro@0.14.1_prettier-plugin-svelte@3_d4163ebf28de53b474e0228e4586fdcf/node_modules/prettier-plugin-tailwindcss/dist/index.mjs:235:406
[[31merror[39m]     at eval (eval at create (file:///Users/mia/vesta-cx/vesta/node_modules/.pnpm/prettier-plugin-tailwindcss@0.7.2_prettier-plugin-astro@0.14.1_prettier-plugin-svelte@3_d4163ebf28de53b474e0228e4586fdcf/node_modules/prettier-plugin-tailwindcss/dist/index.mjs:106:78), <anonymous>:27:1)
[[31merror[39m]     at file:///Users/mia/vesta-cx/vesta/node_modules/.pnpm/prettier-plugin-tailwindcss@0.7.2_prettier-plugin-astro@0.14.1_prettier-plugin-svelte@3_d4163ebf28de53b474e0228e4586fdcf/node_modules/prettier-plugin-tailwindcss/dist/index.mjs:102:12756
[[31merror[39m]     at file:///Users/mia/vesta-cx/vesta/node_modules/.pnpm/prettier-plugin-tailwindcss@0.7.2_prettier-plugin-astro@0.14.1_prettier-plugin-svelte@3_d4163ebf28de53b474e0228e4586fdcf/node_modules/prettier-plugin-tailwindcss/dist/index.mjs:235:406
[[31merror[39m]     at eval (eval at create (file:///Users/mia/vesta-cx/vesta/node_modules/.pnpm/prettier-plugin-tailwindcss@0.7.2_prettier-plugin-astro@0.14.1_prettier-plugin-svelte@3_d4163ebf28de53b474e0228e4586fdcf/node_modules/prettier-plugin-tailwindcss/dist/index.mjs:106:78), <anonymous>:15:1)
[[31merror[39m]     at file:///Users/mia/vesta-cx/vesta/node_modules/.pnpm/prettier-plugin-tailwindcss@0.7.2_prettier-plugin-astro@0.14.1_prettier-plugin-svelte@3_d4163ebf28de53b474e0228e4586fdcf/node_modules/prettier-plugin-tailwindcss/dist/index.mjs:235:406
src/lib/components/layout/section/section-background.svelte
[[31merror[39m] src/lib/components/layout/section/section-background.svelte: Error: Can't resolve '$lib/styles/theme.css' in '/Users/mia/vesta-cx/vesta/packages/ui/src'
[[31merror[39m]     at h (file:///Users/mia/vesta-cx/vesta/node_modules/.pnpm/prettier-plugin-tailwindcss@0.7.2_prettier-plugin-astro@0.14.1_prettier-plugin-svelte@3_d4163ebf28de53b474e0228e4586fdcf/node_modules/prettier-plugin-tailwindcss/dist/index.mjs:231:4669)
[[31merror[39m]     at file:///Users/mia/vesta-cx/vesta/node_modules/.pnpm/prettier-plugin-tailwindcss@0.7.2_prettier-plugin-astro@0.14.1_prettier-plugin-svelte@3_d4163ebf28de53b474e0228e4586fdcf/node_modules/prettier-plugin-tailwindcss/dist/index.mjs:232:708
[[31merror[39m]     at file:///Users/mia/vesta-cx/vesta/node_modules/.pnpm/prettier-plugin-tailwindcss@0.7.2_prettier-plugin-astro@0.14.1_prettier-plugin-svelte@3_d4163ebf28de53b474e0228e4586fdcf/node_modules/prettier-plugin-tailwindcss/dist/index.mjs:235:406
[[31merror[39m]     at eval (eval at create (file:///Users/mia/vesta-cx/vesta/node_modules/.pnpm/prettier-plugin-tailwindcss@0.7.2_prettier-plugin-astro@0.14.1_prettier-plugin-svelte@3_d4163ebf28de53b474e0228e4586fdcf/node_modules/prettier-plugin-tailwindcss/dist/index.mjs:106:78), <anonymous>:15:1)
[[31merror[39m]     at file:///Users/mia/vesta-cx/vesta/node_modules/.pnpm/prettier-plugin-tailwindcss@0.7.2_prettier-plugin-astro@0.14.1_prettier-plugin-svelte@3_d4163ebf28de53b474e0228e4586fdcf/node_modules/prettier-plugin-tailwindcss/dist/index.mjs:235:406
[[31merror[39m]     at eval (eval at create (file:///Users/mia/vesta-cx/vesta/node_modules/.pnpm/prettier-plugin-tailwindcss@0.7.2_prettier-plugin-astro@0.14.1_prettier-plugin-svelte@3_d4163ebf28de53b474e0228e4586fdcf/node_modules/prettier-plugin-tailwindcss/dist/index.mjs:106:78), <anonymous>:27:1)
[[31merror[39m]     at file:///Users/mia/vesta-cx/vesta/node_modules/.pnpm/prettier-plugin-tailwindcss@0.7.2_prettier-plugin-astro@0.14.1_prettier-plugin-svelte@3_d4163ebf28de53b474e0228e4586fdcf/node_modules/prettier-plugin-tailwindcss/dist/index.mjs:102:12756
[[31merror[39m]     at file:///Users/mia/vesta-cx/vesta/node_modules/.pnpm/prettier-plugin-tailwindcss@0.7.2_prettier-plugin-astro@0.14.1_prettier-plugin-svelte@3_d4163ebf28de53b474e0228e4586fdcf/node_modules/prettier-plugin-tailwindcss/dist/index.mjs:235:406
[[31merror[39m]     at eval (eval at create (file:///Users/mia/vesta-cx/vesta/node_modules/.pnpm/prettier-plugin-tailwindcss@0.7.2_prettier-plugin-astro@0.14.1_prettier-plugin-svelte@3_d4163ebf28de53b474e0228e4586fdcf/node_modules/prettier-plugin-tailwindcss/dist/index.mjs:106:78), <anonymous>:15:1)
[[31merror[39m]     at file:///Users/mia/vesta-cx/vesta/node_modules/.pnpm/prettier-plugin-tailwindcss@0.7.2_prettier-plugin-astro@0.14.1_prettier-plugin-svelte@3_d4163ebf28de53b474e0228e4586fdcf/node_modules/prettier-plugin-tailwindcss/dist/index.mjs:235:406
src/lib/components/layout/section/section-content.svelte
[[31merror[39m] src/lib/components/layout/section/section-content.svelte: Error: Can't resolve '$lib/styles/theme.css' in '/Users/mia/vesta-cx/vesta/packages/ui/src'
[[31merror[39m]     at h (file:///Users/mia/vesta-cx/vesta/node_modules/.pnpm/prettier-plugin-tailwindcss@0.7.2_prettier-plugin-astro@0.14.1_prettier-plugin-svelte@3_d4163ebf28de53b474e0228e4586fdcf/node_modules/prettier-plugin-tailwindcss/dist/index.mjs:231:4669)
[[31merror[39m]     at file:///Users/mia/vesta-cx/vesta/node_modules/.pnpm/prettier-plugin-tailwindcss@0.7.2_prettier-plugin-astro@0.14.1_prettier-plugin-svelte@3_d4163ebf28de53b474e0228e4586fdcf/node_modules/prettier-plugin-tailwindcss/dist/index.mjs:232:708
[[31merror[39m]     at file:///Users/mia/vesta-cx/vesta/node_modules/.pnpm/prettier-plugin-tailwindcss@0.7.2_prettier-plugin-astro@0.14.1_prettier-plugin-svelte@3_d4163ebf28de53b474e0228e4586fdcf/node_modules/prettier-plugin-tailwindcss/dist/index.mjs:235:406
[[31merror[39m]     at eval (eval at create (file:///Users/mia/vesta-cx/vesta/node_modules/.pnpm/prettier-plugin-tailwindcss@0.7.2_prettier-plugin-astro@0.14.1_prettier-plugin-svelte@3_d4163ebf28de53b474e0228e4586fdcf/node_modules/prettier-plugin-tailwindcss/dist/index.mjs:106:78), <anonymous>:15:1)
[[31merror[39m]     at file:///Users/mia/vesta-cx/vesta/node_modules/.pnpm/prettier-plugin-tailwindcss@0.7.2_prettier-plugin-astro@0.14.1_prettier-plugin-svelte@3_d4163ebf28de53b474e0228e4586fdcf/node_modules/prettier-plugin-tailwindcss/dist/index.mjs:235:406
[[31merror[39m]     at eval (eval at create (file:///Users/mia/vesta-cx/vesta/node_modules/.pnpm/prettier-plugin-tailwindcss@0.7.2_prettier-plugin-astro@0.14.1_prettier-plugin-svelte@3_d4163ebf28de53b474e0228e4586fdcf/node_modules/prettier-plugin-tailwindcss/dist/index.mjs:106:78), <anonymous>:27:1)
[[31merror[39m]     at file:///Users/mia/vesta-cx/vesta/node_modules/.pnpm/prettier-plugin-tailwindcss@0.7.2_prettier-plugin-astro@0.14.1_prettier-plugin-svelte@3_d4163ebf28de53b474e0228e4586fdcf/node_modules/prettier-plugin-tailwindcss/dist/index.mjs:102:12756
[[31merror[39m]     at file:///Users/mia/vesta-cx/vesta/node_modules/.pnpm/prettier-plugin-tailwindcss@0.7.2_prettier-plugin-astro@0.14.1_prettier-plugin-svelte@3_d4163ebf28de53b474e0228e4586fdcf/node_modules/prettier-plugin-tailwindcss/dist/index.mjs:235:406
[[31merror[39m]     at eval (eval at create (file:///Users/mia/vesta-cx/vesta/node_modules/.pnpm/prettier-plugin-tailwindcss@0.7.2_prettier-plugin-astro@0.14.1_prettier-plugin-svelte@3_d4163ebf28de53b474e0228e4586fdcf/node_modules/prettier-plugin-tailwindcss/dist/index.mjs:106:78), <anonymous>:15:1)
[[31merror[39m]     at file:///Users/mia/vesta-cx/vesta/node_modules/.pnpm/prettier-plugin-tailwindcss@0.7.2_prettier-plugin-astro@0.14.1_prettier-plugin-svelte@3_d4163ebf28de53b474e0228e4586fdcf/node_modules/prettier-plugin-tailwindcss/dist/index.mjs:235:406
src/lib/components/layout/section/section.svelte
[[31merror[39m] src/lib/components/layout/section/section.svelte: Error: Can't resolve '$lib/styles/theme.css' in '/Users/mia/vesta-cx/vesta/packages/ui/src'
[[31merror[39m]     at h (file:///Users/mia/vesta-cx/vesta/node_modules/.pnpm/prettier-plugin-tailwindcss@0.7.2_prettier-plugin-astro@0.14.1_prettier-plugin-svelte@3_d4163ebf28de53b474e0228e4586fdcf/node_modules/prettier-plugin-tailwindcss/dist/index.mjs:231:4669)
[[31merror[39m]     at file:///Users/mia/vesta-cx/vesta/node_modules/.pnpm/prettier-plugin-tailwindcss@0.7.2_prettier-plugin-astro@0.14.1_prettier-plugin-svelte@3_d4163ebf28de53b474e0228e4586fdcf/node_modules/prettier-plugin-tailwindcss/dist/index.mjs:232:708
[[31merror[39m]     at file:///Users/mia/vesta-cx/vesta/node_modules/.pnpm/prettier-plugin-tailwindcss@0.7.2_prettier-plugin-astro@0.14.1_prettier-plugin-svelte@3_d4163ebf28de53b474e0228e4586fdcf/node_modules/prettier-plugin-tailwindcss/dist/index.mjs:235:406
[[31merror[39m]     at eval (eval at create (file:///Users/mia/vesta-cx/vesta/node_modules/.pnpm/prettier-plugin-tailwindcss@0.7.2_prettier-plugin-astro@0.14.1_prettier-plugin-svelte@3_d4163ebf28de53b474e0228e4586fdcf/node_modules/prettier-plugin-tailwindcss/dist/index.mjs:106:78), <anonymous>:15:1)
[[31merror[39m]     at file:///Users/mia/vesta-cx/vesta/node_modules/.pnpm/prettier-plugin-tailwindcss@0.7.2_prettier-plugin-astro@0.14.1_prettier-plugin-svelte@3_d4163ebf28de53b474e0228e4586fdcf/node_modules/prettier-plugin-tailwindcss/dist/index.mjs:235:406
[[31merror[39m]     at eval (eval at create (file:///Users/mia/vesta-cx/vesta/node_modules/.pnpm/prettier-plugin-tailwindcss@0.7.2_prettier-plugin-astro@0.14.1_prettier-plugin-svelte@3_d4163ebf28de53b474e0228e4586fdcf/node_modules/prettier-plugin-tailwindcss/dist/index.mjs:106:78), <anonymous>:27:1)
[[31merror[39m]     at file:///Users/mia/vesta-cx/vesta/node_modules/.pnpm/prettier-plugin-tailwindcss@0.7.2_prettier-plugin-astro@0.14.1_prettier-plugin-svelte@3_d4163ebf28de53b474e0228e4586fdcf/node_modules/prettier-plugin-tailwindcss/dist/index.mjs:102:12756
[[31merror[39m]     at file:///Users/mia/vesta-cx/vesta/node_modules/.pnpm/prettier-plugin-tailwindcss@0.7.2_prettier-plugin-astro@0.14.1_prettier-plugin-svelte@3_d4163ebf28de53b474e0228e4586fdcf/node_modules/prettier-plugin-tailwindcss/dist/index.mjs:235:406
[[31merror[39m]     at eval (eval at create (file:///Users/mia/vesta-cx/vesta/node_modules/.pnpm/prettier-plugin-tailwindcss@0.7.2_prettier-plugin-astro@0.14.1_prettier-plugin-svelte@3_d4163ebf28de53b474e0228e4586fdcf/node_modules/prettier-plugin-tailwindcss/dist/index.mjs:106:78), <anonymous>:15:1)
[[31merror[39m]     at file:///Users/mia/vesta-cx/vesta/node_modules/.pnpm/prettier-plugin-tailwindcss@0.7.2_prettier-plugin-astro@0.14.1_prettier-plugin-svelte@3_d4163ebf28de53b474e0228e4586fdcf/node_modules/prettier-plugin-tailwindcss/dist/index.mjs:235:406
src/lib/components/nav-main.svelte
[[31merror[39m] src/lib/components/nav-main.svelte: Error: Can't resolve '$lib/styles/theme.css' in '/Users/mia/vesta-cx/vesta/packages/ui/src'
[[31merror[39m]     at h (file:///Users/mia/vesta-cx/vesta/node_modules/.pnpm/prettier-plugin-tailwindcss@0.7.2_prettier-plugin-astro@0.14.1_prettier-plugin-svelte@3_d4163ebf28de53b474e0228e4586fdcf/node_modules/prettier-plugin-tailwindcss/dist/index.mjs:231:4669)
[[31merror[39m]     at file:///Users/mia/vesta-cx/vesta/node_modules/.pnpm/prettier-plugin-tailwindcss@0.7.2_prettier-plugin-astro@0.14.1_prettier-plugin-svelte@3_d4163ebf28de53b474e0228e4586fdcf/node_modules/prettier-plugin-tailwindcss/dist/index.mjs:232:708
[[31merror[39m]     at file:///Users/mia/vesta-cx/vesta/node_modules/.pnpm/prettier-plugin-tailwindcss@0.7.2_prettier-plugin-astro@0.14.1_prettier-plugin-svelte@3_d4163ebf28de53b474e0228e4586fdcf/node_modules/prettier-plugin-tailwindcss/dist/index.mjs:235:406
[[31merror[39m]     at eval (eval at create (file:///Users/mia/vesta-cx/vesta/node_modules/.pnpm/prettier-plugin-tailwindcss@0.7.2_prettier-plugin-astro@0.14.1_prettier-plugin-svelte@3_d4163ebf28de53b474e0228e4586fdcf/node_modules/prettier-plugin-tailwindcss/dist/index.mjs:106:78), <anonymous>:15:1)
[[31merror[39m]     at file:///Users/mia/vesta-cx/vesta/node_modules/.pnpm/prettier-plugin-tailwindcss@0.7.2_prettier-plugin-astro@0.14.1_prettier-plugin-svelte@3_d4163ebf28de53b474e0228e4586fdcf/node_modules/prettier-plugin-tailwindcss/dist/index.mjs:235:406
[[31merror[39m]     at eval (eval at create (file:///Users/mia/vesta-cx/vesta/node_modules/.pnpm/prettier-plugin-tailwindcss@0.7.2_prettier-plugin-astro@0.14.1_prettier-plugin-svelte@3_d4163ebf28de53b474e0228e4586fdcf/node_modules/prettier-plugin-tailwindcss/dist/index.mjs:106:78), <anonymous>:27:1)
[[31merror[39m]     at file:///Users/mia/vesta-cx/vesta/node_modules/.pnpm/prettier-plugin-tailwindcss@0.7.2_prettier-plugin-astro@0.14.1_prettier-plugin-svelte@3_d4163ebf28de53b474e0228e4586fdcf/node_modules/prettier-plugin-tailwindcss/dist/index.mjs:102:12756
[[31merror[39m]     at file:///Users/mia/vesta-cx/vesta/node_modules/.pnpm/prettier-plugin-tailwindcss@0.7.2_prettier-plugin-astro@0.14.1_prettier-plugin-svelte@3_d4163ebf28de53b474e0228e4586fdcf/node_modules/prettier-plugin-tailwindcss/dist/index.mjs:235:406
[[31merror[39m]     at eval (eval at create (file:///Users/mia/vesta-cx/vesta/node_modules/.pnpm/prettier-plugin-tailwindcss@0.7.2_prettier-plugin-astro@0.14.1_prettier-plugin-svelte@3_d4163ebf28de53b474e0228e4586fdcf/node_modules/prettier-plugin-tailwindcss/dist/index.mjs:106:78), <anonymous>:15:1)
[[31merror[39m]     at file:///Users/mia/vesta-cx/vesta/node_modules/.pnpm/prettier-plugin-tailwindcss@0.7.2_prettier-plugin-astro@0.14.1_prettier-plugin-svelte@3_d4163ebf28de53b474e0228e4586fdcf/node_modules/prettier-plugin-tailwindcss/dist/index.mjs:235:406
src/lib/components/nav-projects.svelte
[[31merror[39m] src/lib/components/nav-projects.svelte: Error: Can't resolve '$lib/styles/theme.css' in '/Users/mia/vesta-cx/vesta/packages/ui/src'
[[31merror[39m]     at h (file:///Users/mia/vesta-cx/vesta/node_modules/.pnpm/prettier-plugin-tailwindcss@0.7.2_prettier-plugin-astro@0.14.1_prettier-plugin-svelte@3_d4163ebf28de53b474e0228e4586fdcf/node_modules/prettier-plugin-tailwindcss/dist/index.mjs:231:4669)
[[31merror[39m]     at file:///Users/mia/vesta-cx/vesta/node_modules/.pnpm/prettier-plugin-tailwindcss@0.7.2_prettier-plugin-astro@0.14.1_prettier-plugin-svelte@3_d4163ebf28de53b474e0228e4586fdcf/node_modules/prettier-plugin-tailwindcss/dist/index.mjs:232:708
[[31merror[39m]     at file:///Users/mia/vesta-cx/vesta/node_modules/.pnpm/prettier-plugin-tailwindcss@0.7.2_prettier-plugin-astro@0.14.1_prettier-plugin-svelte@3_d4163ebf28de53b474e0228e4586fdcf/node_modules/prettier-plugin-tailwindcss/dist/index.mjs:235:406
[[31merror[39m]     at eval (eval at create (file:///Users/mia/vesta-cx/vesta/node_modules/.pnpm/prettier-plugin-tailwindcss@0.7.2_prettier-plugin-astro@0.14.1_prettier-plugin-svelte@3_d4163ebf28de53b474e0228e4586fdcf/node_modules/prettier-plugin-tailwindcss/dist/index.mjs:106:78), <anonymous>:15:1)
[[31merror[39m]     at file:///Users/mia/vesta-cx/vesta/node_modules/.pnpm/prettier-plugin-tailwindcss@0.7.2_prettier-plugin-astro@0.14.1_prettier-plugin-svelte@3_d4163ebf28de53b474e0228e4586fdcf/node_modules/prettier-plugin-tailwindcss/dist/index.mjs:235:406
[[31merror[39m]     at eval (eval at create (file:///Users/mia/vesta-cx/vesta/node_modules/.pnpm/prettier-plugin-tailwindcss@0.7.2_prettier-plugin-astro@0.14.1_prettier-plugin-svelte@3_d4163ebf28de53b474e0228e4586fdcf/node_modules/prettier-plugin-tailwindcss/dist/index.mjs:106:78), <anonymous>:27:1)
[[31merror[39m]     at file:///Users/mia/vesta-cx/vesta/node_modules/.pnpm/prettier-plugin-tailwindcss@0.7.2_prettier-plugin-astro@0.14.1_prettier-plugin-svelte@3_d4163ebf28de53b474e0228e4586fdcf/node_modules/prettier-plugin-tailwindcss/dist/index.mjs:102:12756
[[31merror[39m]     at file:///Users/mia/vesta-cx/vesta/node_modules/.pnpm/prettier-plugin-tailwindcss@0.7.2_prettier-plugin-astro@0.14.1_prettier-plugin-svelte@3_d4163ebf28de53b474e0228e4586fdcf/node_modules/prettier-plugin-tailwindcss/dist/index.mjs:235:406
[[31merror[39m]     at eval (eval at create (file:///Users/mia/vesta-cx/vesta/node_modules/.pnpm/prettier-plugin-tailwindcss@0.7.2_prettier-plugin-astro@0.14.1_prettier-plugin-svelte@3_d4163ebf28de53b474e0228e4586fdcf/node_modules/prettier-plugin-tailwindcss/dist/index.mjs:106:78), <anonymous>:15:1)
[[31merror[39m]     at file:///Users/mia/vesta-cx/vesta/node_modules/.pnpm/prettier-plugin-tailwindcss@0.7.2_prettier-plugin-astro@0.14.1_prettier-plugin-svelte@3_d4163ebf28de53b474e0228e4586fdcf/node_modules/prettier-plugin-tailwindcss/dist/index.mjs:235:406
src/lib/components/nav-user.svelte
[[31merror[39m] src/lib/components/nav-user.svelte: Error: Can't resolve '$lib/styles/theme.css' in '/Users/mia/vesta-cx/vesta/packages/ui/src'
[[31merror[39m]     at h (file:///Users/mia/vesta-cx/vesta/node_modules/.pnpm/prettier-plugin-tailwindcss@0.7.2_prettier-plugin-astro@0.14.1_prettier-plugin-svelte@3_d4163ebf28de53b474e0228e4586fdcf/node_modules/prettier-plugin-tailwindcss/dist/index.mjs:231:4669)
[[31merror[39m]     at file:///Users/mia/vesta-cx/vesta/node_modules/.pnpm/prettier-plugin-tailwindcss@0.7.2_prettier-plugin-astro@0.14.1_prettier-plugin-svelte@3_d4163ebf28de53b474e0228e4586fdcf/node_modules/prettier-plugin-tailwindcss/dist/index.mjs:232:708
[[31merror[39m]     at file:///Users/mia/vesta-cx/vesta/node_modules/.pnpm/prettier-plugin-tailwindcss@0.7.2_prettier-plugin-astro@0.14.1_prettier-plugin-svelte@3_d4163ebf28de53b474e0228e4586fdcf/node_modules/prettier-plugin-tailwindcss/dist/index.mjs:235:406
[[31merror[39m]     at eval (eval at create (file:///Users/mia/vesta-cx/vesta/node_modules/.pnpm/prettier-plugin-tailwindcss@0.7.2_prettier-plugin-astro@0.14.1_prettier-plugin-svelte@3_d4163ebf28de53b474e0228e4586fdcf/node_modules/prettier-plugin-tailwindcss/dist/index.mjs:106:78), <anonymous>:15:1)
[[31merror[39m]     at file:///Users/mia/vesta-cx/vesta/node_modules/.pnpm/prettier-plugin-tailwindcss@0.7.2_prettier-plugin-astro@0.14.1_prettier-plugin-svelte@3_d4163ebf28de53b474e0228e4586fdcf/node_modules/prettier-plugin-tailwindcss/dist/index.mjs:235:406
[[31merror[39m]     at eval (eval at create (file:///Users/mia/vesta-cx/vesta/node_modules/.pnpm/prettier-plugin-tailwindcss@0.7.2_prettier-plugin-astro@0.14.1_prettier-plugin-svelte@3_d4163ebf28de53b474e0228e4586fdcf/node_modules/prettier-plugin-tailwindcss/dist/index.mjs:106:78), <anonymous>:27:1)
[[31merror[39m]     at file:///Users/mia/vesta-cx/vesta/node_modules/.pnpm/prettier-plugin-tailwindcss@0.7.2_prettier-plugin-astro@0.14.1_prettier-plugin-svelte@3_d4163ebf28de53b474e0228e4586fdcf/node_modules/prettier-plugin-tailwindcss/dist/index.mjs:102:12756
[[31merror[39m]     at file:///Users/mia/vesta-cx/vesta/node_modules/.pnpm/prettier-plugin-tailwindcss@0.7.2_prettier-plugin-astro@0.14.1_prettier-plugin-svelte@3_d4163ebf28de53b474e0228e4586fdcf/node_modules/prettier-plugin-tailwindcss/dist/index.mjs:235:406
[[31merror[39m]     at eval (eval at create (file:///Users/mia/vesta-cx/vesta/node_modules/.pnpm/prettier-plugin-tailwindcss@0.7.2_prettier-plugin-astro@0.14.1_prettier-plugin-svelte@3_d4163ebf28de53b474e0228e4586fdcf/node_modules/prettier-plugin-tailwindcss/dist/index.mjs:106:78), <anonymous>:15:1)
[[31merror[39m]     at file:///Users/mia/vesta-cx/vesta/node_modules/.pnpm/prettier-plugin-tailwindcss@0.7.2_prettier-plugin-astro@0.14.1_prettier-plugin-svelte@3_d4163ebf28de53b474e0228e4586fdcf/node_modules/prettier-plugin-tailwindcss/dist/index.mjs:235:406
src/lib/components/team-switcher.svelte
[[31merror[39m] src/lib/components/team-switcher.svelte: Error: Can't resolve '$lib/styles/theme.css' in '/Users/mia/vesta-cx/vesta/packages/ui/src'
[[31merror[39m]     at h (file:///Users/mia/vesta-cx/vesta/node_modules/.pnpm/prettier-plugin-tailwindcss@0.7.2_prettier-plugin-astro@0.14.1_prettier-plugin-svelte@3_d4163ebf28de53b474e0228e4586fdcf/node_modules/prettier-plugin-tailwindcss/dist/index.mjs:231:4669)
[[31merror[39m]     at file:///Users/mia/vesta-cx/vesta/node_modules/.pnpm/prettier-plugin-tailwindcss@0.7.2_prettier-plugin-astro@0.14.1_prettier-plugin-svelte@3_d4163ebf28de53b474e0228e4586fdcf/node_modules/prettier-plugin-tailwindcss/dist/index.mjs:232:708
[[31merror[39m]     at file:///Users/mia/vesta-cx/vesta/node_modules/.pnpm/prettier-plugin-tailwindcss@0.7.2_prettier-plugin-astro@0.14.1_prettier-plugin-svelte@3_d4163ebf28de53b474e0228e4586fdcf/node_modules/prettier-plugin-tailwindcss/dist/index.mjs:235:406
[[31merror[39m]     at eval (eval at create (file:///Users/mia/vesta-cx/vesta/node_modules/.pnpm/prettier-plugin-tailwindcss@0.7.2_prettier-plugin-astro@0.14.1_prettier-plugin-svelte@3_d4163ebf28de53b474e0228e4586fdcf/node_modules/prettier-plugin-tailwindcss/dist/index.mjs:106:78), <anonymous>:15:1)
[[31merror[39m]     at file:///Users/mia/vesta-cx/vesta/node_modules/.pnpm/prettier-plugin-tailwindcss@0.7.2_prettier-plugin-astro@0.14.1_prettier-plugin-svelte@3_d4163ebf28de53b474e0228e4586fdcf/node_modules/prettier-plugin-tailwindcss/dist/index.mjs:235:406
[[31merror[39m]     at eval (eval at create (file:///Users/mia/vesta-cx/vesta/node_modules/.pnpm/prettier-plugin-tailwindcss@0.7.2_prettier-plugin-astro@0.14.1_prettier-plugin-svelte@3_d4163ebf28de53b474e0228e4586fdcf/node_modules/prettier-plugin-tailwindcss/dist/index.mjs:106:78), <anonymous>:27:1)
[[31merror[39m]     at file:///Users/mia/vesta-cx/vesta/node_modules/.pnpm/prettier-plugin-tailwindcss@0.7.2_prettier-plugin-astro@0.14.1_prettier-plugin-svelte@3_d4163ebf28de53b474e0228e4586fdcf/node_modules/prettier-plugin-tailwindcss/dist/index.mjs:102:12756
[[31merror[39m]     at file:///Users/mia/vesta-cx/vesta/node_modules/.pnpm/prettier-plugin-tailwindcss@0.7.2_prettier-plugin-astro@0.14.1_prettier-plugin-svelte@3_d4163ebf28de53b474e0228e4586fdcf/node_modules/prettier-plugin-tailwindcss/dist/index.mjs:235:406
[[31merror[39m]     at eval (eval at create (file:///Users/mia/vesta-cx/vesta/node_modules/.pnpm/prettier-plugin-tailwindcss@0.7.2_prettier-plugin-astro@0.14.1_prettier-plugin-svelte@3_d4163ebf28de53b474e0228e4586fdcf/node_modules/prettier-plugin-tailwindcss/dist/index.mjs:106:78), <anonymous>:15:1)
[[31merror[39m]     at file:///Users/mia/vesta-cx/vesta/node_modules/.pnpm/prettier-plugin-tailwindcss@0.7.2_prettier-plugin-astro@0.14.1_prettier-plugin-svelte@3_d4163ebf28de53b474e0228e4586fdcf/node_modules/prettier-plugin-tailwindcss/dist/index.mjs:235:406
src/lib/components/ui/accordion/accordion-content.svelte
[[31merror[39m] src/lib/components/ui/accordion/accordion-content.svelte: Error: Can't resolve '$lib/styles/theme.css' in '/Users/mia/vesta-cx/vesta/packages/ui/src'
[[31merror[39m]     at h (file:///Users/mia/vesta-cx/vesta/node_modules/.pnpm/prettier-plugin-tailwindcss@0.7.2_prettier-plugin-astro@0.14.1_prettier-plugin-svelte@3_d4163ebf28de53b474e0228e4586fdcf/node_modules/prettier-plugin-tailwindcss/dist/index.mjs:231:4669)
[[31merror[39m]     at file:///Users/mia/vesta-cx/vesta/node_modules/.pnpm/prettier-plugin-tailwindcss@0.7.2_prettier-plugin-astro@0.14.1_prettier-plugin-svelte@3_d4163ebf28de53b474e0228e4586fdcf/node_modules/prettier-plugin-tailwindcss/dist/index.mjs:232:708
[[31merror[39m]     at file:///Users/mia/vesta-cx/vesta/node_modules/.pnpm/prettier-plugin-tailwindcss@0.7.2_prettier-plugin-astro@0.14.1_prettier-plugin-svelte@3_d4163ebf28de53b474e0228e4586fdcf/node_modules/prettier-plugin-tailwindcss/dist/index.mjs:235:406
[[31merror[39m]     at eval (eval at create (file:///Users/mia/vesta-cx/vesta/node_modules/.pnpm/prettier-plugin-tailwindcss@0.7.2_prettier-plugin-astro@0.14.1_prettier-plugin-svelte@3_d4163ebf28de53b474e0228e4586fdcf/node_modules/prettier-plugin-tailwindcss/dist/index.mjs:106:78), <anonymous>:15:1)
[[31merror[39m]     at file:///Users/mia/vesta-cx/vesta/node_modules/.pnpm/prettier-plugin-tailwindcss@0.7.2_prettier-plugin-astro@0.14.1_prettier-plugin-svelte@3_d4163ebf28de53b474e0228e4586fdcf/node_modules/prettier-plugin-tailwindcss/dist/index.mjs:235:406
[[31merror[39m]     at eval (eval at create (file:///Users/mia/vesta-cx/vesta/node_modules/.pnpm/prettier-plugin-tailwindcss@0.7.2_prettier-plugin-astro@0.14.1_prettier-plugin-svelte@3_d4163ebf28de53b474e0228e4586fdcf/node_modules/prettier-plugin-tailwindcss/dist/index.mjs:106:78), <anonymous>:27:1)
[[31merror[39m]     at file:///Users/mia/vesta-cx/vesta/node_modules/.pnpm/prettier-plugin-tailwindcss@0.7.2_prettier-plugin-astro@0.14.1_prettier-plugin-svelte@3_d4163ebf28de53b474e0228e4586fdcf/node_modules/prettier-plugin-tailwindcss/dist/index.mjs:102:12756
[[31merror[39m]     at file:///Users/mia/vesta-cx/vesta/node_modules/.pnpm/prettier-plugin-tailwindcss@0.7.2_prettier-plugin-astro@0.14.1_prettier-plugin-svelte@3_d4163ebf28de53b474e0228e4586fdcf/node_modules/prettier-plugin-tailwindcss/dist/index.mjs:235:406
[[31merror[39m]     at eval (eval at create (file:///Users/mia/vesta-cx/vesta/node_modules/.pnpm/prettier-plugin-tailwindcss@0.7.2_prettier-plugin-astro@0.14.1_prettier-plugin-svelte@3_d4163ebf28de53b474e0228e4586fdcf/node_modules/prettier-plugin-tailwindcss/dist/index.mjs:106:78), <anonymous>:15:1)
[[31merror[39m]     at file:///Users/mia/vesta-cx/vesta/node_modules/.pnpm/prettier-plugin-tailwindcss@0.7.2_prettier-plugin-astro@0.14.1_prettier-plugin-svelte@3_d4163ebf28de53b474e0228e4586fdcf/node_modules/prettier-plugin-tailwindcss/dist/index.mjs:235:406
src/lib/components/ui/accordion/accordion-item.svelte
[[31merror[39m] src/lib/components/ui/accordion/accordion-item.svelte: Error: Can't resolve '$lib/styles/theme.css' in '/Users/mia/vesta-cx/vesta/packages/ui/src'
[[31merror[39m]     at h (file:///Users/mia/vesta-cx/vesta/node_modules/.pnpm/prettier-plugin-tailwindcss@0.7.2_prettier-plugin-astro@0.14.1_prettier-plugin-svelte@3_d4163ebf28de53b474e0228e4586fdcf/node_modules/prettier-plugin-tailwindcss/dist/index.mjs:231:4669)
[[31merror[39m]     at file:///Users/mia/vesta-cx/vesta/node_modules/.pnpm/prettier-plugin-tailwindcss@0.7.2_prettier-plugin-astro@0.14.1_prettier-plugin-svelte@3_d4163ebf28de53b474e0228e4586fdcf/node_modules/prettier-plugin-tailwindcss/dist/index.mjs:232:708
[[31merror[39m]     at file:///Users/mia/vesta-cx/vesta/node_modules/.pnpm/prettier-plugin-tailwindcss@0.7.2_prettier-plugin-astro@0.14.1_prettier-plugin-svelte@3_d4163ebf28de53b474e0228e4586fdcf/node_modules/prettier-plugin-tailwindcss/dist/index.mjs:235:406
[[31merror[39m]     at eval (eval at create (file:///Users/mia/vesta-cx/vesta/node_modules/.pnpm/prettier-plugin-tailwindcss@0.7.2_prettier-plugin-astro@0.14.1_prettier-plugin-svelte@3_d4163ebf28de53b474e0228e4586fdcf/node_modules/prettier-plugin-tailwindcss/dist/index.mjs:106:78), <anonymous>:15:1)
[[31merror[39m]     at file:///Users/mia/vesta-cx/vesta/node_modules/.pnpm/prettier-plugin-tailwindcss@0.7.2_prettier-plugin-astro@0.14.1_prettier-plugin-svelte@3_d4163ebf28de53b474e0228e4586fdcf/node_modules/prettier-plugin-tailwindcss/dist/index.mjs:235:406
[[31merror[39m]     at eval (eval at create (file:///Users/mia/vesta-cx/vesta/node_modules/.pnpm/prettier-plugin-tailwindcss@0.7.2_prettier-plugin-astro@0.14.1_prettier-plugin-svelte@3_d4163ebf28de53b474e0228e4586fdcf/node_modules/prettier-plugin-tailwindcss/dist/index.mjs:106:78), <anonymous>:27:1)
[[31merror[39m]     at file:///Users/mia/vesta-cx/vesta/node_modules/.pnpm/prettier-plugin-tailwindcss@0.7.2_prettier-plugin-astro@0.14.1_prettier-plugin-svelte@3_d4163ebf28de53b474e0228e4586fdcf/node_modules/prettier-plugin-tailwindcss/dist/index.mjs:102:12756
[[31merror[39m]     at file:///Users/mia/vesta-cx/vesta/node_modules/.pnpm/prettier-plugin-tailwindcss@0.7.2_prettier-plugin-astro@0.14.1_prettier-plugin-svelte@3_d4163ebf28de53b474e0228e4586fdcf/node_modules/prettier-plugin-tailwindcss/dist/index.mjs:235:406
[[31merror[39m]     at eval (eval at create (file:///Users/mia/vesta-cx/vesta/node_modules/.pnpm/prettier-plugin-tailwindcss@0.7.2_prettier-plugin-astro@0.14.1_prettier-plugin-svelte@3_d4163ebf28de53b474e0228e4586fdcf/node_modules/prettier-plugin-tailwindcss/dist/index.mjs:106:78), <anonymous>:15:1)
[[31merror[39m]     at file:///Users/mia/vesta-cx/vesta/node_modules/.pnpm/prettier-plugin-tailwindcss@0.7.2_prettier-plugin-astro@0.14.1_prettier-plugin-svelte@3_d4163ebf28de53b474e0228e4586fdcf/node_modules/prettier-plugin-tailwindcss/dist/index.mjs:235:406
src/lib/components/ui/accordion/accordion-trigger.svelte
[[31merror[39m] src/lib/components/ui/accordion/accordion-trigger.svelte: Error: Can't resolve '$lib/styles/theme.css' in '/Users/mia/vesta-cx/vesta/packages/ui/src'
[[31merror[39m]     at h (file:///Users/mia/vesta-cx/vesta/node_modules/.pnpm/prettier-plugin-tailwindcss@0.7.2_prettier-plugin-astro@0.14.1_prettier-plugin-svelte@3_d4163ebf28de53b474e0228e4586fdcf/node_modules/prettier-plugin-tailwindcss/dist/index.mjs:231:4669)
[[31merror[39m]     at file:///Users/mia/vesta-cx/vesta/node_modules/.pnpm/prettier-plugin-tailwindcss@0.7.2_prettier-plugin-astro@0.14.1_prettier-plugin-svelte@3_d4163ebf28de53b474e0228e4586fdcf/node_modules/prettier-plugin-tailwindcss/dist/index.mjs:232:708
[[31merror[39m]     at file:///Users/mia/vesta-cx/vesta/node_modules/.pnpm/prettier-plugin-tailwindcss@0.7.2_prettier-plugin-astro@0.14.1_prettier-plugin-svelte@3_d4163ebf28de53b474e0228e4586fdcf/node_modules/prettier-plugin-tailwindcss/dist/index.mjs:235:406
[[31merror[39m]     at eval (eval at create (file:///Users/mia/vesta-cx/vesta/node_modules/.pnpm/prettier-plugin-tailwindcss@0.7.2_prettier-plugin-astro@0.14.1_prettier-plugin-svelte@3_d4163ebf28de53b474e0228e4586fdcf/node_modules/prettier-plugin-tailwindcss/dist/index.mjs:106:78), <anonymous>:15:1)
[[31merror[39m]     at file:///Users/mia/vesta-cx/vesta/node_modules/.pnpm/prettier-plugin-tailwindcss@0.7.2_prettier-plugin-astro@0.14.1_prettier-plugin-svelte@3_d4163ebf28de53b474e0228e4586fdcf/node_modules/prettier-plugin-tailwindcss/dist/index.mjs:235:406
[[31merror[39m]     at eval (eval at create (file:///Users/mia/vesta-cx/vesta/node_modules/.pnpm/prettier-plugin-tailwindcss@0.7.2_prettier-plugin-astro@0.14.1_prettier-plugin-svelte@3_d4163ebf28de53b474e0228e4586fdcf/node_modules/prettier-plugin-tailwindcss/dist/index.mjs:106:78), <anonymous>:27:1)
[[31merror[39m]     at file:///Users/mia/vesta-cx/vesta/node_modules/.pnpm/prettier-plugin-tailwindcss@0.7.2_prettier-plugin-astro@0.14.1_prettier-plugin-svelte@3_d4163ebf28de53b474e0228e4586fdcf/node_modules/prettier-plugin-tailwindcss/dist/index.mjs:102:12756
[[31merror[39m]     at file:///Users/mia/vesta-cx/vesta/node_modules/.pnpm/prettier-plugin-tailwindcss@0.7.2_prettier-plugin-astro@0.14.1_prettier-plugin-svelte@3_d4163ebf28de53b474e0228e4586fdcf/node_modules/prettier-plugin-tailwindcss/dist/index.mjs:235:406
[[31merror[39m]     at eval (eval at create (file:///Users/mia/vesta-cx/vesta/node_modules/.pnpm/prettier-plugin-tailwindcss@0.7.2_prettier-plugin-astro@0.14.1_prettier-plugin-svelte@3_d4163ebf28de53b474e0228e4586fdcf/node_modules/prettier-plugin-tailwindcss/dist/index.mjs:106:78), <anonymous>:15:1)
[[31merror[39m]     at file:///Users/mia/vesta-cx/vesta/node_modules/.pnpm/prettier-plugin-tailwindcss@0.7.2_prettier-plugin-astro@0.14.1_prettier-plugin-svelte@3_d4163ebf28de53b474e0228e4586fdcf/node_modules/prettier-plugin-tailwindcss/dist/index.mjs:235:406
src/lib/components/ui/accordion/accordion.svelte
[[31merror[39m] src/lib/components/ui/accordion/accordion.svelte: Error: Can't resolve '$lib/styles/theme.css' in '/Users/mia/vesta-cx/vesta/packages/ui/src'
[[31merror[39m]     at h (file:///Users/mia/vesta-cx/vesta/node_modules/.pnpm/prettier-plugin-tailwindcss@0.7.2_prettier-plugin-astro@0.14.1_prettier-plugin-svelte@3_d4163ebf28de53b474e0228e4586fdcf/node_modules/prettier-plugin-tailwindcss/dist/index.mjs:231:4669)
[[31merror[39m]     at file:///Users/mia/vesta-cx/vesta/node_modules/.pnpm/prettier-plugin-tailwindcss@0.7.2_prettier-plugin-astro@0.14.1_prettier-plugin-svelte@3_d4163ebf28de53b474e0228e4586fdcf/node_modules/prettier-plugin-tailwindcss/dist/index.mjs:232:708
[[31merror[39m]     at file:///Users/mia/vesta-cx/vesta/node_modules/.pnpm/prettier-plugin-tailwindcss@0.7.2_prettier-plugin-astro@0.14.1_prettier-plugin-svelte@3_d4163ebf28de53b474e0228e4586fdcf/node_modules/prettier-plugin-tailwindcss/dist/index.mjs:235:406
[[31merror[39m]     at eval (eval at create (file:///Users/mia/vesta-cx/vesta/node_modules/.pnpm/prettier-plugin-tailwindcss@0.7.2_prettier-plugin-astro@0.14.1_prettier-plugin-svelte@3_d4163ebf28de53b474e0228e4586fdcf/node_modules/prettier-plugin-tailwindcss/dist/index.mjs:106:78), <anonymous>:15:1)
[[31merror[39m]     at file:///Users/mia/vesta-cx/vesta/node_modules/.pnpm/prettier-plugin-tailwindcss@0.7.2_prettier-plugin-astro@0.14.1_prettier-plugin-svelte@3_d4163ebf28de53b474e0228e4586fdcf/node_modules/prettier-plugin-tailwindcss/dist/index.mjs:235:406
[[31merror[39m]     at eval (eval at create (file:///Users/mia/vesta-cx/vesta/node_modules/.pnpm/prettier-plugin-tailwindcss@0.7.2_prettier-plugin-astro@0.14.1_prettier-plugin-svelte@3_d4163ebf28de53b474e0228e4586fdcf/node_modules/prettier-plugin-tailwindcss/dist/index.mjs:106:78), <anonymous>:27:1)
[[31merror[39m]     at file:///Users/mia/vesta-cx/vesta/node_modules/.pnpm/prettier-plugin-tailwindcss@0.7.2_prettier-plugin-astro@0.14.1_prettier-plugin-svelte@3_d4163ebf28de53b474e0228e4586fdcf/node_modules/prettier-plugin-tailwindcss/dist/index.mjs:102:12756
[[31merror[39m]     at file:///Users/mia/vesta-cx/vesta/node_modules/.pnpm/prettier-plugin-tailwindcss@0.7.2_prettier-plugin-astro@0.14.1_prettier-plugin-svelte@3_d4163ebf28de53b474e0228e4586fdcf/node_modules/prettier-plugin-tailwindcss/dist/index.mjs:235:406
[[31merror[39m]     at eval (eval at create (file:///Users/mia/vesta-cx/vesta/node_modules/.pnpm/prettier-plugin-tailwindcss@0.7.2_prettier-plugin-astro@0.14.1_prettier-plugin-svelte@3_d4163ebf28de53b474e0228e4586fdcf/node_modules/prettier-plugin-tailwindcss/dist/index.mjs:106:78), <anonymous>:15:1)
[[31merror[39m]     at file:///Users/mia/vesta-cx/vesta/node_modules/.pnpm/prettier-plugin-tailwindcss@0.7.2_prettier-plugin-astro@0.14.1_prettier-plugin-svelte@3_d4163ebf28de53b474e0228e4586fdcf/node_modules/prettier-plugin-tailwindcss/dist/index.mjs:235:406
src/lib/components/ui/accordion/index.ts
[[31merror[39m] src/lib/components/ui/accordion/index.ts: Error: Can't resolve '$lib/styles/theme.css' in '/Users/mia/vesta-cx/vesta/packages/ui/src'
[[31merror[39m]     at h (file:///Users/mia/vesta-cx/vesta/node_modules/.pnpm/prettier-plugin-tailwindcss@0.7.2_prettier-plugin-astro@0.14.1_prettier-plugin-svelte@3_d4163ebf28de53b474e0228e4586fdcf/node_modules/prettier-plugin-tailwindcss/dist/index.mjs:231:4669)
[[31merror[39m]     at file:///Users/mia/vesta-cx/vesta/node_modules/.pnpm/prettier-plugin-tailwindcss@0.7.2_prettier-plugin-astro@0.14.1_prettier-plugin-svelte@3_d4163ebf28de53b474e0228e4586fdcf/node_modules/prettier-plugin-tailwindcss/dist/index.mjs:232:708
[[31merror[39m]     at file:///Users/mia/vesta-cx/vesta/node_modules/.pnpm/prettier-plugin-tailwindcss@0.7.2_prettier-plugin-astro@0.14.1_prettier-plugin-svelte@3_d4163ebf28de53b474e0228e4586fdcf/node_modules/prettier-plugin-tailwindcss/dist/index.mjs:235:406
[[31merror[39m]     at eval (eval at create (file:///Users/mia/vesta-cx/vesta/node_modules/.pnpm/prettier-plugin-tailwindcss@0.7.2_prettier-plugin-astro@0.14.1_prettier-plugin-svelte@3_d4163ebf28de53b474e0228e4586fdcf/node_modules/prettier-plugin-tailwindcss/dist/index.mjs:106:78), <anonymous>:15:1)
[[31merror[39m]     at file:///Users/mia/vesta-cx/vesta/node_modules/.pnpm/prettier-plugin-tailwindcss@0.7.2_prettier-plugin-astro@0.14.1_prettier-plugin-svelte@3_d4163ebf28de53b474e0228e4586fdcf/node_modules/prettier-plugin-tailwindcss/dist/index.mjs:235:406
[[31merror[39m]     at eval (eval at create (file:///Users/mia/vesta-cx/vesta/node_modules/.pnpm/prettier-plugin-tailwindcss@0.7.2_prettier-plugin-astro@0.14.1_prettier-plugin-svelte@3_d4163ebf28de53b474e0228e4586fdcf/node_modules/prettier-plugin-tailwindcss/dist/index.mjs:106:78), <anonymous>:27:1)
[[31merror[39m]     at file:///Users/mia/vesta-cx/vesta/node_modules/.pnpm/prettier-plugin-tailwindcss@0.7.2_prettier-plugin-astro@0.14.1_prettier-plugin-svelte@3_d4163ebf28de53b474e0228e4586fdcf/node_modules/prettier-plugin-tailwindcss/dist/index.mjs:102:12756
[[31merror[39m]     at file:///Users/mia/vesta-cx/vesta/node_modules/.pnpm/prettier-plugin-tailwindcss@0.7.2_prettier-plugin-astro@0.14.1_prettier-plugin-svelte@3_d4163ebf28de53b474e0228e4586fdcf/node_modules/prettier-plugin-tailwindcss/dist/index.mjs:235:406
[[31merror[39m]     at eval (eval at create (file:///Users/mia/vesta-cx/vesta/node_modules/.pnpm/prettier-plugin-tailwindcss@0.7.2_prettier-plugin-astro@0.14.1_prettier-plugin-svelte@3_d4163ebf28de53b474e0228e4586fdcf/node_modules/prettier-plugin-tailwindcss/dist/index.mjs:106:78), <anonymous>:15:1)
[[31merror[39m]     at file:///Users/mia/vesta-cx/vesta/node_modules/.pnpm/prettier-plugin-tailwindcss@0.7.2_prettier-plugin-astro@0.14.1_prettier-plugin-svelte@3_d4163ebf28de53b474e0228e4586fdcf/node_modules/prettier-plugin-tailwindcss/dist/index.mjs:235:406
src/lib/components/ui/alert-dialog/alert-dialog-action.svelte
[[31merror[39m] src/lib/components/ui/alert-dialog/alert-dialog-action.svelte: Error: Can't resolve '$lib/styles/theme.css' in '/Users/mia/vesta-cx/vesta/packages/ui/src'
[[31merror[39m]     at h (file:///Users/mia/vesta-cx/vesta/node_modules/.pnpm/prettier-plugin-tailwindcss@0.7.2_prettier-plugin-astro@0.14.1_prettier-plugin-svelte@3_d4163ebf28de53b474e0228e4586fdcf/node_modules/prettier-plugin-tailwindcss/dist/index.mjs:231:4669)
[[31merror[39m]     at file:///Users/mia/vesta-cx/vesta/node_modules/.pnpm/prettier-plugin-tailwindcss@0.7.2_prettier-plugin-astro@0.14.1_prettier-plugin-svelte@3_d4163ebf28de53b474e0228e4586fdcf/node_modules/prettier-plugin-tailwindcss/dist/index.mjs:232:708
[[31merror[39m]     at file:///Users/mia/vesta-cx/vesta/node_modules/.pnpm/prettier-plugin-tailwindcss@0.7.2_prettier-plugin-astro@0.14.1_prettier-plugin-svelte@3_d4163ebf28de53b474e0228e4586fdcf/node_modules/prettier-plugin-tailwindcss/dist/index.mjs:235:406
[[31merror[39m]     at eval (eval at create (file:///Users/mia/vesta-cx/vesta/node_modules/.pnpm/prettier-plugin-tailwindcss@0.7.2_prettier-plugin-astro@0.14.1_prettier-plugin-svelte@3_d4163ebf28de53b474e0228e4586fdcf/node_modules/prettier-plugin-tailwindcss/dist/index.mjs:106:78), <anonymous>:15:1)
[[31merror[39m]     at file:///Users/mia/vesta-cx/vesta/node_modules/.pnpm/prettier-plugin-tailwindcss@0.7.2_prettier-plugin-astro@0.14.1_prettier-plugin-svelte@3_d4163ebf28de53b474e0228e4586fdcf/node_modules/prettier-plugin-tailwindcss/dist/index.mjs:235:406
[[31merror[39m]     at eval (eval at create (file:///Users/mia/vesta-cx/vesta/node_modules/.pnpm/prettier-plugin-tailwindcss@0.7.2_prettier-plugin-astro@0.14.1_prettier-plugin-svelte@3_d4163ebf28de53b474e0228e4586fdcf/node_modules/prettier-plugin-tailwindcss/dist/index.mjs:106:78), <anonymous>:27:1)
[[31merror[39m]     at file:///Users/mia/vesta-cx/vesta/node_modules/.pnpm/prettier-plugin-tailwindcss@0.7.2_prettier-plugin-astro@0.14.1_prettier-plugin-svelte@3_d4163ebf28de53b474e0228e4586fdcf/node_modules/prettier-plugin-tailwindcss/dist/index.mjs:102:12756
[[31merror[39m]     at file:///Users/mia/vesta-cx/vesta/node_modules/.pnpm/prettier-plugin-tailwindcss@0.7.2_prettier-plugin-astro@0.14.1_prettier-plugin-svelte@3_d4163ebf28de53b474e0228e4586fdcf/node_modules/prettier-plugin-tailwindcss/dist/index.mjs:235:406
[[31merror[39m]     at eval (eval at create (file:///Users/mia/vesta-cx/vesta/node_modules/.pnpm/prettier-plugin-tailwindcss@0.7.2_prettier-plugin-astro@0.14.1_prettier-plugin-svelte@3_d4163ebf28de53b474e0228e4586fdcf/node_modules/prettier-plugin-tailwindcss/dist/index.mjs:106:78), <anonymous>:15:1)
[[31merror[39m]     at file:///Users/mia/vesta-cx/vesta/node_modules/.pnpm/prettier-plugin-tailwindcss@0.7.2_prettier-plugin-astro@0.14.1_prettier-plugin-svelte@3_d4163ebf28de53b474e0228e4586fdcf/node_modules/prettier-plugin-tailwindcss/dist/index.mjs:235:406
src/lib/components/ui/alert-dialog/alert-dialog-cancel.svelte
[[31merror[39m] src/lib/components/ui/alert-dialog/alert-dialog-cancel.svelte: Error: Can't resolve '$lib/styles/theme.css' in '/Users/mia/vesta-cx/vesta/packages/ui/src'
[[31merror[39m]     at h (file:///Users/mia/vesta-cx/vesta/node_modules/.pnpm/prettier-plugin-tailwindcss@0.7.2_prettier-plugin-astro@0.14.1_prettier-plugin-svelte@3_d4163ebf28de53b474e0228e4586fdcf/node_modules/prettier-plugin-tailwindcss/dist/index.mjs:231:4669)
[[31merror[39m]     at file:///Users/mia/vesta-cx/vesta/node_modules/.pnpm/prettier-plugin-tailwindcss@0.7.2_prettier-plugin-astro@0.14.1_prettier-plugin-svelte@3_d4163ebf28de53b474e0228e4586fdcf/node_modules/prettier-plugin-tailwindcss/dist/index.mjs:232:708
[[31merror[39m]     at file:///Users/mia/vesta-cx/vesta/node_modules/.pnpm/prettier-plugin-tailwindcss@0.7.2_prettier-plugin-astro@0.14.1_prettier-plugin-svelte@3_d4163ebf28de53b474e0228e4586fdcf/node_modules/prettier-plugin-tailwindcss/dist/index.mjs:235:406
[[31merror[39m]     at eval (eval at create (file:///Users/mia/vesta-cx/vesta/node_modules/.pnpm/prettier-plugin-tailwindcss@0.7.2_prettier-plugin-astro@0.14.1_prettier-plugin-svelte@3_d4163ebf28de53b474e0228e4586fdcf/node_modules/prettier-plugin-tailwindcss/dist/index.mjs:106:78), <anonymous>:15:1)
[[31merror[39m]     at file:///Users/mia/vesta-cx/vesta/node_modules/.pnpm/prettier-plugin-tailwindcss@0.7.2_prettier-plugin-astro@0.14.1_prettier-plugin-svelte@3_d4163ebf28de53b474e0228e4586fdcf/node_modules/prettier-plugin-tailwindcss/dist/index.mjs:235:406
[[31merror[39m]     at eval (eval at create (file:///Users/mia/vesta-cx/vesta/node_modules/.pnpm/prettier-plugin-tailwindcss@0.7.2_prettier-plugin-astro@0.14.1_prettier-plugin-svelte@3_d4163ebf28de53b474e0228e4586fdcf/node_modules/prettier-plugin-tailwindcss/dist/index.mjs:106:78), <anonymous>:27:1)
[[31merror[39m]     at file:///Users/mia/vesta-cx/vesta/node_modules/.pnpm/prettier-plugin-tailwindcss@0.7.2_prettier-plugin-astro@0.14.1_prettier-plugin-svelte@3_d4163ebf28de53b474e0228e4586fdcf/node_modules/prettier-plugin-tailwindcss/dist/index.mjs:102:12756
[[31merror[39m]     at file:///Users/mia/vesta-cx/vesta/node_modules/.pnpm/prettier-plugin-tailwindcss@0.7.2_prettier-plugin-astro@0.14.1_prettier-plugin-svelte@3_d4163ebf28de53b474e0228e4586fdcf/node_modules/prettier-plugin-tailwindcss/dist/index.mjs:235:406
[[31merror[39m]     at eval (eval at create (file:///Users/mia/vesta-cx/vesta/node_modules/.pnpm/prettier-plugin-tailwindcss@0.7.2_prettier-plugin-astro@0.14.1_prettier-plugin-svelte@3_d4163ebf28de53b474e0228e4586fdcf/node_modules/prettier-plugin-tailwindcss/dist/index.mjs:106:78), <anonymous>:15:1)
[[31merror[39m]     at file:///Users/mia/vesta-cx/vesta/node_modules/.pnpm/prettier-plugin-tailwindcss@0.7.2_prettier-plugin-astro@0.14.1_prettier-plugin-svelte@3_d4163ebf28de53b474e0228e4586fdcf/node_modules/prettier-plugin-tailwindcss/dist/index.mjs:235:406
src/lib/components/ui/alert-dialog/alert-dialog-content.svelte
[[31merror[39m] src/lib/components/ui/alert-dialog/alert-dialog-content.svelte: Error: Can't resolve '$lib/styles/theme.css' in '/Users/mia/vesta-cx/vesta/packages/ui/src'
[[31merror[39m]     at h (file:///Users/mia/vesta-cx/vesta/node_modules/.pnpm/prettier-plugin-tailwindcss@0.7.2_prettier-plugin-astro@0.14.1_prettier-plugin-svelte@3_d4163ebf28de53b474e0228e4586fdcf/node_modules/prettier-plugin-tailwindcss/dist/index.mjs:231:4669)
[[31merror[39m]     at file:///Users/mia/vesta-cx/vesta/node_modules/.pnpm/prettier-plugin-tailwindcss@0.7.2_prettier-plugin-astro@0.14.1_prettier-plugin-svelte@3_d4163ebf28de53b474e0228e4586fdcf/node_modules/prettier-plugin-tailwindcss/dist/index.mjs:232:708
[[31merror[39m]     at file:///Users/mia/vesta-cx/vesta/node_modules/.pnpm/prettier-plugin-tailwindcss@0.7.2_prettier-plugin-astro@0.14.1_prettier-plugin-svelte@3_d4163ebf28de53b474e0228e4586fdcf/node_modules/prettier-plugin-tailwindcss/dist/index.mjs:235:406
[[31merror[39m]     at eval (eval at create (file:///Users/mia/vesta-cx/vesta/node_modules/.pnpm/prettier-plugin-tailwindcss@0.7.2_prettier-plugin-astro@0.14.1_prettier-plugin-svelte@3_d4163ebf28de53b474e0228e4586fdcf/node_modules/prettier-plugin-tailwindcss/dist/index.mjs:106:78), <anonymous>:15:1)
[[31merror[39m]     at file:///Users/mia/vesta-cx/vesta/node_modules/.pnpm/prettier-plugin-tailwindcss@0.7.2_prettier-plugin-astro@0.14.1_prettier-plugin-svelte@3_d4163ebf28de53b474e0228e4586fdcf/node_modules/prettier-plugin-tailwindcss/dist/index.mjs:235:406
[[31merror[39m]     at eval (eval at create (file:///Users/mia/vesta-cx/vesta/node_modules/.pnpm/prettier-plugin-tailwindcss@0.7.2_prettier-plugin-astro@0.14.1_prettier-plugin-svelte@3_d4163ebf28de53b474e0228e4586fdcf/node_modules/prettier-plugin-tailwindcss/dist/index.mjs:106:78), <anonymous>:27:1)
[[31merror[39m]     at file:///Users/mia/vesta-cx/vesta/node_modules/.pnpm/prettier-plugin-tailwindcss@0.7.2_prettier-plugin-astro@0.14.1_prettier-plugin-svelte@3_d4163ebf28de53b474e0228e4586fdcf/node_modules/prettier-plugin-tailwindcss/dist/index.mjs:102:12756
[[31merror[39m]     at file:///Users/mia/vesta-cx/vesta/node_modules/.pnpm/prettier-plugin-tailwindcss@0.7.2_prettier-plugin-astro@0.14.1_prettier-plugin-svelte@3_d4163ebf28de53b474e0228e4586fdcf/node_modules/prettier-plugin-tailwindcss/dist/index.mjs:235:406
[[31merror[39m]     at eval (eval at create (file:///Users/mia/vesta-cx/vesta/node_modules/.pnpm/prettier-plugin-tailwindcss@0.7.2_prettier-plugin-astro@0.14.1_prettier-plugin-svelte@3_d4163ebf28de53b474e0228e4586fdcf/node_modules/prettier-plugin-tailwindcss/dist/index.mjs:106:78), <anonymous>:15:1)
[[31merror[39m]     at file:///Users/mia/vesta-cx/vesta/node_modules/.pnpm/prettier-plugin-tailwindcss@0.7.2_prettier-plugin-astro@0.14.1_prettier-plugin-svelte@3_d4163ebf28de53b474e0228e4586fdcf/node_modules/prettier-plugin-tailwindcss/dist/index.mjs:235:406
src/lib/components/ui/alert-dialog/alert-dialog-description.svelte
[[31merror[39m] src/lib/components/ui/alert-dialog/alert-dialog-description.svelte: Error: Can't resolve '$lib/styles/theme.css' in '/Users/mia/vesta-cx/vesta/packages/ui/src'
[[31merror[39m]     at h (file:///Users/mia/vesta-cx/vesta/node_modules/.pnpm/prettier-plugin-tailwindcss@0.7.2_prettier-plugin-astro@0.14.1_prettier-plugin-svelte@3_d4163ebf28de53b474e0228e4586fdcf/node_modules/prettier-plugin-tailwindcss/dist/index.mjs:231:4669)
[[31merror[39m]     at file:///Users/mia/vesta-cx/vesta/node_modules/.pnpm/prettier-plugin-tailwindcss@0.7.2_prettier-plugin-astro@0.14.1_prettier-plugin-svelte@3_d4163ebf28de53b474e0228e4586fdcf/node_modules/prettier-plugin-tailwindcss/dist/index.mjs:232:708
[[31merror[39m]     at file:///Users/mia/vesta-cx/vesta/node_modules/.pnpm/prettier-plugin-tailwindcss@0.7.2_prettier-plugin-astro@0.14.1_prettier-plugin-svelte@3_d4163ebf28de53b474e0228e4586fdcf/node_modules/prettier-plugin-tailwindcss/dist/index.mjs:235:406
[[31merror[39m]     at eval (eval at create (file:///Users/mia/vesta-cx/vesta/node_modules/.pnpm/prettier-plugin-tailwindcss@0.7.2_prettier-plugin-astro@0.14.1_prettier-plugin-svelte@3_d4163ebf28de53b474e0228e4586fdcf/node_modules/prettier-plugin-tailwindcss/dist/index.mjs:106:78), <anonymous>:15:1)
[[31merror[39m]     at file:///Users/mia/vesta-cx/vesta/node_modules/.pnpm/prettier-plugin-tailwindcss@0.7.2_prettier-plugin-astro@0.14.1_prettier-plugin-svelte@3_d4163ebf28de53b474e0228e4586fdcf/node_modules/prettier-plugin-tailwindcss/dist/index.mjs:235:406
[[31merror[39m]     at eval (eval at create (file:///Users/mia/vesta-cx/vesta/node_modules/.pnpm/prettier-plugin-tailwindcss@0.7.2_prettier-plugin-astro@0.14.1_prettier-plugin-svelte@3_d4163ebf28de53b474e0228e4586fdcf/node_modules/prettier-plugin-tailwindcss/dist/index.mjs:106:78), <anonymous>:27:1)
[[31merror[39m]     at file:///Users/mia/vesta-cx/vesta/node_modules/.pnpm/prettier-plugin-tailwindcss@0.7.2_prettier-plugin-astro@0.14.1_prettier-plugin-svelte@3_d4163ebf28de53b474e0228e4586fdcf/node_modules/prettier-plugin-tailwindcss/dist/index.mjs:102:12756
[[31merror[39m]     at file:///Users/mia/vesta-cx/vesta/node_modules/.pnpm/prettier-plugin-tailwindcss@0.7.2_prettier-plugin-astro@0.14.1_prettier-plugin-svelte@3_d4163ebf28de53b474e0228e4586fdcf/node_modules/prettier-plugin-tailwindcss/dist/index.mjs:235:406
[[31merror[39m]     at eval (eval at create (file:///Users/mia/vesta-cx/vesta/node_modules/.pnpm/prettier-plugin-tailwindcss@0.7.2_prettier-plugin-astro@0.14.1_prettier-plugin-svelte@3_d4163ebf28de53b474e0228e4586fdcf/node_modules/prettier-plugin-tailwindcss/dist/index.mjs:106:78), <anonymous>:15:1)
[[31merror[39m]     at file:///Users/mia/vesta-cx/vesta/node_modules/.pnpm/prettier-plugin-tailwindcss@0.7.2_prettier-plugin-astro@0.14.1_prettier-plugin-svelte@3_d4163ebf28de53b474e0228e4586fdcf/node_modules/prettier-plugin-tailwindcss/dist/index.mjs:235:406
src/lib/components/ui/alert-dialog/alert-dialog-footer.svelte
[[31merror[39m] src/lib/components/ui/alert-dialog/alert-dialog-footer.svelte: Error: Can't resolve '$lib/styles/theme.css' in '/Users/mia/vesta-cx/vesta/packages/ui/src'
[[31merror[39m]     at h (file:///Users/mia/vesta-cx/vesta/node_modules/.pnpm/prettier-plugin-tailwindcss@0.7.2_prettier-plugin-astro@0.14.1_prettier-plugin-svelte@3_d4163ebf28de53b474e0228e4586fdcf/node_modules/prettier-plugin-tailwindcss/dist/index.mjs:231:4669)
[[31merror[39m]     at file:///Users/mia/vesta-cx/vesta/node_modules/.pnpm/prettier-plugin-tailwindcss@0.7.2_prettier-plugin-astro@0.14.1_prettier-plugin-svelte@3_d4163ebf28de53b474e0228e4586fdcf/node_modules/prettier-plugin-tailwindcss/dist/index.mjs:232:708
[[31merror[39m]     at file:///Users/mia/vesta-cx/vesta/node_modules/.pnpm/prettier-plugin-tailwindcss@0.7.2_prettier-plugin-astro@0.14.1_prettier-plugin-svelte@3_d4163ebf28de53b474e0228e4586fdcf/node_modules/prettier-plugin-tailwindcss/dist/index.mjs:235:406
[[31merror[39m]     at eval (eval at create (file:///Users/mia/vesta-cx/vesta/node_modules/.pnpm/prettier-plugin-tailwindcss@0.7.2_prettier-plugin-astro@0.14.1_prettier-plugin-svelte@3_d4163ebf28de53b474e0228e4586fdcf/node_modules/prettier-plugin-tailwindcss/dist/index.mjs:106:78), <anonymous>:15:1)
[[31merror[39m]     at file:///Users/mia/vesta-cx/vesta/node_modules/.pnpm/prettier-plugin-tailwindcss@0.7.2_prettier-plugin-astro@0.14.1_prettier-plugin-svelte@3_d4163ebf28de53b474e0228e4586fdcf/node_modules/prettier-plugin-tailwindcss/dist/index.mjs:235:406
[[31merror[39m]     at eval (eval at create (file:///Users/mia/vesta-cx/vesta/node_modules/.pnpm/prettier-plugin-tailwindcss@0.7.2_prettier-plugin-astro@0.14.1_prettier-plugin-svelte@3_d4163ebf28de53b474e0228e4586fdcf/node_modules/prettier-plugin-tailwindcss/dist/index.mjs:106:78), <anonymous>:27:1)
[[31merror[39m]     at file:///Users/mia/vesta-cx/vesta/node_modules/.pnpm/prettier-plugin-tailwindcss@0.7.2_prettier-plugin-astro@0.14.1_prettier-plugin-svelte@3_d4163ebf28de53b474e0228e4586fdcf/node_modules/prettier-plugin-tailwindcss/dist/index.mjs:102:12756
[[31merror[39m]     at file:///Users/mia/vesta-cx/vesta/node_modules/.pnpm/prettier-plugin-tailwindcss@0.7.2_prettier-plugin-astro@0.14.1_prettier-plugin-svelte@3_d4163ebf28de53b474e0228e4586fdcf/node_modules/prettier-plugin-tailwindcss/dist/index.mjs:235:406
[[31merror[39m]     at eval (eval at create (file:///Users/mia/vesta-cx/vesta/node_modules/.pnpm/prettier-plugin-tailwindcss@0.7.2_prettier-plugin-astro@0.14.1_prettier-plugin-svelte@3_d4163ebf28de53b474e0228e4586fdcf/node_modules/prettier-plugin-tailwindcss/dist/index.mjs:106:78), <anonymous>:15:1)
[[31merror[39m]     at file:///Users/mia/vesta-cx/vesta/node_modules/.pnpm/prettier-plugin-tailwindcss@0.7.2_prettier-plugin-astro@0.14.1_prettier-plugin-svelte@3_d4163ebf28de53b474e0228e4586fdcf/node_modules/prettier-plugin-tailwindcss/dist/index.mjs:235:406
src/lib/components/ui/alert-dialog/alert-dialog-header.svelte
[[31merror[39m] src/lib/components/ui/alert-dialog/alert-dialog-header.svelte: Error: Can't resolve '$lib/styles/theme.css' in '/Users/mia/vesta-cx/vesta/packages/ui/src'
[[31merror[39m]     at h (file:///Users/mia/vesta-cx/vesta/node_modules/.pnpm/prettier-plugin-tailwindcss@0.7.2_prettier-plugin-astro@0.14.1_prettier-plugin-svelte@3_d4163ebf28de53b474e0228e4586fdcf/node_modules/prettier-plugin-tailwindcss/dist/index.mjs:231:4669)
[[31merror[39m]     at file:///Users/mia/vesta-cx/vesta/node_modules/.pnpm/prettier-plugin-tailwindcss@0.7.2_prettier-plugin-astro@0.14.1_prettier-plugin-svelte@3_d4163ebf28de53b474e0228e4586fdcf/node_modules/prettier-plugin-tailwindcss/dist/index.mjs:232:708
[[31merror[39m]     at file:///Users/mia/vesta-cx/vesta/node_modules/.pnpm/prettier-plugin-tailwindcss@0.7.2_prettier-plugin-astro@0.14.1_prettier-plugin-svelte@3_d4163ebf28de53b474e0228e4586fdcf/node_modules/prettier-plugin-tailwindcss/dist/index.mjs:235:406
[[31merror[39m]     at eval (eval at create (file:///Users/mia/vesta-cx/vesta/node_modules/.pnpm/prettier-plugin-tailwindcss@0.7.2_prettier-plugin-astro@0.14.1_prettier-plugin-svelte@3_d4163ebf28de53b474e0228e4586fdcf/node_modules/prettier-plugin-tailwindcss/dist/index.mjs:106:78), <anonymous>:15:1)
[[31merror[39m]     at file:///Users/mia/vesta-cx/vesta/node_modules/.pnpm/prettier-plugin-tailwindcss@0.7.2_prettier-plugin-astro@0.14.1_prettier-plugin-svelte@3_d4163ebf28de53b474e0228e4586fdcf/node_modules/prettier-plugin-tailwindcss/dist/index.mjs:235:406
[[31merror[39m]     at eval (eval at create (file:///Users/mia/vesta-cx/vesta/node_modules/.pnpm/prettier-plugin-tailwindcss@0.7.2_prettier-plugin-astro@0.14.1_prettier-plugin-svelte@3_d4163ebf28de53b474e0228e4586fdcf/node_modules/prettier-plugin-tailwindcss/dist/index.mjs:106:78), <anonymous>:27:1)
[[31merror[39m]     at file:///Users/mia/vesta-cx/vesta/node_modules/.pnpm/prettier-plugin-tailwindcss@0.7.2_prettier-plugin-astro@0.14.1_prettier-plugin-svelte@3_d4163ebf28de53b474e0228e4586fdcf/node_modules/prettier-plugin-tailwindcss/dist/index.mjs:102:12756
[[31merror[39m]     at file:///Users/mia/vesta-cx/vesta/node_modules/.pnpm/prettier-plugin-tailwindcss@0.7.2_prettier-plugin-astro@0.14.1_prettier-plugin-svelte@3_d4163ebf28de53b474e0228e4586fdcf/node_modules/prettier-plugin-tailwindcss/dist/index.mjs:235:406
[[31merror[39m]     at eval (eval at create (file:///Users/mia/vesta-cx/vesta/node_modules/.pnpm/prettier-plugin-tailwindcss@0.7.2_prettier-plugin-astro@0.14.1_prettier-plugin-svelte@3_d4163ebf28de53b474e0228e4586fdcf/node_modules/prettier-plugin-tailwindcss/dist/index.mjs:106:78), <anonymous>:15:1)
[[31merror[39m]     at file:///Users/mia/vesta-cx/vesta/node_modules/.pnpm/prettier-plugin-tailwindcss@0.7.2_prettier-plugin-astro@0.14.1_prettier-plugin-svelte@3_d4163ebf28de53b474e0228e4586fdcf/node_modules/prettier-plugin-tailwindcss/dist/index.mjs:235:406
src/lib/components/ui/alert-dialog/alert-dialog-overlay.svelte
[[31merror[39m] src/lib/components/ui/alert-dialog/alert-dialog-overlay.svelte: Error: Can't resolve '$lib/styles/theme.css' in '/Users/mia/vesta-cx/vesta/packages/ui/src'
[[31merror[39m]     at h (file:///Users/mia/vesta-cx/vesta/node_modules/.pnpm/prettier-plugin-tailwindcss@0.7.2_prettier-plugin-astro@0.14.1_prettier-plugin-svelte@3_d4163ebf28de53b474e0228e4586fdcf/node_modules/prettier-plugin-tailwindcss/dist/index.mjs:231:4669)
[[31merror[39m]     at file:///Users/mia/vesta-cx/vesta/node_modules/.pnpm/prettier-plugin-tailwindcss@0.7.2_prettier-plugin-astro@0.14.1_prettier-plugin-svelte@3_d4163ebf28de53b474e0228e4586fdcf/node_modules/prettier-plugin-tailwindcss/dist/index.mjs:232:708
[[31merror[39m]     at file:///Users/mia/vesta-cx/vesta/node_modules/.pnpm/prettier-plugin-tailwindcss@0.7.2_prettier-plugin-astro@0.14.1_prettier-plugin-svelte@3_d4163ebf28de53b474e0228e4586fdcf/node_modules/prettier-plugin-tailwindcss/dist/index.mjs:235:406
[[31merror[39m]     at eval (eval at create (file:///Users/mia/vesta-cx/vesta/node_modules/.pnpm/prettier-plugin-tailwindcss@0.7.2_prettier-plugin-astro@0.14.1_prettier-plugin-svelte@3_d4163ebf28de53b474e0228e4586fdcf/node_modules/prettier-plugin-tailwindcss/dist/index.mjs:106:78), <anonymous>:15:1)
[[31merror[39m]     at file:///Users/mia/vesta-cx/vesta/node_modules/.pnpm/prettier-plugin-tailwindcss@0.7.2_prettier-plugin-astro@0.14.1_prettier-plugin-svelte@3_d4163ebf28de53b474e0228e4586fdcf/node_modules/prettier-plugin-tailwindcss/dist/index.mjs:235:406
[[31merror[39m]     at eval (eval at create (file:///Users/mia/vesta-cx/vesta/node_modules/.pnpm/prettier-plugin-tailwindcss@0.7.2_prettier-plugin-astro@0.14.1_prettier-plugin-svelte@3_d4163ebf28de53b474e0228e4586fdcf/node_modules/prettier-plugin-tailwindcss/dist/index.mjs:106:78), <anonymous>:27:1)
[[31merror[39m]     at file:///Users/mia/vesta-cx/vesta/node_modules/.pnpm/prettier-plugin-tailwindcss@0.7.2_prettier-plugin-astro@0.14.1_prettier-plugin-svelte@3_d4163ebf28de53b474e0228e4586fdcf/node_modules/prettier-plugin-tailwindcss/dist/index.mjs:102:12756
[[31merror[39m]     at file:///Users/mia/vesta-cx/vesta/node_modules/.pnpm/prettier-plugin-tailwindcss@0.7.2_prettier-plugin-astro@0.14.1_prettier-plugin-svelte@3_d4163ebf28de53b474e0228e4586fdcf/node_modules/prettier-plugin-tailwindcss/dist/index.mjs:235:406
[[31merror[39m]     at eval (eval at create (file:///Users/mia/vesta-cx/vesta/node_modules/.pnpm/prettier-plugin-tailwindcss@0.7.2_prettier-plugin-astro@0.14.1_prettier-plugin-svelte@3_d4163ebf28de53b474e0228e4586fdcf/node_modules/prettier-plugin-tailwindcss/dist/index.mjs:106:78), <anonymous>:15:1)
[[31merror[39m]     at file:///Users/mia/vesta-cx/vesta/node_modules/.pnpm/prettier-plugin-tailwindcss@0.7.2_prettier-plugin-astro@0.14.1_prettier-plugin-svelte@3_d4163ebf28de53b474e0228e4586fdcf/node_modules/prettier-plugin-tailwindcss/dist/index.mjs:235:406
src/lib/components/ui/alert-dialog/alert-dialog-title.svelte
[[31merror[39m] src/lib/components/ui/alert-dialog/alert-dialog-title.svelte: Error: Can't resolve '$lib/styles/theme.css' in '/Users/mia/vesta-cx/vesta/packages/ui/src'
[[31merror[39m]     at h (file:///Users/mia/vesta-cx/vesta/node_modules/.pnpm/prettier-plugin-tailwindcss@0.7.2_prettier-plugin-astro@0.14.1_prettier-plugin-svelte@3_d4163ebf28de53b474e0228e4586fdcf/node_modules/prettier-plugin-tailwindcss/dist/index.mjs:231:4669)
[[31merror[39m]     at file:///Users/mia/vesta-cx/vesta/node_modules/.pnpm/prettier-plugin-tailwindcss@0.7.2_prettier-plugin-astro@0.14.1_prettier-plugin-svelte@3_d4163ebf28de53b474e0228e4586fdcf/node_modules/prettier-plugin-tailwindcss/dist/index.mjs:232:708
[[31merror[39m]     at file:///Users/mia/vesta-cx/vesta/node_modules/.pnpm/prettier-plugin-tailwindcss@0.7.2_prettier-plugin-astro@0.14.1_prettier-plugin-svelte@3_d4163ebf28de53b474e0228e4586fdcf/node_modules/prettier-plugin-tailwindcss/dist/index.mjs:235:406
[[31merror[39m]     at eval (eval at create (file:///Users/mia/vesta-cx/vesta/node_modules/.pnpm/prettier-plugin-tailwindcss@0.7.2_prettier-plugin-astro@0.14.1_prettier-plugin-svelte@3_d4163ebf28de53b474e0228e4586fdcf/node_modules/prettier-plugin-tailwindcss/dist/index.mjs:106:78), <anonymous>:15:1)
[[31merror[39m]     at file:///Users/mia/vesta-cx/vesta/node_modules/.pnpm/prettier-plugin-tailwindcss@0.7.2_prettier-plugin-astro@0.14.1_prettier-plugin-svelte@3_d4163ebf28de53b474e0228e4586fdcf/node_modules/prettier-plugin-tailwindcss/dist/index.mjs:235:406
[[31merror[39m]     at eval (eval at create (file:///Users/mia/vesta-cx/vesta/node_modules/.pnpm/prettier-plugin-tailwindcss@0.7.2_prettier-plugin-astro@0.14.1_prettier-plugin-svelte@3_d4163ebf28de53b474e0228e4586fdcf/node_modules/prettier-plugin-tailwindcss/dist/index.mjs:106:78), <anonymous>:27:1)
[[31merror[39m]     at file:///Users/mia/vesta-cx/vesta/node_modules/.pnpm/prettier-plugin-tailwindcss@0.7.2_prettier-plugin-astro@0.14.1_prettier-plugin-svelte@3_d4163ebf28de53b474e0228e4586fdcf/node_modules/prettier-plugin-tailwindcss/dist/index.mjs:102:12756
[[31merror[39m]     at file:///Users/mia/vesta-cx/vesta/node_modules/.pnpm/prettier-plugin-tailwindcss@0.7.2_prettier-plugin-astro@0.14.1_prettier-plugin-svelte@3_d4163ebf28de53b474e0228e4586fdcf/node_modules/prettier-plugin-tailwindcss/dist/index.mjs:235:406
[[31merror[39m]     at eval (eval at create (file:///Users/mia/vesta-cx/vesta/node_modules/.pnpm/prettier-plugin-tailwindcss@0.7.2_prettier-plugin-astro@0.14.1_prettier-plugin-svelte@3_d4163ebf28de53b474e0228e4586fdcf/node_modules/prettier-plugin-tailwindcss/dist/index.mjs:106:78), <anonymous>:15:1)
[[31merror[39m]     at file:///Users/mia/vesta-cx/vesta/node_modules/.pnpm/prettier-plugin-tailwindcss@0.7.2_prettier-plugin-astro@0.14.1_prettier-plugin-svelte@3_d4163ebf28de53b474e0228e4586fdcf/node_modules/prettier-plugin-tailwindcss/dist/index.mjs:235:406
src/lib/components/ui/alert-dialog/alert-dialog-trigger.svelte
[[31merror[39m] src/lib/components/ui/alert-dialog/alert-dialog-trigger.svelte: Error: Can't resolve '$lib/styles/theme.css' in '/Users/mia/vesta-cx/vesta/packages/ui/src'
[[31merror[39m]     at h (file:///Users/mia/vesta-cx/vesta/node_modules/.pnpm/prettier-plugin-tailwindcss@0.7.2_prettier-plugin-astro@0.14.1_prettier-plugin-svelte@3_d4163ebf28de53b474e0228e4586fdcf/node_modules/prettier-plugin-tailwindcss/dist/index.mjs:231:4669)
[[31merror[39m]     at file:///Users/mia/vesta-cx/vesta/node_modules/.pnpm/prettier-plugin-tailwindcss@0.7.2_prettier-plugin-astro@0.14.1_prettier-plugin-svelte@3_d4163ebf28de53b474e0228e4586fdcf/node_modules/prettier-plugin-tailwindcss/dist/index.mjs:232:708
[[31merror[39m]     at file:///Users/mia/vesta-cx/vesta/node_modules/.pnpm/prettier-plugin-tailwindcss@0.7.2_prettier-plugin-astro@0.14.1_prettier-plugin-svelte@3_d4163ebf28de53b474e0228e4586fdcf/node_modules/prettier-plugin-tailwindcss/dist/index.mjs:235:406
[[31merror[39m]     at eval (eval at create (file:///Users/mia/vesta-cx/vesta/node_modules/.pnpm/prettier-plugin-tailwindcss@0.7.2_prettier-plugin-astro@0.14.1_prettier-plugin-svelte@3_d4163ebf28de53b474e0228e4586fdcf/node_modules/prettier-plugin-tailwindcss/dist/index.mjs:106:78), <anonymous>:15:1)
[[31merror[39m]     at file:///Users/mia/vesta-cx/vesta/node_modules/.pnpm/prettier-plugin-tailwindcss@0.7.2_prettier-plugin-astro@0.14.1_prettier-plugin-svelte@3_d4163ebf28de53b474e0228e4586fdcf/node_modules/prettier-plugin-tailwindcss/dist/index.mjs:235:406
[[31merror[39m]     at eval (eval at create (file:///Users/mia/vesta-cx/vesta/node_modules/.pnpm/prettier-plugin-tailwindcss@0.7.2_prettier-plugin-astro@0.14.1_prettier-plugin-svelte@3_d4163ebf28de53b474e0228e4586fdcf/node_modules/prettier-plugin-tailwindcss/dist/index.mjs:106:78), <anonymous>:27:1)
[[31merror[39m]     at file:///Users/mia/vesta-cx/vesta/node_modules/.pnpm/prettier-plugin-tailwindcss@0.7.2_prettier-plugin-astro@0.14.1_prettier-plugin-svelte@3_d4163ebf28de53b474e0228e4586fdcf/node_modules/prettier-plugin-tailwindcss/dist/index.mjs:102:12756
[[31merror[39m]     at file:///Users/mia/vesta-cx/vesta/node_modules/.pnpm/prettier-plugin-tailwindcss@0.7.2_prettier-plugin-astro@0.14.1_prettier-plugin-svelte@3_d4163ebf28de53b474e0228e4586fdcf/node_modules/prettier-plugin-tailwindcss/dist/index.mjs:235:406
[[31merror[39m]     at eval (eval at create (file:///Users/mia/vesta-cx/vesta/node_modules/.pnpm/prettier-plugin-tailwindcss@0.7.2_prettier-plugin-astro@0.14.1_prettier-plugin-svelte@3_d4163ebf28de53b474e0228e4586fdcf/node_modules/prettier-plugin-tailwindcss/dist/index.mjs:106:78), <anonymous>:15:1)
[[31merror[39m]     at file:///Users/mia/vesta-cx/vesta/node_modules/.pnpm/prettier-plugin-tailwindcss@0.7.2_prettier-plugin-astro@0.14.1_prettier-plugin-svelte@3_d4163ebf28de53b474e0228e4586fdcf/node_modules/prettier-plugin-tailwindcss/dist/index.mjs:235:406
src/lib/components/ui/alert-dialog/index.ts
[[31merror[39m] src/lib/components/ui/alert-dialog/index.ts: Error: Can't resolve '$lib/styles/theme.css' in '/Users/mia/vesta-cx/vesta/packages/ui/src'
[[31merror[39m]     at h (file:///Users/mia/vesta-cx/vesta/node_modules/.pnpm/prettier-plugin-tailwindcss@0.7.2_prettier-plugin-astro@0.14.1_prettier-plugin-svelte@3_d4163ebf28de53b474e0228e4586fdcf/node_modules/prettier-plugin-tailwindcss/dist/index.mjs:231:4669)
[[31merror[39m]     at file:///Users/mia/vesta-cx/vesta/node_modules/.pnpm/prettier-plugin-tailwindcss@0.7.2_prettier-plugin-astro@0.14.1_prettier-plugin-svelte@3_d4163ebf28de53b474e0228e4586fdcf/node_modules/prettier-plugin-tailwindcss/dist/index.mjs:232:708
[[31merror[39m]     at file:///Users/mia/vesta-cx/vesta/node_modules/.pnpm/prettier-plugin-tailwindcss@0.7.2_prettier-plugin-astro@0.14.1_prettier-plugin-svelte@3_d4163ebf28de53b474e0228e4586fdcf/node_modules/prettier-plugin-tailwindcss/dist/index.mjs:235:406
[[31merror[39m]     at eval (eval at create (file:///Users/mia/vesta-cx/vesta/node_modules/.pnpm/prettier-plugin-tailwindcss@0.7.2_prettier-plugin-astro@0.14.1_prettier-plugin-svelte@3_d4163ebf28de53b474e0228e4586fdcf/node_modules/prettier-plugin-tailwindcss/dist/index.mjs:106:78), <anonymous>:15:1)
[[31merror[39m]     at file:///Users/mia/vesta-cx/vesta/node_modules/.pnpm/prettier-plugin-tailwindcss@0.7.2_prettier-plugin-astro@0.14.1_prettier-plugin-svelte@3_d4163ebf28de53b474e0228e4586fdcf/node_modules/prettier-plugin-tailwindcss/dist/index.mjs:235:406
[[31merror[39m]     at eval (eval at create (file:///Users/mia/vesta-cx/vesta/node_modules/.pnpm/prettier-plugin-tailwindcss@0.7.2_prettier-plugin-astro@0.14.1_prettier-plugin-svelte@3_d4163ebf28de53b474e0228e4586fdcf/node_modules/prettier-plugin-tailwindcss/dist/index.mjs:106:78), <anonymous>:27:1)
[[31merror[39m]     at file:///Users/mia/vesta-cx/vesta/node_modules/.pnpm/prettier-plugin-tailwindcss@0.7.2_prettier-plugin-astro@0.14.1_prettier-plugin-svelte@3_d4163ebf28de53b474e0228e4586fdcf/node_modules/prettier-plugin-tailwindcss/dist/index.mjs:102:12756
[[31merror[39m]     at file:///Users/mia/vesta-cx/vesta/node_modules/.pnpm/prettier-plugin-tailwindcss@0.7.2_prettier-plugin-astro@0.14.1_prettier-plugin-svelte@3_d4163ebf28de53b474e0228e4586fdcf/node_modules/prettier-plugin-tailwindcss/dist/index.mjs:235:406
[[31merror[39m]     at eval (eval at create (file:///Users/mia/vesta-cx/vesta/node_modules/.pnpm/prettier-plugin-tailwindcss@0.7.2_prettier-plugin-astro@0.14.1_prettier-plugin-svelte@3_d4163ebf28de53b474e0228e4586fdcf/node_modules/prettier-plugin-tailwindcss/dist/index.mjs:106:78), <anonymous>:15:1)
[[31merror[39m]     at file:///Users/mia/vesta-cx/vesta/node_modules/.pnpm/prettier-plugin-tailwindcss@0.7.2_prettier-plugin-astro@0.14.1_prettier-plugin-svelte@3_d4163ebf28de53b474e0228e4586fdcf/node_modules/prettier-plugin-tailwindcss/dist/index.mjs:235:406
src/lib/components/ui/alert/alert-description.svelte
[[31merror[39m] src/lib/components/ui/alert/alert-description.svelte: Error: Can't resolve '$lib/styles/theme.css' in '/Users/mia/vesta-cx/vesta/packages/ui/src'
[[31merror[39m]     at h (file:///Users/mia/vesta-cx/vesta/node_modules/.pnpm/prettier-plugin-tailwindcss@0.7.2_prettier-plugin-astro@0.14.1_prettier-plugin-svelte@3_d4163ebf28de53b474e0228e4586fdcf/node_modules/prettier-plugin-tailwindcss/dist/index.mjs:231:4669)
[[31merror[39m]     at file:///Users/mia/vesta-cx/vesta/node_modules/.pnpm/prettier-plugin-tailwindcss@0.7.2_prettier-plugin-astro@0.14.1_prettier-plugin-svelte@3_d4163ebf28de53b474e0228e4586fdcf/node_modules/prettier-plugin-tailwindcss/dist/index.mjs:232:708
[[31merror[39m]     at file:///Users/mia/vesta-cx/vesta/node_modules/.pnpm/prettier-plugin-tailwindcss@0.7.2_prettier-plugin-astro@0.14.1_prettier-plugin-svelte@3_d4163ebf28de53b474e0228e4586fdcf/node_modules/prettier-plugin-tailwindcss/dist/index.mjs:235:406
[[31merror[39m]     at eval (eval at create (file:///Users/mia/vesta-cx/vesta/node_modules/.pnpm/prettier-plugin-tailwindcss@0.7.2_prettier-plugin-astro@0.14.1_prettier-plugin-svelte@3_d4163ebf28de53b474e0228e4586fdcf/node_modules/prettier-plugin-tailwindcss/dist/index.mjs:106:78), <anonymous>:15:1)
[[31merror[39m]     at file:///Users/mia/vesta-cx/vesta/node_modules/.pnpm/prettier-plugin-tailwindcss@0.7.2_prettier-plugin-astro@0.14.1_prettier-plugin-svelte@3_d4163ebf28de53b474e0228e4586fdcf/node_modules/prettier-plugin-tailwindcss/dist/index.mjs:235:406
[[31merror[39m]     at eval (eval at create (file:///Users/mia/vesta-cx/vesta/node_modules/.pnpm/prettier-plugin-tailwindcss@0.7.2_prettier-plugin-astro@0.14.1_prettier-plugin-svelte@3_d4163ebf28de53b474e0228e4586fdcf/node_modules/prettier-plugin-tailwindcss/dist/index.mjs:106:78), <anonymous>:27:1)
[[31merror[39m]     at file:///Users/mia/vesta-cx/vesta/node_modules/.pnpm/prettier-plugin-tailwindcss@0.7.2_prettier-plugin-astro@0.14.1_prettier-plugin-svelte@3_d4163ebf28de53b474e0228e4586fdcf/node_modules/prettier-plugin-tailwindcss/dist/index.mjs:102:12756
[[31merror[39m]     at file:///Users/mia/vesta-cx/vesta/node_modules/.pnpm/prettier-plugin-tailwindcss@0.7.2_prettier-plugin-astro@0.14.1_prettier-plugin-svelte@3_d4163ebf28de53b474e0228e4586fdcf/node_modules/prettier-plugin-tailwindcss/dist/index.mjs:235:406
[[31merror[39m]     at eval (eval at create (file:///Users/mia/vesta-cx/vesta/node_modules/.pnpm/prettier-plugin-tailwindcss@0.7.2_prettier-plugin-astro@0.14.1_prettier-plugin-svelte@3_d4163ebf28de53b474e0228e4586fdcf/node_modules/prettier-plugin-tailwindcss/dist/index.mjs:106:78), <anonymous>:15:1)
[[31merror[39m]     at file:///Users/mia/vesta-cx/vesta/node_modules/.pnpm/prettier-plugin-tailwindcss@0.7.2_prettier-plugin-astro@0.14.1_prettier-plugin-svelte@3_d4163ebf28de53b474e0228e4586fdcf/node_modules/prettier-plugin-tailwindcss/dist/index.mjs:235:406
src/lib/components/ui/alert/alert-title.svelte
[[31merror[39m] src/lib/components/ui/alert/alert-title.svelte: Error: Can't resolve '$lib/styles/theme.css' in '/Users/mia/vesta-cx/vesta/packages/ui/src'
[[31merror[39m]     at h (file:///Users/mia/vesta-cx/vesta/node_modules/.pnpm/prettier-plugin-tailwindcss@0.7.2_prettier-plugin-astro@0.14.1_prettier-plugin-svelte@3_d4163ebf28de53b474e0228e4586fdcf/node_modules/prettier-plugin-tailwindcss/dist/index.mjs:231:4669)
[[31merror[39m]     at file:///Users/mia/vesta-cx/vesta/node_modules/.pnpm/prettier-plugin-tailwindcss@0.7.2_prettier-plugin-astro@0.14.1_prettier-plugin-svelte@3_d4163ebf28de53b474e0228e4586fdcf/node_modules/prettier-plugin-tailwindcss/dist/index.mjs:232:708
[[31merror[39m]     at file:///Users/mia/vesta-cx/vesta/node_modules/.pnpm/prettier-plugin-tailwindcss@0.7.2_prettier-plugin-astro@0.14.1_prettier-plugin-svelte@3_d4163ebf28de53b474e0228e4586fdcf/node_modules/prettier-plugin-tailwindcss/dist/index.mjs:235:406
[[31merror[39m]     at eval (eval at create (file:///Users/mia/vesta-cx/vesta/node_modules/.pnpm/prettier-plugin-tailwindcss@0.7.2_prettier-plugin-astro@0.14.1_prettier-plugin-svelte@3_d4163ebf28de53b474e0228e4586fdcf/node_modules/prettier-plugin-tailwindcss/dist/index.mjs:106:78), <anonymous>:15:1)
[[31merror[39m]     at file:///Users/mia/vesta-cx/vesta/node_modules/.pnpm/prettier-plugin-tailwindcss@0.7.2_prettier-plugin-astro@0.14.1_prettier-plugin-svelte@3_d4163ebf28de53b474e0228e4586fdcf/node_modules/prettier-plugin-tailwindcss/dist/index.mjs:235:406
[[31merror[39m]     at eval (eval at create (file:///Users/mia/vesta-cx/vesta/node_modules/.pnpm/prettier-plugin-tailwindcss@0.7.2_prettier-plugin-astro@0.14.1_prettier-plugin-svelte@3_d4163ebf28de53b474e0228e4586fdcf/node_modules/prettier-plugin-tailwindcss/dist/index.mjs:106:78), <anonymous>:27:1)
[[31merror[39m]     at file:///Users/mia/vesta-cx/vesta/node_modules/.pnpm/prettier-plugin-tailwindcss@0.7.2_prettier-plugin-astro@0.14.1_prettier-plugin-svelte@3_d4163ebf28de53b474e0228e4586fdcf/node_modules/prettier-plugin-tailwindcss/dist/index.mjs:102:12756
[[31merror[39m]     at file:///Users/mia/vesta-cx/vesta/node_modules/.pnpm/prettier-plugin-tailwindcss@0.7.2_prettier-plugin-astro@0.14.1_prettier-plugin-svelte@3_d4163ebf28de53b474e0228e4586fdcf/node_modules/prettier-plugin-tailwindcss/dist/index.mjs:235:406
[[31merror[39m]     at eval (eval at create (file:///Users/mia/vesta-cx/vesta/node_modules/.pnpm/prettier-plugin-tailwindcss@0.7.2_prettier-plugin-astro@0.14.1_prettier-plugin-svelte@3_d4163ebf28de53b474e0228e4586fdcf/node_modules/prettier-plugin-tailwindcss/dist/index.mjs:106:78), <anonymous>:15:1)
[[31merror[39m]     at file:///Users/mia/vesta-cx/vesta/node_modules/.pnpm/prettier-plugin-tailwindcss@0.7.2_prettier-plugin-astro@0.14.1_prettier-plugin-svelte@3_d4163ebf28de53b474e0228e4586fdcf/node_modules/prettier-plugin-tailwindcss/dist/index.mjs:235:406
src/lib/components/ui/alert/alert.svelte
[[31merror[39m] src/lib/components/ui/alert/alert.svelte: Error: Can't resolve '$lib/styles/theme.css' in '/Users/mia/vesta-cx/vesta/packages/ui/src'
[[31merror[39m]     at h (file:///Users/mia/vesta-cx/vesta/node_modules/.pnpm/prettier-plugin-tailwindcss@0.7.2_prettier-plugin-astro@0.14.1_prettier-plugin-svelte@3_d4163ebf28de53b474e0228e4586fdcf/node_modules/prettier-plugin-tailwindcss/dist/index.mjs:231:4669)
[[31merror[39m]     at file:///Users/mia/vesta-cx/vesta/node_modules/.pnpm/prettier-plugin-tailwindcss@0.7.2_prettier-plugin-astro@0.14.1_prettier-plugin-svelte@3_d4163ebf28de53b474e0228e4586fdcf/node_modules/prettier-plugin-tailwindcss/dist/index.mjs:232:708
[[31merror[39m]     at file:///Users/mia/vesta-cx/vesta/node_modules/.pnpm/prettier-plugin-tailwindcss@0.7.2_prettier-plugin-astro@0.14.1_prettier-plugin-svelte@3_d4163ebf28de53b474e0228e4586fdcf/node_modules/prettier-plugin-tailwindcss/dist/index.mjs:235:406
[[31merror[39m]     at eval (eval at create (file:///Users/mia/vesta-cx/vesta/node_modules/.pnpm/prettier-plugin-tailwindcss@0.7.2_prettier-plugin-astro@0.14.1_prettier-plugin-svelte@3_d4163ebf28de53b474e0228e4586fdcf/node_modules/prettier-plugin-tailwindcss/dist/index.mjs:106:78), <anonymous>:15:1)
[[31merror[39m]     at file:///Users/mia/vesta-cx/vesta/node_modules/.pnpm/prettier-plugin-tailwindcss@0.7.2_prettier-plugin-astro@0.14.1_prettier-plugin-svelte@3_d4163ebf28de53b474e0228e4586fdcf/node_modules/prettier-plugin-tailwindcss/dist/index.mjs:235:406
[[31merror[39m]     at eval (eval at create (file:///Users/mia/vesta-cx/vesta/node_modules/.pnpm/prettier-plugin-tailwindcss@0.7.2_prettier-plugin-astro@0.14.1_prettier-plugin-svelte@3_d4163ebf28de53b474e0228e4586fdcf/node_modules/prettier-plugin-tailwindcss/dist/index.mjs:106:78), <anonymous>:27:1)
[[31merror[39m]     at file:///Users/mia/vesta-cx/vesta/node_modules/.pnpm/prettier-plugin-tailwindcss@0.7.2_prettier-plugin-astro@0.14.1_prettier-plugin-svelte@3_d4163ebf28de53b474e0228e4586fdcf/node_modules/prettier-plugin-tailwindcss/dist/index.mjs:102:12756
[[31merror[39m]     at file:///Users/mia/vesta-cx/vesta/node_modules/.pnpm/prettier-plugin-tailwindcss@0.7.2_prettier-plugin-astro@0.14.1_prettier-plugin-svelte@3_d4163ebf28de53b474e0228e4586fdcf/node_modules/prettier-plugin-tailwindcss/dist/index.mjs:235:406
[[31merror[39m]     at eval (eval at create (file:///Users/mia/vesta-cx/vesta/node_modules/.pnpm/prettier-plugin-tailwindcss@0.7.2_prettier-plugin-astro@0.14.1_prettier-plugin-svelte@3_d4163ebf28de53b474e0228e4586fdcf/node_modules/prettier-plugin-tailwindcss/dist/index.mjs:106:78), <anonymous>:15:1)
[[31merror[39m]     at file:///Users/mia/vesta-cx/vesta/node_modules/.pnpm/prettier-plugin-tailwindcss@0.7.2_prettier-plugin-astro@0.14.1_prettier-plugin-svelte@3_d4163ebf28de53b474e0228e4586fdcf/node_modules/prettier-plugin-tailwindcss/dist/index.mjs:235:406
src/lib/components/ui/alert/index.ts
[[31merror[39m] src/lib/components/ui/alert/index.ts: Error: Can't resolve '$lib/styles/theme.css' in '/Users/mia/vesta-cx/vesta/packages/ui/src'
[[31merror[39m]     at h (file:///Users/mia/vesta-cx/vesta/node_modules/.pnpm/prettier-plugin-tailwindcss@0.7.2_prettier-plugin-astro@0.14.1_prettier-plugin-svelte@3_d4163ebf28de53b474e0228e4586fdcf/node_modules/prettier-plugin-tailwindcss/dist/index.mjs:231:4669)
[[31merror[39m]     at file:///Users/mia/vesta-cx/vesta/node_modules/.pnpm/prettier-plugin-tailwindcss@0.7.2_prettier-plugin-astro@0.14.1_prettier-plugin-svelte@3_d4163ebf28de53b474e0228e4586fdcf/node_modules/prettier-plugin-tailwindcss/dist/index.mjs:232:708
[[31merror[39m]     at file:///Users/mia/vesta-cx/vesta/node_modules/.pnpm/prettier-plugin-tailwindcss@0.7.2_prettier-plugin-astro@0.14.1_prettier-plugin-svelte@3_d4163ebf28de53b474e0228e4586fdcf/node_modules/prettier-plugin-tailwindcss/dist/index.mjs:235:406
[[31merror[39m]     at eval (eval at create (file:///Users/mia/vesta-cx/vesta/node_modules/.pnpm/prettier-plugin-tailwindcss@0.7.2_prettier-plugin-astro@0.14.1_prettier-plugin-svelte@3_d4163ebf28de53b474e0228e4586fdcf/node_modules/prettier-plugin-tailwindcss/dist/index.mjs:106:78), <anonymous>:15:1)
[[31merror[39m]     at file:///Users/mia/vesta-cx/vesta/node_modules/.pnpm/prettier-plugin-tailwindcss@0.7.2_prettier-plugin-astro@0.14.1_prettier-plugin-svelte@3_d4163ebf28de53b474e0228e4586fdcf/node_modules/prettier-plugin-tailwindcss/dist/index.mjs:235:406
[[31merror[39m]     at eval (eval at create (file:///Users/mia/vesta-cx/vesta/node_modules/.pnpm/prettier-plugin-tailwindcss@0.7.2_prettier-plugin-astro@0.14.1_prettier-plugin-svelte@3_d4163ebf28de53b474e0228e4586fdcf/node_modules/prettier-plugin-tailwindcss/dist/index.mjs:106:78), <anonymous>:27:1)
[[31merror[39m]     at file:///Users/mia/vesta-cx/vesta/node_modules/.pnpm/prettier-plugin-tailwindcss@0.7.2_prettier-plugin-astro@0.14.1_prettier-plugin-svelte@3_d4163ebf28de53b474e0228e4586fdcf/node_modules/prettier-plugin-tailwindcss/dist/index.mjs:102:12756
[[31merror[39m]     at file:///Users/mia/vesta-cx/vesta/node_modules/.pnpm/prettier-plugin-tailwindcss@0.7.2_prettier-plugin-astro@0.14.1_prettier-plugin-svelte@3_d4163ebf28de53b474e0228e4586fdcf/node_modules/prettier-plugin-tailwindcss/dist/index.mjs:235:406
[[31merror[39m]     at eval (eval at create (file:///Users/mia/vesta-cx/vesta/node_modules/.pnpm/prettier-plugin-tailwindcss@0.7.2_prettier-plugin-astro@0.14.1_prettier-plugin-svelte@3_d4163ebf28de53b474e0228e4586fdcf/node_modules/prettier-plugin-tailwindcss/dist/index.mjs:106:78), <anonymous>:15:1)
[[31merror[39m]     at file:///Users/mia/vesta-cx/vesta/node_modules/.pnpm/prettier-plugin-tailwindcss@0.7.2_prettier-plugin-astro@0.14.1_prettier-plugin-svelte@3_d4163ebf28de53b474e0228e4586fdcf/node_modules/prettier-plugin-tailwindcss/dist/index.mjs:235:406
src/lib/components/ui/aspect-ratio/aspect-ratio.svelte
[[31merror[39m] src/lib/components/ui/aspect-ratio/aspect-ratio.svelte: Error: Can't resolve '$lib/styles/theme.css' in '/Users/mia/vesta-cx/vesta/packages/ui/src'
[[31merror[39m]     at h (file:///Users/mia/vesta-cx/vesta/node_modules/.pnpm/prettier-plugin-tailwindcss@0.7.2_prettier-plugin-astro@0.14.1_prettier-plugin-svelte@3_d4163ebf28de53b474e0228e4586fdcf/node_modules/prettier-plugin-tailwindcss/dist/index.mjs:231:4669)
[[31merror[39m]     at file:///Users/mia/vesta-cx/vesta/node_modules/.pnpm/prettier-plugin-tailwindcss@0.7.2_prettier-plugin-astro@0.14.1_prettier-plugin-svelte@3_d4163ebf28de53b474e0228e4586fdcf/node_modules/prettier-plugin-tailwindcss/dist/index.mjs:232:708
[[31merror[39m]     at file:///Users/mia/vesta-cx/vesta/node_modules/.pnpm/prettier-plugin-tailwindcss@0.7.2_prettier-plugin-astro@0.14.1_prettier-plugin-svelte@3_d4163ebf28de53b474e0228e4586fdcf/node_modules/prettier-plugin-tailwindcss/dist/index.mjs:235:406
[[31merror[39m]     at eval (eval at create (file:///Users/mia/vesta-cx/vesta/node_modules/.pnpm/prettier-plugin-tailwindcss@0.7.2_prettier-plugin-astro@0.14.1_prettier-plugin-svelte@3_d4163ebf28de53b474e0228e4586fdcf/node_modules/prettier-plugin-tailwindcss/dist/index.mjs:106:78), <anonymous>:15:1)
[[31merror[39m]     at file:///Users/mia/vesta-cx/vesta/node_modules/.pnpm/prettier-plugin-tailwindcss@0.7.2_prettier-plugin-astro@0.14.1_prettier-plugin-svelte@3_d4163ebf28de53b474e0228e4586fdcf/node_modules/prettier-plugin-tailwindcss/dist/index.mjs:235:406
[[31merror[39m]     at eval (eval at create (file:///Users/mia/vesta-cx/vesta/node_modules/.pnpm/prettier-plugin-tailwindcss@0.7.2_prettier-plugin-astro@0.14.1_prettier-plugin-svelte@3_d4163ebf28de53b474e0228e4586fdcf/node_modules/prettier-plugin-tailwindcss/dist/index.mjs:106:78), <anonymous>:27:1)
[[31merror[39m]     at file:///Users/mia/vesta-cx/vesta/node_modules/.pnpm/prettier-plugin-tailwindcss@0.7.2_prettier-plugin-astro@0.14.1_prettier-plugin-svelte@3_d4163ebf28de53b474e0228e4586fdcf/node_modules/prettier-plugin-tailwindcss/dist/index.mjs:102:12756
[[31merror[39m]     at file:///Users/mia/vesta-cx/vesta/node_modules/.pnpm/prettier-plugin-tailwindcss@0.7.2_prettier-plugin-astro@0.14.1_prettier-plugin-svelte@3_d4163ebf28de53b474e0228e4586fdcf/node_modules/prettier-plugin-tailwindcss/dist/index.mjs:235:406
[[31merror[39m]     at eval (eval at create (file:///Users/mia/vesta-cx/vesta/node_modules/.pnpm/prettier-plugin-tailwindcss@0.7.2_prettier-plugin-astro@0.14.1_prettier-plugin-svelte@3_d4163ebf28de53b474e0228e4586fdcf/node_modules/prettier-plugin-tailwindcss/dist/index.mjs:106:78), <anonymous>:15:1)
[[31merror[39m]     at file:///Users/mia/vesta-cx/vesta/node_modules/.pnpm/prettier-plugin-tailwindcss@0.7.2_prettier-plugin-astro@0.14.1_prettier-plugin-svelte@3_d4163ebf28de53b474e0228e4586fdcf/node_modules/prettier-plugin-tailwindcss/dist/index.mjs:235:406
src/lib/components/ui/aspect-ratio/index.ts
[[31merror[39m] src/lib/components/ui/aspect-ratio/index.ts: Error: Can't resolve '$lib/styles/theme.css' in '/Users/mia/vesta-cx/vesta/packages/ui/src'
[[31merror[39m]     at h (file:///Users/mia/vesta-cx/vesta/node_modules/.pnpm/prettier-plugin-tailwindcss@0.7.2_prettier-plugin-astro@0.14.1_prettier-plugin-svelte@3_d4163ebf28de53b474e0228e4586fdcf/node_modules/prettier-plugin-tailwindcss/dist/index.mjs:231:4669)
[[31merror[39m]     at file:///Users/mia/vesta-cx/vesta/node_modules/.pnpm/prettier-plugin-tailwindcss@0.7.2_prettier-plugin-astro@0.14.1_prettier-plugin-svelte@3_d4163ebf28de53b474e0228e4586fdcf/node_modules/prettier-plugin-tailwindcss/dist/index.mjs:232:708
[[31merror[39m]     at file:///Users/mia/vesta-cx/vesta/node_modules/.pnpm/prettier-plugin-tailwindcss@0.7.2_prettier-plugin-astro@0.14.1_prettier-plugin-svelte@3_d4163ebf28de53b474e0228e4586fdcf/node_modules/prettier-plugin-tailwindcss/dist/index.mjs:235:406
[[31merror[39m]     at eval (eval at create (file:///Users/mia/vesta-cx/vesta/node_modules/.pnpm/prettier-plugin-tailwindcss@0.7.2_prettier-plugin-astro@0.14.1_prettier-plugin-svelte@3_d4163ebf28de53b474e0228e4586fdcf/node_modules/prettier-plugin-tailwindcss/dist/index.mjs:106:78), <anonymous>:15:1)
[[31merror[39m]     at file:///Users/mia/vesta-cx/vesta/node_modules/.pnpm/prettier-plugin-tailwindcss@0.7.2_prettier-plugin-astro@0.14.1_prettier-plugin-svelte@3_d4163ebf28de53b474e0228e4586fdcf/node_modules/prettier-plugin-tailwindcss/dist/index.mjs:235:406
[[31merror[39m]     at eval (eval at create (file:///Users/mia/vesta-cx/vesta/node_modules/.pnpm/prettier-plugin-tailwindcss@0.7.2_prettier-plugin-astro@0.14.1_prettier-plugin-svelte@3_d4163ebf28de53b474e0228e4586fdcf/node_modules/prettier-plugin-tailwindcss/dist/index.mjs:106:78), <anonymous>:27:1)
[[31merror[39m]     at file:///Users/mia/vesta-cx/vesta/node_modules/.pnpm/prettier-plugin-tailwindcss@0.7.2_prettier-plugin-astro@0.14.1_prettier-plugin-svelte@3_d4163ebf28de53b474e0228e4586fdcf/node_modules/prettier-plugin-tailwindcss/dist/index.mjs:102:12756
[[31merror[39m]     at file:///Users/mia/vesta-cx/vesta/node_modules/.pnpm/prettier-plugin-tailwindcss@0.7.2_prettier-plugin-astro@0.14.1_prettier-plugin-svelte@3_d4163ebf28de53b474e0228e4586fdcf/node_modules/prettier-plugin-tailwindcss/dist/index.mjs:235:406
[[31merror[39m]     at eval (eval at create (file:///Users/mia/vesta-cx/vesta/node_modules/.pnpm/prettier-plugin-tailwindcss@0.7.2_prettier-plugin-astro@0.14.1_prettier-plugin-svelte@3_d4163ebf28de53b474e0228e4586fdcf/node_modules/prettier-plugin-tailwindcss/dist/index.mjs:106:78), <anonymous>:15:1)
[[31merror[39m]     at file:///Users/mia/vesta-cx/vesta/node_modules/.pnpm/prettier-plugin-tailwindcss@0.7.2_prettier-plugin-astro@0.14.1_prettier-plugin-svelte@3_d4163ebf28de53b474e0228e4586fdcf/node_modules/prettier-plugin-tailwindcss/dist/index.mjs:235:406
src/lib/components/ui/avatar/avatar-fallback.svelte
[[31merror[39m] src/lib/components/ui/avatar/avatar-fallback.svelte: Error: Can't resolve '$lib/styles/theme.css' in '/Users/mia/vesta-cx/vesta/packages/ui/src'
[[31merror[39m]     at h (file:///Users/mia/vesta-cx/vesta/node_modules/.pnpm/prettier-plugin-tailwindcss@0.7.2_prettier-plugin-astro@0.14.1_prettier-plugin-svelte@3_d4163ebf28de53b474e0228e4586fdcf/node_modules/prettier-plugin-tailwindcss/dist/index.mjs:231:4669)
[[31merror[39m]     at file:///Users/mia/vesta-cx/vesta/node_modules/.pnpm/prettier-plugin-tailwindcss@0.7.2_prettier-plugin-astro@0.14.1_prettier-plugin-svelte@3_d4163ebf28de53b474e0228e4586fdcf/node_modules/prettier-plugin-tailwindcss/dist/index.mjs:232:708
[[31merror[39m]     at file:///Users/mia/vesta-cx/vesta/node_modules/.pnpm/prettier-plugin-tailwindcss@0.7.2_prettier-plugin-astro@0.14.1_prettier-plugin-svelte@3_d4163ebf28de53b474e0228e4586fdcf/node_modules/prettier-plugin-tailwindcss/dist/index.mjs:235:406
[[31merror[39m]     at eval (eval at create (file:///Users/mia/vesta-cx/vesta/node_modules/.pnpm/prettier-plugin-tailwindcss@0.7.2_prettier-plugin-astro@0.14.1_prettier-plugin-svelte@3_d4163ebf28de53b474e0228e4586fdcf/node_modules/prettier-plugin-tailwindcss/dist/index.mjs:106:78), <anonymous>:15:1)
[[31merror[39m]     at file:///Users/mia/vesta-cx/vesta/node_modules/.pnpm/prettier-plugin-tailwindcss@0.7.2_prettier-plugin-astro@0.14.1_prettier-plugin-svelte@3_d4163ebf28de53b474e0228e4586fdcf/node_modules/prettier-plugin-tailwindcss/dist/index.mjs:235:406
[[31merror[39m]     at eval (eval at create (file:///Users/mia/vesta-cx/vesta/node_modules/.pnpm/prettier-plugin-tailwindcss@0.7.2_prettier-plugin-astro@0.14.1_prettier-plugin-svelte@3_d4163ebf28de53b474e0228e4586fdcf/node_modules/prettier-plugin-tailwindcss/dist/index.mjs:106:78), <anonymous>:27:1)
[[31merror[39m]     at file:///Users/mia/vesta-cx/vesta/node_modules/.pnpm/prettier-plugin-tailwindcss@0.7.2_prettier-plugin-astro@0.14.1_prettier-plugin-svelte@3_d4163ebf28de53b474e0228e4586fdcf/node_modules/prettier-plugin-tailwindcss/dist/index.mjs:102:12756
[[31merror[39m]     at file:///Users/mia/vesta-cx/vesta/node_modules/.pnpm/prettier-plugin-tailwindcss@0.7.2_prettier-plugin-astro@0.14.1_prettier-plugin-svelte@3_d4163ebf28de53b474e0228e4586fdcf/node_modules/prettier-plugin-tailwindcss/dist/index.mjs:235:406
[[31merror[39m]     at eval (eval at create (file:///Users/mia/vesta-cx/vesta/node_modules/.pnpm/prettier-plugin-tailwindcss@0.7.2_prettier-plugin-astro@0.14.1_prettier-plugin-svelte@3_d4163ebf28de53b474e0228e4586fdcf/node_modules/prettier-plugin-tailwindcss/dist/index.mjs:106:78), <anonymous>:15:1)
[[31merror[39m]     at file:///Users/mia/vesta-cx/vesta/node_modules/.pnpm/prettier-plugin-tailwindcss@0.7.2_prettier-plugin-astro@0.14.1_prettier-plugin-svelte@3_d4163ebf28de53b474e0228e4586fdcf/node_modules/prettier-plugin-tailwindcss/dist/index.mjs:235:406
src/lib/components/ui/avatar/avatar-image.svelte
[[31merror[39m] src/lib/components/ui/avatar/avatar-image.svelte: Error: Can't resolve '$lib/styles/theme.css' in '/Users/mia/vesta-cx/vesta/packages/ui/src'
[[31merror[39m]     at h (file:///Users/mia/vesta-cx/vesta/node_modules/.pnpm/prettier-plugin-tailwindcss@0.7.2_prettier-plugin-astro@0.14.1_prettier-plugin-svelte@3_d4163ebf28de53b474e0228e4586fdcf/node_modules/prettier-plugin-tailwindcss/dist/index.mjs:231:4669)
[[31merror[39m]     at file:///Users/mia/vesta-cx/vesta/node_modules/.pnpm/prettier-plugin-tailwindcss@0.7.2_prettier-plugin-astro@0.14.1_prettier-plugin-svelte@3_d4163ebf28de53b474e0228e4586fdcf/node_modules/prettier-plugin-tailwindcss/dist/index.mjs:232:708
[[31merror[39m]     at file:///Users/mia/vesta-cx/vesta/node_modules/.pnpm/prettier-plugin-tailwindcss@0.7.2_prettier-plugin-astro@0.14.1_prettier-plugin-svelte@3_d4163ebf28de53b474e0228e4586fdcf/node_modules/prettier-plugin-tailwindcss/dist/index.mjs:235:406
[[31merror[39m]     at eval (eval at create (file:///Users/mia/vesta-cx/vesta/node_modules/.pnpm/prettier-plugin-tailwindcss@0.7.2_prettier-plugin-astro@0.14.1_prettier-plugin-svelte@3_d4163ebf28de53b474e0228e4586fdcf/node_modules/prettier-plugin-tailwindcss/dist/index.mjs:106:78), <anonymous>:15:1)
[[31merror[39m]     at file:///Users/mia/vesta-cx/vesta/node_modules/.pnpm/prettier-plugin-tailwindcss@0.7.2_prettier-plugin-astro@0.14.1_prettier-plugin-svelte@3_d4163ebf28de53b474e0228e4586fdcf/node_modules/prettier-plugin-tailwindcss/dist/index.mjs:235:406
[[31merror[39m]     at eval (eval at create (file:///Users/mia/vesta-cx/vesta/node_modules/.pnpm/prettier-plugin-tailwindcss@0.7.2_prettier-plugin-astro@0.14.1_prettier-plugin-svelte@3_d4163ebf28de53b474e0228e4586fdcf/node_modules/prettier-plugin-tailwindcss/dist/index.mjs:106:78), <anonymous>:27:1)
[[31merror[39m]     at file:///Users/mia/vesta-cx/vesta/node_modules/.pnpm/prettier-plugin-tailwindcss@0.7.2_prettier-plugin-astro@0.14.1_prettier-plugin-svelte@3_d4163ebf28de53b474e0228e4586fdcf/node_modules/prettier-plugin-tailwindcss/dist/index.mjs:102:12756
[[31merror[39m]     at file:///Users/mia/vesta-cx/vesta/node_modules/.pnpm/prettier-plugin-tailwindcss@0.7.2_prettier-plugin-astro@0.14.1_prettier-plugin-svelte@3_d4163ebf28de53b474e0228e4586fdcf/node_modules/prettier-plugin-tailwindcss/dist/index.mjs:235:406
[[31merror[39m]     at eval (eval at create (file:///Users/mia/vesta-cx/vesta/node_modules/.pnpm/prettier-plugin-tailwindcss@0.7.2_prettier-plugin-astro@0.14.1_prettier-plugin-svelte@3_d4163ebf28de53b474e0228e4586fdcf/node_modules/prettier-plugin-tailwindcss/dist/index.mjs:106:78), <anonymous>:15:1)
[[31merror[39m]     at file:///Users/mia/vesta-cx/vesta/node_modules/.pnpm/prettier-plugin-tailwindcss@0.7.2_prettier-plugin-astro@0.14.1_prettier-plugin-svelte@3_d4163ebf28de53b474e0228e4586fdcf/node_modules/prettier-plugin-tailwindcss/dist/index.mjs:235:406
src/lib/components/ui/avatar/avatar.svelte
[[31merror[39m] src/lib/components/ui/avatar/avatar.svelte: Error: Can't resolve '$lib/styles/theme.css' in '/Users/mia/vesta-cx/vesta/packages/ui/src'
[[31merror[39m]     at h (file:///Users/mia/vesta-cx/vesta/node_modules/.pnpm/prettier-plugin-tailwindcss@0.7.2_prettier-plugin-astro@0.14.1_prettier-plugin-svelte@3_d4163ebf28de53b474e0228e4586fdcf/node_modules/prettier-plugin-tailwindcss/dist/index.mjs:231:4669)
[[31merror[39m]     at file:///Users/mia/vesta-cx/vesta/node_modules/.pnpm/prettier-plugin-tailwindcss@0.7.2_prettier-plugin-astro@0.14.1_prettier-plugin-svelte@3_d4163ebf28de53b474e0228e4586fdcf/node_modules/prettier-plugin-tailwindcss/dist/index.mjs:232:708
[[31merror[39m]     at file:///Users/mia/vesta-cx/vesta/node_modules/.pnpm/prettier-plugin-tailwindcss@0.7.2_prettier-plugin-astro@0.14.1_prettier-plugin-svelte@3_d4163ebf28de53b474e0228e4586fdcf/node_modules/prettier-plugin-tailwindcss/dist/index.mjs:235:406
[[31merror[39m]     at eval (eval at create (file:///Users/mia/vesta-cx/vesta/node_modules/.pnpm/prettier-plugin-tailwindcss@0.7.2_prettier-plugin-astro@0.14.1_prettier-plugin-svelte@3_d4163ebf28de53b474e0228e4586fdcf/node_modules/prettier-plugin-tailwindcss/dist/index.mjs:106:78), <anonymous>:15:1)
[[31merror[39m]     at file:///Users/mia/vesta-cx/vesta/node_modules/.pnpm/prettier-plugin-tailwindcss@0.7.2_prettier-plugin-astro@0.14.1_prettier-plugin-svelte@3_d4163ebf28de53b474e0228e4586fdcf/node_modules/prettier-plugin-tailwindcss/dist/index.mjs:235:406
[[31merror[39m]     at eval (eval at create (file:///Users/mia/vesta-cx/vesta/node_modules/.pnpm/prettier-plugin-tailwindcss@0.7.2_prettier-plugin-astro@0.14.1_prettier-plugin-svelte@3_d4163ebf28de53b474e0228e4586fdcf/node_modules/prettier-plugin-tailwindcss/dist/index.mjs:106:78), <anonymous>:27:1)
[[31merror[39m]     at file:///Users/mia/vesta-cx/vesta/node_modules/.pnpm/prettier-plugin-tailwindcss@0.7.2_prettier-plugin-astro@0.14.1_prettier-plugin-svelte@3_d4163ebf28de53b474e0228e4586fdcf/node_modules/prettier-plugin-tailwindcss/dist/index.mjs:102:12756
[[31merror[39m]     at file:///Users/mia/vesta-cx/vesta/node_modules/.pnpm/prettier-plugin-tailwindcss@0.7.2_prettier-plugin-astro@0.14.1_prettier-plugin-svelte@3_d4163ebf28de53b474e0228e4586fdcf/node_modules/prettier-plugin-tailwindcss/dist/index.mjs:235:406
[[31merror[39m]     at eval (eval at create (file:///Users/mia/vesta-cx/vesta/node_modules/.pnpm/prettier-plugin-tailwindcss@0.7.2_prettier-plugin-astro@0.14.1_prettier-plugin-svelte@3_d4163ebf28de53b474e0228e4586fdcf/node_modules/prettier-plugin-tailwindcss/dist/index.mjs:106:78), <anonymous>:15:1)
[[31merror[39m]     at file:///Users/mia/vesta-cx/vesta/node_modules/.pnpm/prettier-plugin-tailwindcss@0.7.2_prettier-plugin-astro@0.14.1_prettier-plugin-svelte@3_d4163ebf28de53b474e0228e4586fdcf/node_modules/prettier-plugin-tailwindcss/dist/index.mjs:235:406
src/lib/components/ui/avatar/index.ts
[[31merror[39m] src/lib/components/ui/avatar/index.ts: Error: Can't resolve '$lib/styles/theme.css' in '/Users/mia/vesta-cx/vesta/packages/ui/src'
[[31merror[39m]     at h (file:///Users/mia/vesta-cx/vesta/node_modules/.pnpm/prettier-plugin-tailwindcss@0.7.2_prettier-plugin-astro@0.14.1_prettier-plugin-svelte@3_d4163ebf28de53b474e0228e4586fdcf/node_modules/prettier-plugin-tailwindcss/dist/index.mjs:231:4669)
[[31merror[39m]     at file:///Users/mia/vesta-cx/vesta/node_modules/.pnpm/prettier-plugin-tailwindcss@0.7.2_prettier-plugin-astro@0.14.1_prettier-plugin-svelte@3_d4163ebf28de53b474e0228e4586fdcf/node_modules/prettier-plugin-tailwindcss/dist/index.mjs:232:708
[[31merror[39m]     at file:///Users/mia/vesta-cx/vesta/node_modules/.pnpm/prettier-plugin-tailwindcss@0.7.2_prettier-plugin-astro@0.14.1_prettier-plugin-svelte@3_d4163ebf28de53b474e0228e4586fdcf/node_modules/prettier-plugin-tailwindcss/dist/index.mjs:235:406
[[31merror[39m]     at eval (eval at create (file:///Users/mia/vesta-cx/vesta/node_modules/.pnpm/prettier-plugin-tailwindcss@0.7.2_prettier-plugin-astro@0.14.1_prettier-plugin-svelte@3_d4163ebf28de53b474e0228e4586fdcf/node_modules/prettier-plugin-tailwindcss/dist/index.mjs:106:78), <anonymous>:15:1)
[[31merror[39m]     at file:///Users/mia/vesta-cx/vesta/node_modules/.pnpm/prettier-plugin-tailwindcss@0.7.2_prettier-plugin-astro@0.14.1_prettier-plugin-svelte@3_d4163ebf28de53b474e0228e4586fdcf/node_modules/prettier-plugin-tailwindcss/dist/index.mjs:235:406
[[31merror[39m]     at eval (eval at create (file:///Users/mia/vesta-cx/vesta/node_modules/.pnpm/prettier-plugin-tailwindcss@0.7.2_prettier-plugin-astro@0.14.1_prettier-plugin-svelte@3_d4163ebf28de53b474e0228e4586fdcf/node_modules/prettier-plugin-tailwindcss/dist/index.mjs:106:78), <anonymous>:27:1)
[[31merror[39m]     at file:///Users/mia/vesta-cx/vesta/node_modules/.pnpm/prettier-plugin-tailwindcss@0.7.2_prettier-plugin-astro@0.14.1_prettier-plugin-svelte@3_d4163ebf28de53b474e0228e4586fdcf/node_modules/prettier-plugin-tailwindcss/dist/index.mjs:102:12756
[[31merror[39m]     at file:///Users/mia/vesta-cx/vesta/node_modules/.pnpm/prettier-plugin-tailwindcss@0.7.2_prettier-plugin-astro@0.14.1_prettier-plugin-svelte@3_d4163ebf28de53b474e0228e4586fdcf/node_modules/prettier-plugin-tailwindcss/dist/index.mjs:235:406
[[31merror[39m]     at eval (eval at create (file:///Users/mia/vesta-cx/vesta/node_modules/.pnpm/prettier-plugin-tailwindcss@0.7.2_prettier-plugin-astro@0.14.1_prettier-plugin-svelte@3_d4163ebf28de53b474e0228e4586fdcf/node_modules/prettier-plugin-tailwindcss/dist/index.mjs:106:78), <anonymous>:15:1)
[[31merror[39m]     at file:///Users/mia/vesta-cx/vesta/node_modules/.pnpm/prettier-plugin-tailwindcss@0.7.2_prettier-plugin-astro@0.14.1_prettier-plugin-svelte@3_d4163ebf28de53b474e0228e4586fdcf/node_modules/prettier-plugin-tailwindcss/dist/index.mjs:235:406
src/lib/components/ui/badge/badge.svelte
[[31merror[39m] src/lib/components/ui/badge/badge.svelte: Error: Can't resolve '$lib/styles/theme.css' in '/Users/mia/vesta-cx/vesta/packages/ui/src'
[[31merror[39m]     at h (file:///Users/mia/vesta-cx/vesta/node_modules/.pnpm/prettier-plugin-tailwindcss@0.7.2_prettier-plugin-astro@0.14.1_prettier-plugin-svelte@3_d4163ebf28de53b474e0228e4586fdcf/node_modules/prettier-plugin-tailwindcss/dist/index.mjs:231:4669)
[[31merror[39m]     at file:///Users/mia/vesta-cx/vesta/node_modules/.pnpm/prettier-plugin-tailwindcss@0.7.2_prettier-plugin-astro@0.14.1_prettier-plugin-svelte@3_d4163ebf28de53b474e0228e4586fdcf/node_modules/prettier-plugin-tailwindcss/dist/index.mjs:232:708
[[31merror[39m]     at file:///Users/mia/vesta-cx/vesta/node_modules/.pnpm/prettier-plugin-tailwindcss@0.7.2_prettier-plugin-astro@0.14.1_prettier-plugin-svelte@3_d4163ebf28de53b474e0228e4586fdcf/node_modules/prettier-plugin-tailwindcss/dist/index.mjs:235:406
[[31merror[39m]     at eval (eval at create (file:///Users/mia/vesta-cx/vesta/node_modules/.pnpm/prettier-plugin-tailwindcss@0.7.2_prettier-plugin-astro@0.14.1_prettier-plugin-svelte@3_d4163ebf28de53b474e0228e4586fdcf/node_modules/prettier-plugin-tailwindcss/dist/index.mjs:106:78), <anonymous>:15:1)
[[31merror[39m]     at file:///Users/mia/vesta-cx/vesta/node_modules/.pnpm/prettier-plugin-tailwindcss@0.7.2_prettier-plugin-astro@0.14.1_prettier-plugin-svelte@3_d4163ebf28de53b474e0228e4586fdcf/node_modules/prettier-plugin-tailwindcss/dist/index.mjs:235:406
[[31merror[39m]     at eval (eval at create (file:///Users/mia/vesta-cx/vesta/node_modules/.pnpm/prettier-plugin-tailwindcss@0.7.2_prettier-plugin-astro@0.14.1_prettier-plugin-svelte@3_d4163ebf28de53b474e0228e4586fdcf/node_modules/prettier-plugin-tailwindcss/dist/index.mjs:106:78), <anonymous>:27:1)
[[31merror[39m]     at file:///Users/mia/vesta-cx/vesta/node_modules/.pnpm/prettier-plugin-tailwindcss@0.7.2_prettier-plugin-astro@0.14.1_prettier-plugin-svelte@3_d4163ebf28de53b474e0228e4586fdcf/node_modules/prettier-plugin-tailwindcss/dist/index.mjs:102:12756
[[31merror[39m]     at file:///Users/mia/vesta-cx/vesta/node_modules/.pnpm/prettier-plugin-tailwindcss@0.7.2_prettier-plugin-astro@0.14.1_prettier-plugin-svelte@3_d4163ebf28de53b474e0228e4586fdcf/node_modules/prettier-plugin-tailwindcss/dist/index.mjs:235:406
[[31merror[39m]     at eval (eval at create (file:///Users/mia/vesta-cx/vesta/node_modules/.pnpm/prettier-plugin-tailwindcss@0.7.2_prettier-plugin-astro@0.14.1_prettier-plugin-svelte@3_d4163ebf28de53b474e0228e4586fdcf/node_modules/prettier-plugin-tailwindcss/dist/index.mjs:106:78), <anonymous>:15:1)
[[31merror[39m]     at file:///Users/mia/vesta-cx/vesta/node_modules/.pnpm/prettier-plugin-tailwindcss@0.7.2_prettier-plugin-astro@0.14.1_prettier-plugin-svelte@3_d4163ebf28de53b474e0228e4586fdcf/node_modules/prettier-plugin-tailwindcss/dist/index.mjs:235:406
src/lib/components/ui/badge/index.ts
[[31merror[39m] src/lib/components/ui/badge/index.ts: Error: Can't resolve '$lib/styles/theme.css' in '/Users/mia/vesta-cx/vesta/packages/ui/src'
[[31merror[39m]     at h (file:///Users/mia/vesta-cx/vesta/node_modules/.pnpm/prettier-plugin-tailwindcss@0.7.2_prettier-plugin-astro@0.14.1_prettier-plugin-svelte@3_d4163ebf28de53b474e0228e4586fdcf/node_modules/prettier-plugin-tailwindcss/dist/index.mjs:231:4669)
[[31merror[39m]     at file:///Users/mia/vesta-cx/vesta/node_modules/.pnpm/prettier-plugin-tailwindcss@0.7.2_prettier-plugin-astro@0.14.1_prettier-plugin-svelte@3_d4163ebf28de53b474e0228e4586fdcf/node_modules/prettier-plugin-tailwindcss/dist/index.mjs:232:708
[[31merror[39m]     at file:///Users/mia/vesta-cx/vesta/node_modules/.pnpm/prettier-plugin-tailwindcss@0.7.2_prettier-plugin-astro@0.14.1_prettier-plugin-svelte@3_d4163ebf28de53b474e0228e4586fdcf/node_modules/prettier-plugin-tailwindcss/dist/index.mjs:235:406
[[31merror[39m]     at eval (eval at create (file:///Users/mia/vesta-cx/vesta/node_modules/.pnpm/prettier-plugin-tailwindcss@0.7.2_prettier-plugin-astro@0.14.1_prettier-plugin-svelte@3_d4163ebf28de53b474e0228e4586fdcf/node_modules/prettier-plugin-tailwindcss/dist/index.mjs:106:78), <anonymous>:15:1)
[[31merror[39m]     at file:///Users/mia/vesta-cx/vesta/node_modules/.pnpm/prettier-plugin-tailwindcss@0.7.2_prettier-plugin-astro@0.14.1_prettier-plugin-svelte@3_d4163ebf28de53b474e0228e4586fdcf/node_modules/prettier-plugin-tailwindcss/dist/index.mjs:235:406
[[31merror[39m]     at eval (eval at create (file:///Users/mia/vesta-cx/vesta/node_modules/.pnpm/prettier-plugin-tailwindcss@0.7.2_prettier-plugin-astro@0.14.1_prettier-plugin-svelte@3_d4163ebf28de53b474e0228e4586fdcf/node_modules/prettier-plugin-tailwindcss/dist/index.mjs:106:78), <anonymous>:27:1)
[[31merror[39m]     at file:///Users/mia/vesta-cx/vesta/node_modules/.pnpm/prettier-plugin-tailwindcss@0.7.2_prettier-plugin-astro@0.14.1_prettier-plugin-svelte@3_d4163ebf28de53b474e0228e4586fdcf/node_modules/prettier-plugin-tailwindcss/dist/index.mjs:102:12756
[[31merror[39m]     at file:///Users/mia/vesta-cx/vesta/node_modules/.pnpm/prettier-plugin-tailwindcss@0.7.2_prettier-plugin-astro@0.14.1_prettier-plugin-svelte@3_d4163ebf28de53b474e0228e4586fdcf/node_modules/prettier-plugin-tailwindcss/dist/index.mjs:235:406
[[31merror[39m]     at eval (eval at create (file:///Users/mia/vesta-cx/vesta/node_modules/.pnpm/prettier-plugin-tailwindcss@0.7.2_prettier-plugin-astro@0.14.1_prettier-plugin-svelte@3_d4163ebf28de53b474e0228e4586fdcf/node_modules/prettier-plugin-tailwindcss/dist/index.mjs:106:78), <anonymous>:15:1)
[[31merror[39m]     at file:///Users/mia/vesta-cx/vesta/node_modules/.pnpm/prettier-plugin-tailwindcss@0.7.2_prettier-plugin-astro@0.14.1_prettier-plugin-svelte@3_d4163ebf28de53b474e0228e4586fdcf/node_modules/prettier-plugin-tailwindcss/dist/index.mjs:235:406
src/lib/components/ui/breadcrumb/breadcrumb-ellipsis.svelte
[[31merror[39m] src/lib/components/ui/breadcrumb/breadcrumb-ellipsis.svelte: Error: Can't resolve '$lib/styles/theme.css' in '/Users/mia/vesta-cx/vesta/packages/ui/src'
[[31merror[39m]     at h (file:///Users/mia/vesta-cx/vesta/node_modules/.pnpm/prettier-plugin-tailwindcss@0.7.2_prettier-plugin-astro@0.14.1_prettier-plugin-svelte@3_d4163ebf28de53b474e0228e4586fdcf/node_modules/prettier-plugin-tailwindcss/dist/index.mjs:231:4669)
[[31merror[39m]     at file:///Users/mia/vesta-cx/vesta/node_modules/.pnpm/prettier-plugin-tailwindcss@0.7.2_prettier-plugin-astro@0.14.1_prettier-plugin-svelte@3_d4163ebf28de53b474e0228e4586fdcf/node_modules/prettier-plugin-tailwindcss/dist/index.mjs:232:708
[[31merror[39m]     at file:///Users/mia/vesta-cx/vesta/node_modules/.pnpm/prettier-plugin-tailwindcss@0.7.2_prettier-plugin-astro@0.14.1_prettier-plugin-svelte@3_d4163ebf28de53b474e0228e4586fdcf/node_modules/prettier-plugin-tailwindcss/dist/index.mjs:235:406
[[31merror[39m]     at eval (eval at create (file:///Users/mia/vesta-cx/vesta/node_modules/.pnpm/prettier-plugin-tailwindcss@0.7.2_prettier-plugin-astro@0.14.1_prettier-plugin-svelte@3_d4163ebf28de53b474e0228e4586fdcf/node_modules/prettier-plugin-tailwindcss/dist/index.mjs:106:78), <anonymous>:15:1)
[[31merror[39m]     at file:///Users/mia/vesta-cx/vesta/node_modules/.pnpm/prettier-plugin-tailwindcss@0.7.2_prettier-plugin-astro@0.14.1_prettier-plugin-svelte@3_d4163ebf28de53b474e0228e4586fdcf/node_modules/prettier-plugin-tailwindcss/dist/index.mjs:235:406
[[31merror[39m]     at eval (eval at create (file:///Users/mia/vesta-cx/vesta/node_modules/.pnpm/prettier-plugin-tailwindcss@0.7.2_prettier-plugin-astro@0.14.1_prettier-plugin-svelte@3_d4163ebf28de53b474e0228e4586fdcf/node_modules/prettier-plugin-tailwindcss/dist/index.mjs:106:78), <anonymous>:27:1)
[[31merror[39m]     at file:///Users/mia/vesta-cx/vesta/node_modules/.pnpm/prettier-plugin-tailwindcss@0.7.2_prettier-plugin-astro@0.14.1_prettier-plugin-svelte@3_d4163ebf28de53b474e0228e4586fdcf/node_modules/prettier-plugin-tailwindcss/dist/index.mjs:102:12756
[[31merror[39m]     at file:///Users/mia/vesta-cx/vesta/node_modules/.pnpm/prettier-plugin-tailwindcss@0.7.2_prettier-plugin-astro@0.14.1_prettier-plugin-svelte@3_d4163ebf28de53b474e0228e4586fdcf/node_modules/prettier-plugin-tailwindcss/dist/index.mjs:235:406
[[31merror[39m]     at eval (eval at create (file:///Users/mia/vesta-cx/vesta/node_modules/.pnpm/prettier-plugin-tailwindcss@0.7.2_prettier-plugin-astro@0.14.1_prettier-plugin-svelte@3_d4163ebf28de53b474e0228e4586fdcf/node_modules/prettier-plugin-tailwindcss/dist/index.mjs:106:78), <anonymous>:15:1)
[[31merror[39m]     at file:///Users/mia/vesta-cx/vesta/node_modules/.pnpm/prettier-plugin-tailwindcss@0.7.2_prettier-plugin-astro@0.14.1_prettier-plugin-svelte@3_d4163ebf28de53b474e0228e4586fdcf/node_modules/prettier-plugin-tailwindcss/dist/index.mjs:235:406
src/lib/components/ui/breadcrumb/breadcrumb-item.svelte
[[31merror[39m] src/lib/components/ui/breadcrumb/breadcrumb-item.svelte: Error: Can't resolve '$lib/styles/theme.css' in '/Users/mia/vesta-cx/vesta/packages/ui/src'
[[31merror[39m]     at h (file:///Users/mia/vesta-cx/vesta/node_modules/.pnpm/prettier-plugin-tailwindcss@0.7.2_prettier-plugin-astro@0.14.1_prettier-plugin-svelte@3_d4163ebf28de53b474e0228e4586fdcf/node_modules/prettier-plugin-tailwindcss/dist/index.mjs:231:4669)
[[31merror[39m]     at file:///Users/mia/vesta-cx/vesta/node_modules/.pnpm/prettier-plugin-tailwindcss@0.7.2_prettier-plugin-astro@0.14.1_prettier-plugin-svelte@3_d4163ebf28de53b474e0228e4586fdcf/node_modules/prettier-plugin-tailwindcss/dist/index.mjs:232:708
[[31merror[39m]     at file:///Users/mia/vesta-cx/vesta/node_modules/.pnpm/prettier-plugin-tailwindcss@0.7.2_prettier-plugin-astro@0.14.1_prettier-plugin-svelte@3_d4163ebf28de53b474e0228e4586fdcf/node_modules/prettier-plugin-tailwindcss/dist/index.mjs:235:406
[[31merror[39m]     at eval (eval at create (file:///Users/mia/vesta-cx/vesta/node_modules/.pnpm/prettier-plugin-tailwindcss@0.7.2_prettier-plugin-astro@0.14.1_prettier-plugin-svelte@3_d4163ebf28de53b474e0228e4586fdcf/node_modules/prettier-plugin-tailwindcss/dist/index.mjs:106:78), <anonymous>:15:1)
[[31merror[39m]     at file:///Users/mia/vesta-cx/vesta/node_modules/.pnpm/prettier-plugin-tailwindcss@0.7.2_prettier-plugin-astro@0.14.1_prettier-plugin-svelte@3_d4163ebf28de53b474e0228e4586fdcf/node_modules/prettier-plugin-tailwindcss/dist/index.mjs:235:406
[[31merror[39m]     at eval (eval at create (file:///Users/mia/vesta-cx/vesta/node_modules/.pnpm/prettier-plugin-tailwindcss@0.7.2_prettier-plugin-astro@0.14.1_prettier-plugin-svelte@3_d4163ebf28de53b474e0228e4586fdcf/node_modules/prettier-plugin-tailwindcss/dist/index.mjs:106:78), <anonymous>:27:1)
[[31merror[39m]     at file:///Users/mia/vesta-cx/vesta/node_modules/.pnpm/prettier-plugin-tailwindcss@0.7.2_prettier-plugin-astro@0.14.1_prettier-plugin-svelte@3_d4163ebf28de53b474e0228e4586fdcf/node_modules/prettier-plugin-tailwindcss/dist/index.mjs:102:12756
[[31merror[39m]     at file:///Users/mia/vesta-cx/vesta/node_modules/.pnpm/prettier-plugin-tailwindcss@0.7.2_prettier-plugin-astro@0.14.1_prettier-plugin-svelte@3_d4163ebf28de53b474e0228e4586fdcf/node_modules/prettier-plugin-tailwindcss/dist/index.mjs:235:406
[[31merror[39m]     at eval (eval at create (file:///Users/mia/vesta-cx/vesta/node_modules/.pnpm/prettier-plugin-tailwindcss@0.7.2_prettier-plugin-astro@0.14.1_prettier-plugin-svelte@3_d4163ebf28de53b474e0228e4586fdcf/node_modules/prettier-plugin-tailwindcss/dist/index.mjs:106:78), <anonymous>:15:1)
[[31merror[39m]     at file:///Users/mia/vesta-cx/vesta/node_modules/.pnpm/prettier-plugin-tailwindcss@0.7.2_prettier-plugin-astro@0.14.1_prettier-plugin-svelte@3_d4163ebf28de53b474e0228e4586fdcf/node_modules/prettier-plugin-tailwindcss/dist/index.mjs:235:406
src/lib/components/ui/breadcrumb/breadcrumb-link.svelte
[[31merror[39m] src/lib/components/ui/breadcrumb/breadcrumb-link.svelte: Error: Can't resolve '$lib/styles/theme.css' in '/Users/mia/vesta-cx/vesta/packages/ui/src'
[[31merror[39m]     at h (file:///Users/mia/vesta-cx/vesta/node_modules/.pnpm/prettier-plugin-tailwindcss@0.7.2_prettier-plugin-astro@0.14.1_prettier-plugin-svelte@3_d4163ebf28de53b474e0228e4586fdcf/node_modules/prettier-plugin-tailwindcss/dist/index.mjs:231:4669)
[[31merror[39m]     at file:///Users/mia/vesta-cx/vesta/node_modules/.pnpm/prettier-plugin-tailwindcss@0.7.2_prettier-plugin-astro@0.14.1_prettier-plugin-svelte@3_d4163ebf28de53b474e0228e4586fdcf/node_modules/prettier-plugin-tailwindcss/dist/index.mjs:232:708
[[31merror[39m]     at file:///Users/mia/vesta-cx/vesta/node_modules/.pnpm/prettier-plugin-tailwindcss@0.7.2_prettier-plugin-astro@0.14.1_prettier-plugin-svelte@3_d4163ebf28de53b474e0228e4586fdcf/node_modules/prettier-plugin-tailwindcss/dist/index.mjs:235:406
[[31merror[39m]     at eval (eval at create (file:///Users/mia/vesta-cx/vesta/node_modules/.pnpm/prettier-plugin-tailwindcss@0.7.2_prettier-plugin-astro@0.14.1_prettier-plugin-svelte@3_d4163ebf28de53b474e0228e4586fdcf/node_modules/prettier-plugin-tailwindcss/dist/index.mjs:106:78), <anonymous>:15:1)
[[31merror[39m]     at file:///Users/mia/vesta-cx/vesta/node_modules/.pnpm/prettier-plugin-tailwindcss@0.7.2_prettier-plugin-astro@0.14.1_prettier-plugin-svelte@3_d4163ebf28de53b474e0228e4586fdcf/node_modules/prettier-plugin-tailwindcss/dist/index.mjs:235:406
[[31merror[39m]     at eval (eval at create (file:///Users/mia/vesta-cx/vesta/node_modules/.pnpm/prettier-plugin-tailwindcss@0.7.2_prettier-plugin-astro@0.14.1_prettier-plugin-svelte@3_d4163ebf28de53b474e0228e4586fdcf/node_modules/prettier-plugin-tailwindcss/dist/index.mjs:106:78), <anonymous>:27:1)
[[31merror[39m]     at file:///Users/mia/vesta-cx/vesta/node_modules/.pnpm/prettier-plugin-tailwindcss@0.7.2_prettier-plugin-astro@0.14.1_prettier-plugin-svelte@3_d4163ebf28de53b474e0228e4586fdcf/node_modules/prettier-plugin-tailwindcss/dist/index.mjs:102:12756
[[31merror[39m]     at file:///Users/mia/vesta-cx/vesta/node_modules/.pnpm/prettier-plugin-tailwindcss@0.7.2_prettier-plugin-astro@0.14.1_prettier-plugin-svelte@3_d4163ebf28de53b474e0228e4586fdcf/node_modules/prettier-plugin-tailwindcss/dist/index.mjs:235:406
[[31merror[39m]     at eval (eval at create (file:///Users/mia/vesta-cx/vesta/node_modules/.pnpm/prettier-plugin-tailwindcss@0.7.2_prettier-plugin-astro@0.14.1_prettier-plugin-svelte@3_d4163ebf28de53b474e0228e4586fdcf/node_modules/prettier-plugin-tailwindcss/dist/index.mjs:106:78), <anonymous>:15:1)
[[31merror[39m]     at file:///Users/mia/vesta-cx/vesta/node_modules/.pnpm/prettier-plugin-tailwindcss@0.7.2_prettier-plugin-astro@0.14.1_prettier-plugin-svelte@3_d4163ebf28de53b474e0228e4586fdcf/node_modules/prettier-plugin-tailwindcss/dist/index.mjs:235:406
src/lib/components/ui/breadcrumb/breadcrumb-list.svelte
[[31merror[39m] src/lib/components/ui/breadcrumb/breadcrumb-list.svelte: Error: Can't resolve '$lib/styles/theme.css' in '/Users/mia/vesta-cx/vesta/packages/ui/src'
[[31merror[39m]     at h (file:///Users/mia/vesta-cx/vesta/node_modules/.pnpm/prettier-plugin-tailwindcss@0.7.2_prettier-plugin-astro@0.14.1_prettier-plugin-svelte@3_d4163ebf28de53b474e0228e4586fdcf/node_modules/prettier-plugin-tailwindcss/dist/index.mjs:231:4669)
[[31merror[39m]     at file:///Users/mia/vesta-cx/vesta/node_modules/.pnpm/prettier-plugin-tailwindcss@0.7.2_prettier-plugin-astro@0.14.1_prettier-plugin-svelte@3_d4163ebf28de53b474e0228e4586fdcf/node_modules/prettier-plugin-tailwindcss/dist/index.mjs:232:708
[[31merror[39m]     at file:///Users/mia/vesta-cx/vesta/node_modules/.pnpm/prettier-plugin-tailwindcss@0.7.2_prettier-plugin-astro@0.14.1_prettier-plugin-svelte@3_d4163ebf28de53b474e0228e4586fdcf/node_modules/prettier-plugin-tailwindcss/dist/index.mjs:235:406
[[31merror[39m]     at eval (eval at create (file:///Users/mia/vesta-cx/vesta/node_modules/.pnpm/prettier-plugin-tailwindcss@0.7.2_prettier-plugin-astro@0.14.1_prettier-plugin-svelte@3_d4163ebf28de53b474e0228e4586fdcf/node_modules/prettier-plugin-tailwindcss/dist/index.mjs:106:78), <anonymous>:15:1)
[[31merror[39m]     at file:///Users/mia/vesta-cx/vesta/node_modules/.pnpm/prettier-plugin-tailwindcss@0.7.2_prettier-plugin-astro@0.14.1_prettier-plugin-svelte@3_d4163ebf28de53b474e0228e4586fdcf/node_modules/prettier-plugin-tailwindcss/dist/index.mjs:235:406
[[31merror[39m]     at eval (eval at create (file:///Users/mia/vesta-cx/vesta/node_modules/.pnpm/prettier-plugin-tailwindcss@0.7.2_prettier-plugin-astro@0.14.1_prettier-plugin-svelte@3_d4163ebf28de53b474e0228e4586fdcf/node_modules/prettier-plugin-tailwindcss/dist/index.mjs:106:78), <anonymous>:27:1)
[[31merror[39m]     at file:///Users/mia/vesta-cx/vesta/node_modules/.pnpm/prettier-plugin-tailwindcss@0.7.2_prettier-plugin-astro@0.14.1_prettier-plugin-svelte@3_d4163ebf28de53b474e0228e4586fdcf/node_modules/prettier-plugin-tailwindcss/dist/index.mjs:102:12756
[[31merror[39m]     at file:///Users/mia/vesta-cx/vesta/node_modules/.pnpm/prettier-plugin-tailwindcss@0.7.2_prettier-plugin-astro@0.14.1_prettier-plugin-svelte@3_d4163ebf28de53b474e0228e4586fdcf/node_modules/prettier-plugin-tailwindcss/dist/index.mjs:235:406
[[31merror[39m]     at eval (eval at create (file:///Users/mia/vesta-cx/vesta/node_modules/.pnpm/prettier-plugin-tailwindcss@0.7.2_prettier-plugin-astro@0.14.1_prettier-plugin-svelte@3_d4163ebf28de53b474e0228e4586fdcf/node_modules/prettier-plugin-tailwindcss/dist/index.mjs:106:78), <anonymous>:15:1)
[[31merror[39m]     at file:///Users/mia/vesta-cx/vesta/node_modules/.pnpm/prettier-plugin-tailwindcss@0.7.2_prettier-plugin-astro@0.14.1_prettier-plugin-svelte@3_d4163ebf28de53b474e0228e4586fdcf/node_modules/prettier-plugin-tailwindcss/dist/index.mjs:235:406
src/lib/components/ui/breadcrumb/breadcrumb-page.svelte
[[31merror[39m] src/lib/components/ui/breadcrumb/breadcrumb-page.svelte: Error: Can't resolve '$lib/styles/theme.css' in '/Users/mia/vesta-cx/vesta/packages/ui/src'
[[31merror[39m]     at h (file:///Users/mia/vesta-cx/vesta/node_modules/.pnpm/prettier-plugin-tailwindcss@0.7.2_prettier-plugin-astro@0.14.1_prettier-plugin-svelte@3_d4163ebf28de53b474e0228e4586fdcf/node_modules/prettier-plugin-tailwindcss/dist/index.mjs:231:4669)
[[31merror[39m]     at file:///Users/mia/vesta-cx/vesta/node_modules/.pnpm/prettier-plugin-tailwindcss@0.7.2_prettier-plugin-astro@0.14.1_prettier-plugin-svelte@3_d4163ebf28de53b474e0228e4586fdcf/node_modules/prettier-plugin-tailwindcss/dist/index.mjs:232:708
[[31merror[39m]     at file:///Users/mia/vesta-cx/vesta/node_modules/.pnpm/prettier-plugin-tailwindcss@0.7.2_prettier-plugin-astro@0.14.1_prettier-plugin-svelte@3_d4163ebf28de53b474e0228e4586fdcf/node_modules/prettier-plugin-tailwindcss/dist/index.mjs:235:406
[[31merror[39m]     at eval (eval at create (file:///Users/mia/vesta-cx/vesta/node_modules/.pnpm/prettier-plugin-tailwindcss@0.7.2_prettier-plugin-astro@0.14.1_prettier-plugin-svelte@3_d4163ebf28de53b474e0228e4586fdcf/node_modules/prettier-plugin-tailwindcss/dist/index.mjs:106:78), <anonymous>:15:1)
[[31merror[39m]     at file:///Users/mia/vesta-cx/vesta/node_modules/.pnpm/prettier-plugin-tailwindcss@0.7.2_prettier-plugin-astro@0.14.1_prettier-plugin-svelte@3_d4163ebf28de53b474e0228e4586fdcf/node_modules/prettier-plugin-tailwindcss/dist/index.mjs:235:406
[[31merror[39m]     at eval (eval at create (file:///Users/mia/vesta-cx/vesta/node_modules/.pnpm/prettier-plugin-tailwindcss@0.7.2_prettier-plugin-astro@0.14.1_prettier-plugin-svelte@3_d4163ebf28de53b474e0228e4586fdcf/node_modules/prettier-plugin-tailwindcss/dist/index.mjs:106:78), <anonymous>:27:1)
[[31merror[39m]     at file:///Users/mia/vesta-cx/vesta/node_modules/.pnpm/prettier-plugin-tailwindcss@0.7.2_prettier-plugin-astro@0.14.1_prettier-plugin-svelte@3_d4163ebf28de53b474e0228e4586fdcf/node_modules/prettier-plugin-tailwindcss/dist/index.mjs:102:12756
[[31merror[39m]     at file:///Users/mia/vesta-cx/vesta/node_modules/.pnpm/prettier-plugin-tailwindcss@0.7.2_prettier-plugin-astro@0.14.1_prettier-plugin-svelte@3_d4163ebf28de53b474e0228e4586fdcf/node_modules/prettier-plugin-tailwindcss/dist/index.mjs:235:406
[[31merror[39m]     at eval (eval at create (file:///Users/mia/vesta-cx/vesta/node_modules/.pnpm/prettier-plugin-tailwindcss@0.7.2_prettier-plugin-astro@0.14.1_prettier-plugin-svelte@3_d4163ebf28de53b474e0228e4586fdcf/node_modules/prettier-plugin-tailwindcss/dist/index.mjs:106:78), <anonymous>:15:1)
[[31merror[39m]     at file:///Users/mia/vesta-cx/vesta/node_modules/.pnpm/prettier-plugin-tailwindcss@0.7.2_prettier-plugin-astro@0.14.1_prettier-plugin-svelte@3_d4163ebf28de53b474e0228e4586fdcf/node_modules/prettier-plugin-tailwindcss/dist/index.mjs:235:406
src/lib/components/ui/breadcrumb/breadcrumb-separator.svelte
[[31merror[39m] src/lib/components/ui/breadcrumb/breadcrumb-separator.svelte: Error: Can't resolve '$lib/styles/theme.css' in '/Users/mia/vesta-cx/vesta/packages/ui/src'
[[31merror[39m]     at h (file:///Users/mia/vesta-cx/vesta/node_modules/.pnpm/prettier-plugin-tailwindcss@0.7.2_prettier-plugin-astro@0.14.1_prettier-plugin-svelte@3_d4163ebf28de53b474e0228e4586fdcf/node_modules/prettier-plugin-tailwindcss/dist/index.mjs:231:4669)
[[31merror[39m]     at file:///Users/mia/vesta-cx/vesta/node_modules/.pnpm/prettier-plugin-tailwindcss@0.7.2_prettier-plugin-astro@0.14.1_prettier-plugin-svelte@3_d4163ebf28de53b474e0228e4586fdcf/node_modules/prettier-plugin-tailwindcss/dist/index.mjs:232:708
[[31merror[39m]     at file:///Users/mia/vesta-cx/vesta/node_modules/.pnpm/prettier-plugin-tailwindcss@0.7.2_prettier-plugin-astro@0.14.1_prettier-plugin-svelte@3_d4163ebf28de53b474e0228e4586fdcf/node_modules/prettier-plugin-tailwindcss/dist/index.mjs:235:406
[[31merror[39m]     at eval (eval at create (file:///Users/mia/vesta-cx/vesta/node_modules/.pnpm/prettier-plugin-tailwindcss@0.7.2_prettier-plugin-astro@0.14.1_prettier-plugin-svelte@3_d4163ebf28de53b474e0228e4586fdcf/node_modules/prettier-plugin-tailwindcss/dist/index.mjs:106:78), <anonymous>:15:1)
[[31merror[39m]     at file:///Users/mia/vesta-cx/vesta/node_modules/.pnpm/prettier-plugin-tailwindcss@0.7.2_prettier-plugin-astro@0.14.1_prettier-plugin-svelte@3_d4163ebf28de53b474e0228e4586fdcf/node_modules/prettier-plugin-tailwindcss/dist/index.mjs:235:406
[[31merror[39m]     at eval (eval at create (file:///Users/mia/vesta-cx/vesta/node_modules/.pnpm/prettier-plugin-tailwindcss@0.7.2_prettier-plugin-astro@0.14.1_prettier-plugin-svelte@3_d4163ebf28de53b474e0228e4586fdcf/node_modules/prettier-plugin-tailwindcss/dist/index.mjs:106:78), <anonymous>:27:1)
[[31merror[39m]     at file:///Users/mia/vesta-cx/vesta/node_modules/.pnpm/prettier-plugin-tailwindcss@0.7.2_prettier-plugin-astro@0.14.1_prettier-plugin-svelte@3_d4163ebf28de53b474e0228e4586fdcf/node_modules/prettier-plugin-tailwindcss/dist/index.mjs:102:12756
[[31merror[39m]     at file:///Users/mia/vesta-cx/vesta/node_modules/.pnpm/prettier-plugin-tailwindcss@0.7.2_prettier-plugin-astro@0.14.1_prettier-plugin-svelte@3_d4163ebf28de53b474e0228e4586fdcf/node_modules/prettier-plugin-tailwindcss/dist/index.mjs:235:406
[[31merror[39m]     at eval (eval at create (file:///Users/mia/vesta-cx/vesta/node_modules/.pnpm/prettier-plugin-tailwindcss@0.7.2_prettier-plugin-astro@0.14.1_prettier-plugin-svelte@3_d4163ebf28de53b474e0228e4586fdcf/node_modules/prettier-plugin-tailwindcss/dist/index.mjs:106:78), <anonymous>:15:1)
[[31merror[39m]     at file:///Users/mia/vesta-cx/vesta/node_modules/.pnpm/prettier-plugin-tailwindcss@0.7.2_prettier-plugin-astro@0.14.1_prettier-plugin-svelte@3_d4163ebf28de53b474e0228e4586fdcf/node_modules/prettier-plugin-tailwindcss/dist/index.mjs:235:406
src/lib/components/ui/breadcrumb/breadcrumb.svelte
[[31merror[39m] src/lib/components/ui/breadcrumb/breadcrumb.svelte: Error: Can't resolve '$lib/styles/theme.css' in '/Users/mia/vesta-cx/vesta/packages/ui/src'
[[31merror[39m]     at h (file:///Users/mia/vesta-cx/vesta/node_modules/.pnpm/prettier-plugin-tailwindcss@0.7.2_prettier-plugin-astro@0.14.1_prettier-plugin-svelte@3_d4163ebf28de53b474e0228e4586fdcf/node_modules/prettier-plugin-tailwindcss/dist/index.mjs:231:4669)
[[31merror[39m]     at file:///Users/mia/vesta-cx/vesta/node_modules/.pnpm/prettier-plugin-tailwindcss@0.7.2_prettier-plugin-astro@0.14.1_prettier-plugin-svelte@3_d4163ebf28de53b474e0228e4586fdcf/node_modules/prettier-plugin-tailwindcss/dist/index.mjs:232:708
[[31merror[39m]     at file:///Users/mia/vesta-cx/vesta/node_modules/.pnpm/prettier-plugin-tailwindcss@0.7.2_prettier-plugin-astro@0.14.1_prettier-plugin-svelte@3_d4163ebf28de53b474e0228e4586fdcf/node_modules/prettier-plugin-tailwindcss/dist/index.mjs:235:406
[[31merror[39m]     at eval (eval at create (file:///Users/mia/vesta-cx/vesta/node_modules/.pnpm/prettier-plugin-tailwindcss@0.7.2_prettier-plugin-astro@0.14.1_prettier-plugin-svelte@3_d4163ebf28de53b474e0228e4586fdcf/node_modules/prettier-plugin-tailwindcss/dist/index.mjs:106:78), <anonymous>:15:1)
[[31merror[39m]     at file:///Users/mia/vesta-cx/vesta/node_modules/.pnpm/prettier-plugin-tailwindcss@0.7.2_prettier-plugin-astro@0.14.1_prettier-plugin-svelte@3_d4163ebf28de53b474e0228e4586fdcf/node_modules/prettier-plugin-tailwindcss/dist/index.mjs:235:406
[[31merror[39m]     at eval (eval at create (file:///Users/mia/vesta-cx/vesta/node_modules/.pnpm/prettier-plugin-tailwindcss@0.7.2_prettier-plugin-astro@0.14.1_prettier-plugin-svelte@3_d4163ebf28de53b474e0228e4586fdcf/node_modules/prettier-plugin-tailwindcss/dist/index.mjs:106:78), <anonymous>:27:1)
[[31merror[39m]     at file:///Users/mia/vesta-cx/vesta/node_modules/.pnpm/prettier-plugin-tailwindcss@0.7.2_prettier-plugin-astro@0.14.1_prettier-plugin-svelte@3_d4163ebf28de53b474e0228e4586fdcf/node_modules/prettier-plugin-tailwindcss/dist/index.mjs:102:12756
[[31merror[39m]     at file:///Users/mia/vesta-cx/vesta/node_modules/.pnpm/prettier-plugin-tailwindcss@0.7.2_prettier-plugin-astro@0.14.1_prettier-plugin-svelte@3_d4163ebf28de53b474e0228e4586fdcf/node_modules/prettier-plugin-tailwindcss/dist/index.mjs:235:406
[[31merror[39m]     at eval (eval at create (file:///Users/mia/vesta-cx/vesta/node_modules/.pnpm/prettier-plugin-tailwindcss@0.7.2_prettier-plugin-astro@0.14.1_prettier-plugin-svelte@3_d4163ebf28de53b474e0228e4586fdcf/node_modules/prettier-plugin-tailwindcss/dist/index.mjs:106:78), <anonymous>:15:1)
[[31merror[39m]     at file:///Users/mia/vesta-cx/vesta/node_modules/.pnpm/prettier-plugin-tailwindcss@0.7.2_prettier-plugin-astro@0.14.1_prettier-plugin-svelte@3_d4163ebf28de53b474e0228e4586fdcf/node_modules/prettier-plugin-tailwindcss/dist/index.mjs:235:406
src/lib/components/ui/breadcrumb/index.ts
[[31merror[39m] src/lib/components/ui/breadcrumb/index.ts: Error: Can't resolve '$lib/styles/theme.css' in '/Users/mia/vesta-cx/vesta/packages/ui/src'
[[31merror[39m]     at h (file:///Users/mia/vesta-cx/vesta/node_modules/.pnpm/prettier-plugin-tailwindcss@0.7.2_prettier-plugin-astro@0.14.1_prettier-plugin-svelte@3_d4163ebf28de53b474e0228e4586fdcf/node_modules/prettier-plugin-tailwindcss/dist/index.mjs:231:4669)
[[31merror[39m]     at file:///Users/mia/vesta-cx/vesta/node_modules/.pnpm/prettier-plugin-tailwindcss@0.7.2_prettier-plugin-astro@0.14.1_prettier-plugin-svelte@3_d4163ebf28de53b474e0228e4586fdcf/node_modules/prettier-plugin-tailwindcss/dist/index.mjs:232:708
[[31merror[39m]     at file:///Users/mia/vesta-cx/vesta/node_modules/.pnpm/prettier-plugin-tailwindcss@0.7.2_prettier-plugin-astro@0.14.1_prettier-plugin-svelte@3_d4163ebf28de53b474e0228e4586fdcf/node_modules/prettier-plugin-tailwindcss/dist/index.mjs:235:406
[[31merror[39m]     at eval (eval at create (file:///Users/mia/vesta-cx/vesta/node_modules/.pnpm/prettier-plugin-tailwindcss@0.7.2_prettier-plugin-astro@0.14.1_prettier-plugin-svelte@3_d4163ebf28de53b474e0228e4586fdcf/node_modules/prettier-plugin-tailwindcss/dist/index.mjs:106:78), <anonymous>:15:1)
[[31merror[39m]     at file:///Users/mia/vesta-cx/vesta/node_modules/.pnpm/prettier-plugin-tailwindcss@0.7.2_prettier-plugin-astro@0.14.1_prettier-plugin-svelte@3_d4163ebf28de53b474e0228e4586fdcf/node_modules/prettier-plugin-tailwindcss/dist/index.mjs:235:406
[[31merror[39m]     at eval (eval at create (file:///Users/mia/vesta-cx/vesta/node_modules/.pnpm/prettier-plugin-tailwindcss@0.7.2_prettier-plugin-astro@0.14.1_prettier-plugin-svelte@3_d4163ebf28de53b474e0228e4586fdcf/node_modules/prettier-plugin-tailwindcss/dist/index.mjs:106:78), <anonymous>:27:1)
[[31merror[39m]     at file:///Users/mia/vesta-cx/vesta/node_modules/.pnpm/prettier-plugin-tailwindcss@0.7.2_prettier-plugin-astro@0.14.1_prettier-plugin-svelte@3_d4163ebf28de53b474e0228e4586fdcf/node_modules/prettier-plugin-tailwindcss/dist/index.mjs:102:12756
[[31merror[39m]     at file:///Users/mia/vesta-cx/vesta/node_modules/.pnpm/prettier-plugin-tailwindcss@0.7.2_prettier-plugin-astro@0.14.1_prettier-plugin-svelte@3_d4163ebf28de53b474e0228e4586fdcf/node_modules/prettier-plugin-tailwindcss/dist/index.mjs:235:406
[[31merror[39m]     at eval (eval at create (file:///Users/mia/vesta-cx/vesta/node_modules/.pnpm/prettier-plugin-tailwindcss@0.7.2_prettier-plugin-astro@0.14.1_prettier-plugin-svelte@3_d4163ebf28de53b474e0228e4586fdcf/node_modules/prettier-plugin-tailwindcss/dist/index.mjs:106:78), <anonymous>:15:1)
[[31merror[39m]     at file:///Users/mia/vesta-cx/vesta/node_modules/.pnpm/prettier-plugin-tailwindcss@0.7.2_prettier-plugin-astro@0.14.1_prettier-plugin-svelte@3_d4163ebf28de53b474e0228e4586fdcf/node_modules/prettier-plugin-tailwindcss/dist/index.mjs:235:406
src/lib/components/ui/button-group/button-group-separator.svelte
[[31merror[39m] src/lib/components/ui/button-group/button-group-separator.svelte: Error: Can't resolve '$lib/styles/theme.css' in '/Users/mia/vesta-cx/vesta/packages/ui/src'
[[31merror[39m]     at h (file:///Users/mia/vesta-cx/vesta/node_modules/.pnpm/prettier-plugin-tailwindcss@0.7.2_prettier-plugin-astro@0.14.1_prettier-plugin-svelte@3_d4163ebf28de53b474e0228e4586fdcf/node_modules/prettier-plugin-tailwindcss/dist/index.mjs:231:4669)
[[31merror[39m]     at file:///Users/mia/vesta-cx/vesta/node_modules/.pnpm/prettier-plugin-tailwindcss@0.7.2_prettier-plugin-astro@0.14.1_prettier-plugin-svelte@3_d4163ebf28de53b474e0228e4586fdcf/node_modules/prettier-plugin-tailwindcss/dist/index.mjs:232:708
[[31merror[39m]     at file:///Users/mia/vesta-cx/vesta/node_modules/.pnpm/prettier-plugin-tailwindcss@0.7.2_prettier-plugin-astro@0.14.1_prettier-plugin-svelte@3_d4163ebf28de53b474e0228e4586fdcf/node_modules/prettier-plugin-tailwindcss/dist/index.mjs:235:406
[[31merror[39m]     at eval (eval at create (file:///Users/mia/vesta-cx/vesta/node_modules/.pnpm/prettier-plugin-tailwindcss@0.7.2_prettier-plugin-astro@0.14.1_prettier-plugin-svelte@3_d4163ebf28de53b474e0228e4586fdcf/node_modules/prettier-plugin-tailwindcss/dist/index.mjs:106:78), <anonymous>:15:1)
[[31merror[39m]     at file:///Users/mia/vesta-cx/vesta/node_modules/.pnpm/prettier-plugin-tailwindcss@0.7.2_prettier-plugin-astro@0.14.1_prettier-plugin-svelte@3_d4163ebf28de53b474e0228e4586fdcf/node_modules/prettier-plugin-tailwindcss/dist/index.mjs:235:406
[[31merror[39m]     at eval (eval at create (file:///Users/mia/vesta-cx/vesta/node_modules/.pnpm/prettier-plugin-tailwindcss@0.7.2_prettier-plugin-astro@0.14.1_prettier-plugin-svelte@3_d4163ebf28de53b474e0228e4586fdcf/node_modules/prettier-plugin-tailwindcss/dist/index.mjs:106:78), <anonymous>:27:1)
[[31merror[39m]     at file:///Users/mia/vesta-cx/vesta/node_modules/.pnpm/prettier-plugin-tailwindcss@0.7.2_prettier-plugin-astro@0.14.1_prettier-plugin-svelte@3_d4163ebf28de53b474e0228e4586fdcf/node_modules/prettier-plugin-tailwindcss/dist/index.mjs:102:12756
[[31merror[39m]     at file:///Users/mia/vesta-cx/vesta/node_modules/.pnpm/prettier-plugin-tailwindcss@0.7.2_prettier-plugin-astro@0.14.1_prettier-plugin-svelte@3_d4163ebf28de53b474e0228e4586fdcf/node_modules/prettier-plugin-tailwindcss/dist/index.mjs:235:406
[[31merror[39m]     at eval (eval at create (file:///Users/mia/vesta-cx/vesta/node_modules/.pnpm/prettier-plugin-tailwindcss@0.7.2_prettier-plugin-astro@0.14.1_prettier-plugin-svelte@3_d4163ebf28de53b474e0228e4586fdcf/node_modules/prettier-plugin-tailwindcss/dist/index.mjs:106:78), <anonymous>:15:1)
[[31merror[39m]     at file:///Users/mia/vesta-cx/vesta/node_modules/.pnpm/prettier-plugin-tailwindcss@0.7.2_prettier-plugin-astro@0.14.1_prettier-plugin-svelte@3_d4163ebf28de53b474e0228e4586fdcf/node_modules/prettier-plugin-tailwindcss/dist/index.mjs:235:406
src/lib/components/ui/button-group/button-group-text.svelte
[[31merror[39m] src/lib/components/ui/button-group/button-group-text.svelte: Error: Can't resolve '$lib/styles/theme.css' in '/Users/mia/vesta-cx/vesta/packages/ui/src'
[[31merror[39m]     at h (file:///Users/mia/vesta-cx/vesta/node_modules/.pnpm/prettier-plugin-tailwindcss@0.7.2_prettier-plugin-astro@0.14.1_prettier-plugin-svelte@3_d4163ebf28de53b474e0228e4586fdcf/node_modules/prettier-plugin-tailwindcss/dist/index.mjs:231:4669)
[[31merror[39m]     at file:///Users/mia/vesta-cx/vesta/node_modules/.pnpm/prettier-plugin-tailwindcss@0.7.2_prettier-plugin-astro@0.14.1_prettier-plugin-svelte@3_d4163ebf28de53b474e0228e4586fdcf/node_modules/prettier-plugin-tailwindcss/dist/index.mjs:232:708
[[31merror[39m]     at file:///Users/mia/vesta-cx/vesta/node_modules/.pnpm/prettier-plugin-tailwindcss@0.7.2_prettier-plugin-astro@0.14.1_prettier-plugin-svelte@3_d4163ebf28de53b474e0228e4586fdcf/node_modules/prettier-plugin-tailwindcss/dist/index.mjs:235:406
[[31merror[39m]     at eval (eval at create (file:///Users/mia/vesta-cx/vesta/node_modules/.pnpm/prettier-plugin-tailwindcss@0.7.2_prettier-plugin-astro@0.14.1_prettier-plugin-svelte@3_d4163ebf28de53b474e0228e4586fdcf/node_modules/prettier-plugin-tailwindcss/dist/index.mjs:106:78), <anonymous>:15:1)
[[31merror[39m]     at file:///Users/mia/vesta-cx/vesta/node_modules/.pnpm/prettier-plugin-tailwindcss@0.7.2_prettier-plugin-astro@0.14.1_prettier-plugin-svelte@3_d4163ebf28de53b474e0228e4586fdcf/node_modules/prettier-plugin-tailwindcss/dist/index.mjs:235:406
[[31merror[39m]     at eval (eval at create (file:///Users/mia/vesta-cx/vesta/node_modules/.pnpm/prettier-plugin-tailwindcss@0.7.2_prettier-plugin-astro@0.14.1_prettier-plugin-svelte@3_d4163ebf28de53b474e0228e4586fdcf/node_modules/prettier-plugin-tailwindcss/dist/index.mjs:106:78), <anonymous>:27:1)
[[31merror[39m]     at file:///Users/mia/vesta-cx/vesta/node_modules/.pnpm/prettier-plugin-tailwindcss@0.7.2_prettier-plugin-astro@0.14.1_prettier-plugin-svelte@3_d4163ebf28de53b474e0228e4586fdcf/node_modules/prettier-plugin-tailwindcss/dist/index.mjs:102:12756
[[31merror[39m]     at file:///Users/mia/vesta-cx/vesta/node_modules/.pnpm/prettier-plugin-tailwindcss@0.7.2_prettier-plugin-astro@0.14.1_prettier-plugin-svelte@3_d4163ebf28de53b474e0228e4586fdcf/node_modules/prettier-plugin-tailwindcss/dist/index.mjs:235:406
[[31merror[39m]     at eval (eval at create (file:///Users/mia/vesta-cx/vesta/node_modules/.pnpm/prettier-plugin-tailwindcss@0.7.2_prettier-plugin-astro@0.14.1_prettier-plugin-svelte@3_d4163ebf28de53b474e0228e4586fdcf/node_modules/prettier-plugin-tailwindcss/dist/index.mjs:106:78), <anonymous>:15:1)
[[31merror[39m]     at file:///Users/mia/vesta-cx/vesta/node_modules/.pnpm/prettier-plugin-tailwindcss@0.7.2_prettier-plugin-astro@0.14.1_prettier-plugin-svelte@3_d4163ebf28de53b474e0228e4586fdcf/node_modules/prettier-plugin-tailwindcss/dist/index.mjs:235:406
src/lib/components/ui/button-group/button-group.svelte
[[31merror[39m] src/lib/components/ui/button-group/button-group.svelte: Error: Can't resolve '$lib/styles/theme.css' in '/Users/mia/vesta-cx/vesta/packages/ui/src'
[[31merror[39m]     at h (file:///Users/mia/vesta-cx/vesta/node_modules/.pnpm/prettier-plugin-tailwindcss@0.7.2_prettier-plugin-astro@0.14.1_prettier-plugin-svelte@3_d4163ebf28de53b474e0228e4586fdcf/node_modules/prettier-plugin-tailwindcss/dist/index.mjs:231:4669)
[[31merror[39m]     at file:///Users/mia/vesta-cx/vesta/node_modules/.pnpm/prettier-plugin-tailwindcss@0.7.2_prettier-plugin-astro@0.14.1_prettier-plugin-svelte@3_d4163ebf28de53b474e0228e4586fdcf/node_modules/prettier-plugin-tailwindcss/dist/index.mjs:232:708
[[31merror[39m]     at file:///Users/mia/vesta-cx/vesta/node_modules/.pnpm/prettier-plugin-tailwindcss@0.7.2_prettier-plugin-astro@0.14.1_prettier-plugin-svelte@3_d4163ebf28de53b474e0228e4586fdcf/node_modules/prettier-plugin-tailwindcss/dist/index.mjs:235:406
[[31merror[39m]     at eval (eval at create (file:///Users/mia/vesta-cx/vesta/node_modules/.pnpm/prettier-plugin-tailwindcss@0.7.2_prettier-plugin-astro@0.14.1_prettier-plugin-svelte@3_d4163ebf28de53b474e0228e4586fdcf/node_modules/prettier-plugin-tailwindcss/dist/index.mjs:106:78), <anonymous>:15:1)
[[31merror[39m]     at file:///Users/mia/vesta-cx/vesta/node_modules/.pnpm/prettier-plugin-tailwindcss@0.7.2_prettier-plugin-astro@0.14.1_prettier-plugin-svelte@3_d4163ebf28de53b474e0228e4586fdcf/node_modules/prettier-plugin-tailwindcss/dist/index.mjs:235:406
[[31merror[39m]     at eval (eval at create (file:///Users/mia/vesta-cx/vesta/node_modules/.pnpm/prettier-plugin-tailwindcss@0.7.2_prettier-plugin-astro@0.14.1_prettier-plugin-svelte@3_d4163ebf28de53b474e0228e4586fdcf/node_modules/prettier-plugin-tailwindcss/dist/index.mjs:106:78), <anonymous>:27:1)
[[31merror[39m]     at file:///Users/mia/vesta-cx/vesta/node_modules/.pnpm/prettier-plugin-tailwindcss@0.7.2_prettier-plugin-astro@0.14.1_prettier-plugin-svelte@3_d4163ebf28de53b474e0228e4586fdcf/node_modules/prettier-plugin-tailwindcss/dist/index.mjs:102:12756
[[31merror[39m]     at file:///Users/mia/vesta-cx/vesta/node_modules/.pnpm/prettier-plugin-tailwindcss@0.7.2_prettier-plugin-astro@0.14.1_prettier-plugin-svelte@3_d4163ebf28de53b474e0228e4586fdcf/node_modules/prettier-plugin-tailwindcss/dist/index.mjs:235:406
[[31merror[39m]     at eval (eval at create (file:///Users/mia/vesta-cx/vesta/node_modules/.pnpm/prettier-plugin-tailwindcss@0.7.2_prettier-plugin-astro@0.14.1_prettier-plugin-svelte@3_d4163ebf28de53b474e0228e4586fdcf/node_modules/prettier-plugin-tailwindcss/dist/index.mjs:106:78), <anonymous>:15:1)
[[31merror[39m]     at file:///Users/mia/vesta-cx/vesta/node_modules/.pnpm/prettier-plugin-tailwindcss@0.7.2_prettier-plugin-astro@0.14.1_prettier-plugin-svelte@3_d4163ebf28de53b474e0228e4586fdcf/node_modules/prettier-plugin-tailwindcss/dist/index.mjs:235:406
src/lib/components/ui/button-group/index.ts
[[31merror[39m] src/lib/components/ui/button-group/index.ts: Error: Can't resolve '$lib/styles/theme.css' in '/Users/mia/vesta-cx/vesta/packages/ui/src'
[[31merror[39m]     at h (file:///Users/mia/vesta-cx/vesta/node_modules/.pnpm/prettier-plugin-tailwindcss@0.7.2_prettier-plugin-astro@0.14.1_prettier-plugin-svelte@3_d4163ebf28de53b474e0228e4586fdcf/node_modules/prettier-plugin-tailwindcss/dist/index.mjs:231:4669)
[[31merror[39m]     at file:///Users/mia/vesta-cx/vesta/node_modules/.pnpm/prettier-plugin-tailwindcss@0.7.2_prettier-plugin-astro@0.14.1_prettier-plugin-svelte@3_d4163ebf28de53b474e0228e4586fdcf/node_modules/prettier-plugin-tailwindcss/dist/index.mjs:232:708
[[31merror[39m]     at file:///Users/mia/vesta-cx/vesta/node_modules/.pnpm/prettier-plugin-tailwindcss@0.7.2_prettier-plugin-astro@0.14.1_prettier-plugin-svelte@3_d4163ebf28de53b474e0228e4586fdcf/node_modules/prettier-plugin-tailwindcss/dist/index.mjs:235:406
[[31merror[39m]     at eval (eval at create (file:///Users/mia/vesta-cx/vesta/node_modules/.pnpm/prettier-plugin-tailwindcss@0.7.2_prettier-plugin-astro@0.14.1_prettier-plugin-svelte@3_d4163ebf28de53b474e0228e4586fdcf/node_modules/prettier-plugin-tailwindcss/dist/index.mjs:106:78), <anonymous>:15:1)
[[31merror[39m]     at file:///Users/mia/vesta-cx/vesta/node_modules/.pnpm/prettier-plugin-tailwindcss@0.7.2_prettier-plugin-astro@0.14.1_prettier-plugin-svelte@3_d4163ebf28de53b474e0228e4586fdcf/node_modules/prettier-plugin-tailwindcss/dist/index.mjs:235:406
[[31merror[39m]     at eval (eval at create (file:///Users/mia/vesta-cx/vesta/node_modules/.pnpm/prettier-plugin-tailwindcss@0.7.2_prettier-plugin-astro@0.14.1_prettier-plugin-svelte@3_d4163ebf28de53b474e0228e4586fdcf/node_modules/prettier-plugin-tailwindcss/dist/index.mjs:106:78), <anonymous>:27:1)
[[31merror[39m]     at file:///Users/mia/vesta-cx/vesta/node_modules/.pnpm/prettier-plugin-tailwindcss@0.7.2_prettier-plugin-astro@0.14.1_prettier-plugin-svelte@3_d4163ebf28de53b474e0228e4586fdcf/node_modules/prettier-plugin-tailwindcss/dist/index.mjs:102:12756
[[31merror[39m]     at file:///Users/mia/vesta-cx/vesta/node_modules/.pnpm/prettier-plugin-tailwindcss@0.7.2_prettier-plugin-astro@0.14.1_prettier-plugin-svelte@3_d4163ebf28de53b474e0228e4586fdcf/node_modules/prettier-plugin-tailwindcss/dist/index.mjs:235:406
[[31merror[39m]     at eval (eval at create (file:///Users/mia/vesta-cx/vesta/node_modules/.pnpm/prettier-plugin-tailwindcss@0.7.2_prettier-plugin-astro@0.14.1_prettier-plugin-svelte@3_d4163ebf28de53b474e0228e4586fdcf/node_modules/prettier-plugin-tailwindcss/dist/index.mjs:106:78), <anonymous>:15:1)
[[31merror[39m]     at file:///Users/mia/vesta-cx/vesta/node_modules/.pnpm/prettier-plugin-tailwindcss@0.7.2_prettier-plugin-astro@0.14.1_prettier-plugin-svelte@3_d4163ebf28de53b474e0228e4586fdcf/node_modules/prettier-plugin-tailwindcss/dist/index.mjs:235:406
src/lib/components/ui/button/button.svelte
[[31merror[39m] src/lib/components/ui/button/button.svelte: Error: Can't resolve '$lib/styles/theme.css' in '/Users/mia/vesta-cx/vesta/packages/ui/src'
[[31merror[39m]     at h (file:///Users/mia/vesta-cx/vesta/node_modules/.pnpm/prettier-plugin-tailwindcss@0.7.2_prettier-plugin-astro@0.14.1_prettier-plugin-svelte@3_d4163ebf28de53b474e0228e4586fdcf/node_modules/prettier-plugin-tailwindcss/dist/index.mjs:231:4669)
[[31merror[39m]     at file:///Users/mia/vesta-cx/vesta/node_modules/.pnpm/prettier-plugin-tailwindcss@0.7.2_prettier-plugin-astro@0.14.1_prettier-plugin-svelte@3_d4163ebf28de53b474e0228e4586fdcf/node_modules/prettier-plugin-tailwindcss/dist/index.mjs:232:708
[[31merror[39m]     at file:///Users/mia/vesta-cx/vesta/node_modules/.pnpm/prettier-plugin-tailwindcss@0.7.2_prettier-plugin-astro@0.14.1_prettier-plugin-svelte@3_d4163ebf28de53b474e0228e4586fdcf/node_modules/prettier-plugin-tailwindcss/dist/index.mjs:235:406
[[31merror[39m]     at eval (eval at create (file:///Users/mia/vesta-cx/vesta/node_modules/.pnpm/prettier-plugin-tailwindcss@0.7.2_prettier-plugin-astro@0.14.1_prettier-plugin-svelte@3_d4163ebf28de53b474e0228e4586fdcf/node_modules/prettier-plugin-tailwindcss/dist/index.mjs:106:78), <anonymous>:15:1)
[[31merror[39m]     at file:///Users/mia/vesta-cx/vesta/node_modules/.pnpm/prettier-plugin-tailwindcss@0.7.2_prettier-plugin-astro@0.14.1_prettier-plugin-svelte@3_d4163ebf28de53b474e0228e4586fdcf/node_modules/prettier-plugin-tailwindcss/dist/index.mjs:235:406
[[31merror[39m]     at eval (eval at create (file:///Users/mia/vesta-cx/vesta/node_modules/.pnpm/prettier-plugin-tailwindcss@0.7.2_prettier-plugin-astro@0.14.1_prettier-plugin-svelte@3_d4163ebf28de53b474e0228e4586fdcf/node_modules/prettier-plugin-tailwindcss/dist/index.mjs:106:78), <anonymous>:27:1)
[[31merror[39m]     at file:///Users/mia/vesta-cx/vesta/node_modules/.pnpm/prettier-plugin-tailwindcss@0.7.2_prettier-plugin-astro@0.14.1_prettier-plugin-svelte@3_d4163ebf28de53b474e0228e4586fdcf/node_modules/prettier-plugin-tailwindcss/dist/index.mjs:102:12756
[[31merror[39m]     at file:///Users/mia/vesta-cx/vesta/node_modules/.pnpm/prettier-plugin-tailwindcss@0.7.2_prettier-plugin-astro@0.14.1_prettier-plugin-svelte@3_d4163ebf28de53b474e0228e4586fdcf/node_modules/prettier-plugin-tailwindcss/dist/index.mjs:235:406
[[31merror[39m]     at eval (eval at create (file:///Users/mia/vesta-cx/vesta/node_modules/.pnpm/prettier-plugin-tailwindcss@0.7.2_prettier-plugin-astro@0.14.1_prettier-plugin-svelte@3_d4163ebf28de53b474e0228e4586fdcf/node_modules/prettier-plugin-tailwindcss/dist/index.mjs:106:78), <anonymous>:15:1)
[[31merror[39m]     at file:///Users/mia/vesta-cx/vesta/node_modules/.pnpm/prettier-plugin-tailwindcss@0.7.2_prettier-plugin-astro@0.14.1_prettier-plugin-svelte@3_d4163ebf28de53b474e0228e4586fdcf/node_modules/prettier-plugin-tailwindcss/dist/index.mjs:235:406
src/lib/components/ui/button/index.ts
[[31merror[39m] src/lib/components/ui/button/index.ts: Error: Can't resolve '$lib/styles/theme.css' in '/Users/mia/vesta-cx/vesta/packages/ui/src'
[[31merror[39m]     at h (file:///Users/mia/vesta-cx/vesta/node_modules/.pnpm/prettier-plugin-tailwindcss@0.7.2_prettier-plugin-astro@0.14.1_prettier-plugin-svelte@3_d4163ebf28de53b474e0228e4586fdcf/node_modules/prettier-plugin-tailwindcss/dist/index.mjs:231:4669)
[[31merror[39m]     at file:///Users/mia/vesta-cx/vesta/node_modules/.pnpm/prettier-plugin-tailwindcss@0.7.2_prettier-plugin-astro@0.14.1_prettier-plugin-svelte@3_d4163ebf28de53b474e0228e4586fdcf/node_modules/prettier-plugin-tailwindcss/dist/index.mjs:232:708
[[31merror[39m]     at file:///Users/mia/vesta-cx/vesta/node_modules/.pnpm/prettier-plugin-tailwindcss@0.7.2_prettier-plugin-astro@0.14.1_prettier-plugin-svelte@3_d4163ebf28de53b474e0228e4586fdcf/node_modules/prettier-plugin-tailwindcss/dist/index.mjs:235:406
[[31merror[39m]     at eval (eval at create (file:///Users/mia/vesta-cx/vesta/node_modules/.pnpm/prettier-plugin-tailwindcss@0.7.2_prettier-plugin-astro@0.14.1_prettier-plugin-svelte@3_d4163ebf28de53b474e0228e4586fdcf/node_modules/prettier-plugin-tailwindcss/dist/index.mjs:106:78), <anonymous>:15:1)
[[31merror[39m]     at file:///Users/mia/vesta-cx/vesta/node_modules/.pnpm/prettier-plugin-tailwindcss@0.7.2_prettier-plugin-astro@0.14.1_prettier-plugin-svelte@3_d4163ebf28de53b474e0228e4586fdcf/node_modules/prettier-plugin-tailwindcss/dist/index.mjs:235:406
[[31merror[39m]     at eval (eval at create (file:///Users/mia/vesta-cx/vesta/node_modules/.pnpm/prettier-plugin-tailwindcss@0.7.2_prettier-plugin-astro@0.14.1_prettier-plugin-svelte@3_d4163ebf28de53b474e0228e4586fdcf/node_modules/prettier-plugin-tailwindcss/dist/index.mjs:106:78), <anonymous>:27:1)
[[31merror[39m]     at file:///Users/mia/vesta-cx/vesta/node_modules/.pnpm/prettier-plugin-tailwindcss@0.7.2_prettier-plugin-astro@0.14.1_prettier-plugin-svelte@3_d4163ebf28de53b474e0228e4586fdcf/node_modules/prettier-plugin-tailwindcss/dist/index.mjs:102:12756
[[31merror[39m]     at file:///Users/mia/vesta-cx/vesta/node_modules/.pnpm/prettier-plugin-tailwindcss@0.7.2_prettier-plugin-astro@0.14.1_prettier-plugin-svelte@3_d4163ebf28de53b474e0228e4586fdcf/node_modules/prettier-plugin-tailwindcss/dist/index.mjs:235:406
[[31merror[39m]     at eval (eval at create (file:///Users/mia/vesta-cx/vesta/node_modules/.pnpm/prettier-plugin-tailwindcss@0.7.2_prettier-plugin-astro@0.14.1_prettier-plugin-svelte@3_d4163ebf28de53b474e0228e4586fdcf/node_modules/prettier-plugin-tailwindcss/dist/index.mjs:106:78), <anonymous>:15:1)
[[31merror[39m]     at file:///Users/mia/vesta-cx/vesta/node_modules/.pnpm/prettier-plugin-tailwindcss@0.7.2_prettier-plugin-astro@0.14.1_prettier-plugin-svelte@3_d4163ebf28de53b474e0228e4586fdcf/node_modules/prettier-plugin-tailwindcss/dist/index.mjs:235:406
src/lib/components/ui/calendar/calendar-caption.svelte
[[31merror[39m] src/lib/components/ui/calendar/calendar-caption.svelte: Error: Can't resolve '$lib/styles/theme.css' in '/Users/mia/vesta-cx/vesta/packages/ui/src'
[[31merror[39m]     at h (file:///Users/mia/vesta-cx/vesta/node_modules/.pnpm/prettier-plugin-tailwindcss@0.7.2_prettier-plugin-astro@0.14.1_prettier-plugin-svelte@3_d4163ebf28de53b474e0228e4586fdcf/node_modules/prettier-plugin-tailwindcss/dist/index.mjs:231:4669)
[[31merror[39m]     at file:///Users/mia/vesta-cx/vesta/node_modules/.pnpm/prettier-plugin-tailwindcss@0.7.2_prettier-plugin-astro@0.14.1_prettier-plugin-svelte@3_d4163ebf28de53b474e0228e4586fdcf/node_modules/prettier-plugin-tailwindcss/dist/index.mjs:232:708
[[31merror[39m]     at file:///Users/mia/vesta-cx/vesta/node_modules/.pnpm/prettier-plugin-tailwindcss@0.7.2_prettier-plugin-astro@0.14.1_prettier-plugin-svelte@3_d4163ebf28de53b474e0228e4586fdcf/node_modules/prettier-plugin-tailwindcss/dist/index.mjs:235:406
[[31merror[39m]     at eval (eval at create (file:///Users/mia/vesta-cx/vesta/node_modules/.pnpm/prettier-plugin-tailwindcss@0.7.2_prettier-plugin-astro@0.14.1_prettier-plugin-svelte@3_d4163ebf28de53b474e0228e4586fdcf/node_modules/prettier-plugin-tailwindcss/dist/index.mjs:106:78), <anonymous>:15:1)
[[31merror[39m]     at file:///Users/mia/vesta-cx/vesta/node_modules/.pnpm/prettier-plugin-tailwindcss@0.7.2_prettier-plugin-astro@0.14.1_prettier-plugin-svelte@3_d4163ebf28de53b474e0228e4586fdcf/node_modules/prettier-plugin-tailwindcss/dist/index.mjs:235:406
[[31merror[39m]     at eval (eval at create (file:///Users/mia/vesta-cx/vesta/node_modules/.pnpm/prettier-plugin-tailwindcss@0.7.2_prettier-plugin-astro@0.14.1_prettier-plugin-svelte@3_d4163ebf28de53b474e0228e4586fdcf/node_modules/prettier-plugin-tailwindcss/dist/index.mjs:106:78), <anonymous>:27:1)
[[31merror[39m]     at file:///Users/mia/vesta-cx/vesta/node_modules/.pnpm/prettier-plugin-tailwindcss@0.7.2_prettier-plugin-astro@0.14.1_prettier-plugin-svelte@3_d4163ebf28de53b474e0228e4586fdcf/node_modules/prettier-plugin-tailwindcss/dist/index.mjs:102:12756
[[31merror[39m]     at file:///Users/mia/vesta-cx/vesta/node_modules/.pnpm/prettier-plugin-tailwindcss@0.7.2_prettier-plugin-astro@0.14.1_prettier-plugin-svelte@3_d4163ebf28de53b474e0228e4586fdcf/node_modules/prettier-plugin-tailwindcss/dist/index.mjs:235:406
[[31merror[39m]     at eval (eval at create (file:///Users/mia/vesta-cx/vesta/node_modules/.pnpm/prettier-plugin-tailwindcss@0.7.2_prettier-plugin-astro@0.14.1_prettier-plugin-svelte@3_d4163ebf28de53b474e0228e4586fdcf/node_modules/prettier-plugin-tailwindcss/dist/index.mjs:106:78), <anonymous>:15:1)
[[31merror[39m]     at file:///Users/mia/vesta-cx/vesta/node_modules/.pnpm/prettier-plugin-tailwindcss@0.7.2_prettier-plugin-astro@0.14.1_prettier-plugin-svelte@3_d4163ebf28de53b474e0228e4586fdcf/node_modules/prettier-plugin-tailwindcss/dist/index.mjs:235:406
src/lib/components/ui/calendar/calendar-cell.svelte
[[31merror[39m] src/lib/components/ui/calendar/calendar-cell.svelte: Error: Can't resolve '$lib/styles/theme.css' in '/Users/mia/vesta-cx/vesta/packages/ui/src'
[[31merror[39m]     at h (file:///Users/mia/vesta-cx/vesta/node_modules/.pnpm/prettier-plugin-tailwindcss@0.7.2_prettier-plugin-astro@0.14.1_prettier-plugin-svelte@3_d4163ebf28de53b474e0228e4586fdcf/node_modules/prettier-plugin-tailwindcss/dist/index.mjs:231:4669)
[[31merror[39m]     at file:///Users/mia/vesta-cx/vesta/node_modules/.pnpm/prettier-plugin-tailwindcss@0.7.2_prettier-plugin-astro@0.14.1_prettier-plugin-svelte@3_d4163ebf28de53b474e0228e4586fdcf/node_modules/prettier-plugin-tailwindcss/dist/index.mjs:232:708
[[31merror[39m]     at file:///Users/mia/vesta-cx/vesta/node_modules/.pnpm/prettier-plugin-tailwindcss@0.7.2_prettier-plugin-astro@0.14.1_prettier-plugin-svelte@3_d4163ebf28de53b474e0228e4586fdcf/node_modules/prettier-plugin-tailwindcss/dist/index.mjs:235:406
[[31merror[39m]     at eval (eval at create (file:///Users/mia/vesta-cx/vesta/node_modules/.pnpm/prettier-plugin-tailwindcss@0.7.2_prettier-plugin-astro@0.14.1_prettier-plugin-svelte@3_d4163ebf28de53b474e0228e4586fdcf/node_modules/prettier-plugin-tailwindcss/dist/index.mjs:106:78), <anonymous>:15:1)
[[31merror[39m]     at file:///Users/mia/vesta-cx/vesta/node_modules/.pnpm/prettier-plugin-tailwindcss@0.7.2_prettier-plugin-astro@0.14.1_prettier-plugin-svelte@3_d4163ebf28de53b474e0228e4586fdcf/node_modules/prettier-plugin-tailwindcss/dist/index.mjs:235:406
[[31merror[39m]     at eval (eval at create (file:///Users/mia/vesta-cx/vesta/node_modules/.pnpm/prettier-plugin-tailwindcss@0.7.2_prettier-plugin-astro@0.14.1_prettier-plugin-svelte@3_d4163ebf28de53b474e0228e4586fdcf/node_modules/prettier-plugin-tailwindcss/dist/index.mjs:106:78), <anonymous>:27:1)
[[31merror[39m]     at file:///Users/mia/vesta-cx/vesta/node_modules/.pnpm/prettier-plugin-tailwindcss@0.7.2_prettier-plugin-astro@0.14.1_prettier-plugin-svelte@3_d4163ebf28de53b474e0228e4586fdcf/node_modules/prettier-plugin-tailwindcss/dist/index.mjs:102:12756
[[31merror[39m]     at file:///Users/mia/vesta-cx/vesta/node_modules/.pnpm/prettier-plugin-tailwindcss@0.7.2_prettier-plugin-astro@0.14.1_prettier-plugin-svelte@3_d4163ebf28de53b474e0228e4586fdcf/node_modules/prettier-plugin-tailwindcss/dist/index.mjs:235:406
[[31merror[39m]     at eval (eval at create (file:///Users/mia/vesta-cx/vesta/node_modules/.pnpm/prettier-plugin-tailwindcss@0.7.2_prettier-plugin-astro@0.14.1_prettier-plugin-svelte@3_d4163ebf28de53b474e0228e4586fdcf/node_modules/prettier-plugin-tailwindcss/dist/index.mjs:106:78), <anonymous>:15:1)
[[31merror[39m]     at file:///Users/mia/vesta-cx/vesta/node_modules/.pnpm/prettier-plugin-tailwindcss@0.7.2_prettier-plugin-astro@0.14.1_prettier-plugin-svelte@3_d4163ebf28de53b474e0228e4586fdcf/node_modules/prettier-plugin-tailwindcss/dist/index.mjs:235:406
src/lib/components/ui/calendar/calendar-day.svelte
[[31merror[39m] src/lib/components/ui/calendar/calendar-day.svelte: Error: Can't resolve '$lib/styles/theme.css' in '/Users/mia/vesta-cx/vesta/packages/ui/src'
[[31merror[39m]     at h (file:///Users/mia/vesta-cx/vesta/node_modules/.pnpm/prettier-plugin-tailwindcss@0.7.2_prettier-plugin-astro@0.14.1_prettier-plugin-svelte@3_d4163ebf28de53b474e0228e4586fdcf/node_modules/prettier-plugin-tailwindcss/dist/index.mjs:231:4669)
[[31merror[39m]     at file:///Users/mia/vesta-cx/vesta/node_modules/.pnpm/prettier-plugin-tailwindcss@0.7.2_prettier-plugin-astro@0.14.1_prettier-plugin-svelte@3_d4163ebf28de53b474e0228e4586fdcf/node_modules/prettier-plugin-tailwindcss/dist/index.mjs:232:708
[[31merror[39m]     at file:///Users/mia/vesta-cx/vesta/node_modules/.pnpm/prettier-plugin-tailwindcss@0.7.2_prettier-plugin-astro@0.14.1_prettier-plugin-svelte@3_d4163ebf28de53b474e0228e4586fdcf/node_modules/prettier-plugin-tailwindcss/dist/index.mjs:235:406
[[31merror[39m]     at eval (eval at create (file:///Users/mia/vesta-cx/vesta/node_modules/.pnpm/prettier-plugin-tailwindcss@0.7.2_prettier-plugin-astro@0.14.1_prettier-plugin-svelte@3_d4163ebf28de53b474e0228e4586fdcf/node_modules/prettier-plugin-tailwindcss/dist/index.mjs:106:78), <anonymous>:15:1)
[[31merror[39m]     at file:///Users/mia/vesta-cx/vesta/node_modules/.pnpm/prettier-plugin-tailwindcss@0.7.2_prettier-plugin-astro@0.14.1_prettier-plugin-svelte@3_d4163ebf28de53b474e0228e4586fdcf/node_modules/prettier-plugin-tailwindcss/dist/index.mjs:235:406
[[31merror[39m]     at eval (eval at create (file:///Users/mia/vesta-cx/vesta/node_modules/.pnpm/prettier-plugin-tailwindcss@0.7.2_prettier-plugin-astro@0.14.1_prettier-plugin-svelte@3_d4163ebf28de53b474e0228e4586fdcf/node_modules/prettier-plugin-tailwindcss/dist/index.mjs:106:78), <anonymous>:27:1)
[[31merror[39m]     at file:///Users/mia/vesta-cx/vesta/node_modules/.pnpm/prettier-plugin-tailwindcss@0.7.2_prettier-plugin-astro@0.14.1_prettier-plugin-svelte@3_d4163ebf28de53b474e0228e4586fdcf/node_modules/prettier-plugin-tailwindcss/dist/index.mjs:102:12756
[[31merror[39m]     at file:///Users/mia/vesta-cx/vesta/node_modules/.pnpm/prettier-plugin-tailwindcss@0.7.2_prettier-plugin-astro@0.14.1_prettier-plugin-svelte@3_d4163ebf28de53b474e0228e4586fdcf/node_modules/prettier-plugin-tailwindcss/dist/index.mjs:235:406
[[31merror[39m]     at eval (eval at create (file:///Users/mia/vesta-cx/vesta/node_modules/.pnpm/prettier-plugin-tailwindcss@0.7.2_prettier-plugin-astro@0.14.1_prettier-plugin-svelte@3_d4163ebf28de53b474e0228e4586fdcf/node_modules/prettier-plugin-tailwindcss/dist/index.mjs:106:78), <anonymous>:15:1)
[[31merror[39m]     at file:///Users/mia/vesta-cx/vesta/node_modules/.pnpm/prettier-plugin-tailwindcss@0.7.2_prettier-plugin-astro@0.14.1_prettier-plugin-svelte@3_d4163ebf28de53b474e0228e4586fdcf/node_modules/prettier-plugin-tailwindcss/dist/index.mjs:235:406
src/lib/components/ui/calendar/calendar-grid-body.svelte
[[31merror[39m] src/lib/components/ui/calendar/calendar-grid-body.svelte: Error: Can't resolve '$lib/styles/theme.css' in '/Users/mia/vesta-cx/vesta/packages/ui/src'
[[31merror[39m]     at h (file:///Users/mia/vesta-cx/vesta/node_modules/.pnpm/prettier-plugin-tailwindcss@0.7.2_prettier-plugin-astro@0.14.1_prettier-plugin-svelte@3_d4163ebf28de53b474e0228e4586fdcf/node_modules/prettier-plugin-tailwindcss/dist/index.mjs:231:4669)
[[31merror[39m]     at file:///Users/mia/vesta-cx/vesta/node_modules/.pnpm/prettier-plugin-tailwindcss@0.7.2_prettier-plugin-astro@0.14.1_prettier-plugin-svelte@3_d4163ebf28de53b474e0228e4586fdcf/node_modules/prettier-plugin-tailwindcss/dist/index.mjs:232:708
[[31merror[39m]     at file:///Users/mia/vesta-cx/vesta/node_modules/.pnpm/prettier-plugin-tailwindcss@0.7.2_prettier-plugin-astro@0.14.1_prettier-plugin-svelte@3_d4163ebf28de53b474e0228e4586fdcf/node_modules/prettier-plugin-tailwindcss/dist/index.mjs:235:406
[[31merror[39m]     at eval (eval at create (file:///Users/mia/vesta-cx/vesta/node_modules/.pnpm/prettier-plugin-tailwindcss@0.7.2_prettier-plugin-astro@0.14.1_prettier-plugin-svelte@3_d4163ebf28de53b474e0228e4586fdcf/node_modules/prettier-plugin-tailwindcss/dist/index.mjs:106:78), <anonymous>:15:1)
[[31merror[39m]     at file:///Users/mia/vesta-cx/vesta/node_modules/.pnpm/prettier-plugin-tailwindcss@0.7.2_prettier-plugin-astro@0.14.1_prettier-plugin-svelte@3_d4163ebf28de53b474e0228e4586fdcf/node_modules/prettier-plugin-tailwindcss/dist/index.mjs:235:406
[[31merror[39m]     at eval (eval at create (file:///Users/mia/vesta-cx/vesta/node_modules/.pnpm/prettier-plugin-tailwindcss@0.7.2_prettier-plugin-astro@0.14.1_prettier-plugin-svelte@3_d4163ebf28de53b474e0228e4586fdcf/node_modules/prettier-plugin-tailwindcss/dist/index.mjs:106:78), <anonymous>:27:1)
[[31merror[39m]     at file:///Users/mia/vesta-cx/vesta/node_modules/.pnpm/prettier-plugin-tailwindcss@0.7.2_prettier-plugin-astro@0.14.1_prettier-plugin-svelte@3_d4163ebf28de53b474e0228e4586fdcf/node_modules/prettier-plugin-tailwindcss/dist/index.mjs:102:12756
[[31merror[39m]     at file:///Users/mia/vesta-cx/vesta/node_modules/.pnpm/prettier-plugin-tailwindcss@0.7.2_prettier-plugin-astro@0.14.1_prettier-plugin-svelte@3_d4163ebf28de53b474e0228e4586fdcf/node_modules/prettier-plugin-tailwindcss/dist/index.mjs:235:406
[[31merror[39m]     at eval (eval at create (file:///Users/mia/vesta-cx/vesta/node_modules/.pnpm/prettier-plugin-tailwindcss@0.7.2_prettier-plugin-astro@0.14.1_prettier-plugin-svelte@3_d4163ebf28de53b474e0228e4586fdcf/node_modules/prettier-plugin-tailwindcss/dist/index.mjs:106:78), <anonymous>:15:1)
[[31merror[39m]     at file:///Users/mia/vesta-cx/vesta/node_modules/.pnpm/prettier-plugin-tailwindcss@0.7.2_prettier-plugin-astro@0.14.1_prettier-plugin-svelte@3_d4163ebf28de53b474e0228e4586fdcf/node_modules/prettier-plugin-tailwindcss/dist/index.mjs:235:406
src/lib/components/ui/calendar/calendar-grid-head.svelte
[[31merror[39m] src/lib/components/ui/calendar/calendar-grid-head.svelte: Error: Can't resolve '$lib/styles/theme.css' in '/Users/mia/vesta-cx/vesta/packages/ui/src'
[[31merror[39m]     at h (file:///Users/mia/vesta-cx/vesta/node_modules/.pnpm/prettier-plugin-tailwindcss@0.7.2_prettier-plugin-astro@0.14.1_prettier-plugin-svelte@3_d4163ebf28de53b474e0228e4586fdcf/node_modules/prettier-plugin-tailwindcss/dist/index.mjs:231:4669)
[[31merror[39m]     at file:///Users/mia/vesta-cx/vesta/node_modules/.pnpm/prettier-plugin-tailwindcss@0.7.2_prettier-plugin-astro@0.14.1_prettier-plugin-svelte@3_d4163ebf28de53b474e0228e4586fdcf/node_modules/prettier-plugin-tailwindcss/dist/index.mjs:232:708
[[31merror[39m]     at file:///Users/mia/vesta-cx/vesta/node_modules/.pnpm/prettier-plugin-tailwindcss@0.7.2_prettier-plugin-astro@0.14.1_prettier-plugin-svelte@3_d4163ebf28de53b474e0228e4586fdcf/node_modules/prettier-plugin-tailwindcss/dist/index.mjs:235:406
[[31merror[39m]     at eval (eval at create (file:///Users/mia/vesta-cx/vesta/node_modules/.pnpm/prettier-plugin-tailwindcss@0.7.2_prettier-plugin-astro@0.14.1_prettier-plugin-svelte@3_d4163ebf28de53b474e0228e4586fdcf/node_modules/prettier-plugin-tailwindcss/dist/index.mjs:106:78), <anonymous>:15:1)
[[31merror[39m]     at file:///Users/mia/vesta-cx/vesta/node_modules/.pnpm/prettier-plugin-tailwindcss@0.7.2_prettier-plugin-astro@0.14.1_prettier-plugin-svelte@3_d4163ebf28de53b474e0228e4586fdcf/node_modules/prettier-plugin-tailwindcss/dist/index.mjs:235:406
[[31merror[39m]     at eval (eval at create (file:///Users/mia/vesta-cx/vesta/node_modules/.pnpm/prettier-plugin-tailwindcss@0.7.2_prettier-plugin-astro@0.14.1_prettier-plugin-svelte@3_d4163ebf28de53b474e0228e4586fdcf/node_modules/prettier-plugin-tailwindcss/dist/index.mjs:106:78), <anonymous>:27:1)
[[31merror[39m]     at file:///Users/mia/vesta-cx/vesta/node_modules/.pnpm/prettier-plugin-tailwindcss@0.7.2_prettier-plugin-astro@0.14.1_prettier-plugin-svelte@3_d4163ebf28de53b474e0228e4586fdcf/node_modules/prettier-plugin-tailwindcss/dist/index.mjs:102:12756
[[31merror[39m]     at file:///Users/mia/vesta-cx/vesta/node_modules/.pnpm/prettier-plugin-tailwindcss@0.7.2_prettier-plugin-astro@0.14.1_prettier-plugin-svelte@3_d4163ebf28de53b474e0228e4586fdcf/node_modules/prettier-plugin-tailwindcss/dist/index.mjs:235:406
[[31merror[39m]     at eval (eval at create (file:///Users/mia/vesta-cx/vesta/node_modules/.pnpm/prettier-plugin-tailwindcss@0.7.2_prettier-plugin-astro@0.14.1_prettier-plugin-svelte@3_d4163ebf28de53b474e0228e4586fdcf/node_modules/prettier-plugin-tailwindcss/dist/index.mjs:106:78), <anonymous>:15:1)
[[31merror[39m]     at file:///Users/mia/vesta-cx/vesta/node_modules/.pnpm/prettier-plugin-tailwindcss@0.7.2_prettier-plugin-astro@0.14.1_prettier-plugin-svelte@3_d4163ebf28de53b474e0228e4586fdcf/node_modules/prettier-plugin-tailwindcss/dist/index.mjs:235:406
src/lib/components/ui/calendar/calendar-grid-row.svelte
[[31merror[39m] src/lib/components/ui/calendar/calendar-grid-row.svelte: Error: Can't resolve '$lib/styles/theme.css' in '/Users/mia/vesta-cx/vesta/packages/ui/src'
[[31merror[39m]     at h (file:///Users/mia/vesta-cx/vesta/node_modules/.pnpm/prettier-plugin-tailwindcss@0.7.2_prettier-plugin-astro@0.14.1_prettier-plugin-svelte@3_d4163ebf28de53b474e0228e4586fdcf/node_modules/prettier-plugin-tailwindcss/dist/index.mjs:231:4669)
[[31merror[39m]     at file:///Users/mia/vesta-cx/vesta/node_modules/.pnpm/prettier-plugin-tailwindcss@0.7.2_prettier-plugin-astro@0.14.1_prettier-plugin-svelte@3_d4163ebf28de53b474e0228e4586fdcf/node_modules/prettier-plugin-tailwindcss/dist/index.mjs:232:708
[[31merror[39m]     at file:///Users/mia/vesta-cx/vesta/node_modules/.pnpm/prettier-plugin-tailwindcss@0.7.2_prettier-plugin-astro@0.14.1_prettier-plugin-svelte@3_d4163ebf28de53b474e0228e4586fdcf/node_modules/prettier-plugin-tailwindcss/dist/index.mjs:235:406
[[31merror[39m]     at eval (eval at create (file:///Users/mia/vesta-cx/vesta/node_modules/.pnpm/prettier-plugin-tailwindcss@0.7.2_prettier-plugin-astro@0.14.1_prettier-plugin-svelte@3_d4163ebf28de53b474e0228e4586fdcf/node_modules/prettier-plugin-tailwindcss/dist/index.mjs:106:78), <anonymous>:15:1)
[[31merror[39m]     at file:///Users/mia/vesta-cx/vesta/node_modules/.pnpm/prettier-plugin-tailwindcss@0.7.2_prettier-plugin-astro@0.14.1_prettier-plugin-svelte@3_d4163ebf28de53b474e0228e4586fdcf/node_modules/prettier-plugin-tailwindcss/dist/index.mjs:235:406
[[31merror[39m]     at eval (eval at create (file:///Users/mia/vesta-cx/vesta/node_modules/.pnpm/prettier-plugin-tailwindcss@0.7.2_prettier-plugin-astro@0.14.1_prettier-plugin-svelte@3_d4163ebf28de53b474e0228e4586fdcf/node_modules/prettier-plugin-tailwindcss/dist/index.mjs:106:78), <anonymous>:27:1)
[[31merror[39m]     at file:///Users/mia/vesta-cx/vesta/node_modules/.pnpm/prettier-plugin-tailwindcss@0.7.2_prettier-plugin-astro@0.14.1_prettier-plugin-svelte@3_d4163ebf28de53b474e0228e4586fdcf/node_modules/prettier-plugin-tailwindcss/dist/index.mjs:102:12756
[[31merror[39m]     at file:///Users/mia/vesta-cx/vesta/node_modules/.pnpm/prettier-plugin-tailwindcss@0.7.2_prettier-plugin-astro@0.14.1_prettier-plugin-svelte@3_d4163ebf28de53b474e0228e4586fdcf/node_modules/prettier-plugin-tailwindcss/dist/index.mjs:235:406
[[31merror[39m]     at eval (eval at create (file:///Users/mia/vesta-cx/vesta/node_modules/.pnpm/prettier-plugin-tailwindcss@0.7.2_prettier-plugin-astro@0.14.1_prettier-plugin-svelte@3_d4163ebf28de53b474e0228e4586fdcf/node_modules/prettier-plugin-tailwindcss/dist/index.mjs:106:78), <anonymous>:15:1)
[[31merror[39m]     at file:///Users/mia/vesta-cx/vesta/node_modules/.pnpm/prettier-plugin-tailwindcss@0.7.2_prettier-plugin-astro@0.14.1_prettier-plugin-svelte@3_d4163ebf28de53b474e0228e4586fdcf/node_modules/prettier-plugin-tailwindcss/dist/index.mjs:235:406
src/lib/components/ui/calendar/calendar-grid.svelte
[[31merror[39m] src/lib/components/ui/calendar/calendar-grid.svelte: Error: Can't resolve '$lib/styles/theme.css' in '/Users/mia/vesta-cx/vesta/packages/ui/src'
[[31merror[39m]     at h (file:///Users/mia/vesta-cx/vesta/node_modules/.pnpm/prettier-plugin-tailwindcss@0.7.2_prettier-plugin-astro@0.14.1_prettier-plugin-svelte@3_d4163ebf28de53b474e0228e4586fdcf/node_modules/prettier-plugin-tailwindcss/dist/index.mjs:231:4669)
[[31merror[39m]     at file:///Users/mia/vesta-cx/vesta/node_modules/.pnpm/prettier-plugin-tailwindcss@0.7.2_prettier-plugin-astro@0.14.1_prettier-plugin-svelte@3_d4163ebf28de53b474e0228e4586fdcf/node_modules/prettier-plugin-tailwindcss/dist/index.mjs:232:708
[[31merror[39m]     at file:///Users/mia/vesta-cx/vesta/node_modules/.pnpm/prettier-plugin-tailwindcss@0.7.2_prettier-plugin-astro@0.14.1_prettier-plugin-svelte@3_d4163ebf28de53b474e0228e4586fdcf/node_modules/prettier-plugin-tailwindcss/dist/index.mjs:235:406
[[31merror[39m]     at eval (eval at create (file:///Users/mia/vesta-cx/vesta/node_modules/.pnpm/prettier-plugin-tailwindcss@0.7.2_prettier-plugin-astro@0.14.1_prettier-plugin-svelte@3_d4163ebf28de53b474e0228e4586fdcf/node_modules/prettier-plugin-tailwindcss/dist/index.mjs:106:78), <anonymous>:15:1)
[[31merror[39m]     at file:///Users/mia/vesta-cx/vesta/node_modules/.pnpm/prettier-plugin-tailwindcss@0.7.2_prettier-plugin-astro@0.14.1_prettier-plugin-svelte@3_d4163ebf28de53b474e0228e4586fdcf/node_modules/prettier-plugin-tailwindcss/dist/index.mjs:235:406
[[31merror[39m]     at eval (eval at create (file:///Users/mia/vesta-cx/vesta/node_modules/.pnpm/prettier-plugin-tailwindcss@0.7.2_prettier-plugin-astro@0.14.1_prettier-plugin-svelte@3_d4163ebf28de53b474e0228e4586fdcf/node_modules/prettier-plugin-tailwindcss/dist/index.mjs:106:78), <anonymous>:27:1)
[[31merror[39m]     at file:///Users/mia/vesta-cx/vesta/node_modules/.pnpm/prettier-plugin-tailwindcss@0.7.2_prettier-plugin-astro@0.14.1_prettier-plugin-svelte@3_d4163ebf28de53b474e0228e4586fdcf/node_modules/prettier-plugin-tailwindcss/dist/index.mjs:102:12756
[[31merror[39m]     at file:///Users/mia/vesta-cx/vesta/node_modules/.pnpm/prettier-plugin-tailwindcss@0.7.2_prettier-plugin-astro@0.14.1_prettier-plugin-svelte@3_d4163ebf28de53b474e0228e4586fdcf/node_modules/prettier-plugin-tailwindcss/dist/index.mjs:235:406
[[31merror[39m]     at eval (eval at create (file:///Users/mia/vesta-cx/vesta/node_modules/.pnpm/prettier-plugin-tailwindcss@0.7.2_prettier-plugin-astro@0.14.1_prettier-plugin-svelte@3_d4163ebf28de53b474e0228e4586fdcf/node_modules/prettier-plugin-tailwindcss/dist/index.mjs:106:78), <anonymous>:15:1)
[[31merror[39m]     at file:///Users/mia/vesta-cx/vesta/node_modules/.pnpm/prettier-plugin-tailwindcss@0.7.2_prettier-plugin-astro@0.14.1_prettier-plugin-svelte@3_d4163ebf28de53b474e0228e4586fdcf/node_modules/prettier-plugin-tailwindcss/dist/index.mjs:235:406
src/lib/components/ui/calendar/calendar-head-cell.svelte
[[31merror[39m] src/lib/components/ui/calendar/calendar-head-cell.svelte: Error: Can't resolve '$lib/styles/theme.css' in '/Users/mia/vesta-cx/vesta/packages/ui/src'
[[31merror[39m]     at h (file:///Users/mia/vesta-cx/vesta/node_modules/.pnpm/prettier-plugin-tailwindcss@0.7.2_prettier-plugin-astro@0.14.1_prettier-plugin-svelte@3_d4163ebf28de53b474e0228e4586fdcf/node_modules/prettier-plugin-tailwindcss/dist/index.mjs:231:4669)
[[31merror[39m]     at file:///Users/mia/vesta-cx/vesta/node_modules/.pnpm/prettier-plugin-tailwindcss@0.7.2_prettier-plugin-astro@0.14.1_prettier-plugin-svelte@3_d4163ebf28de53b474e0228e4586fdcf/node_modules/prettier-plugin-tailwindcss/dist/index.mjs:232:708
[[31merror[39m]     at file:///Users/mia/vesta-cx/vesta/node_modules/.pnpm/prettier-plugin-tailwindcss@0.7.2_prettier-plugin-astro@0.14.1_prettier-plugin-svelte@3_d4163ebf28de53b474e0228e4586fdcf/node_modules/prettier-plugin-tailwindcss/dist/index.mjs:235:406
[[31merror[39m]     at eval (eval at create (file:///Users/mia/vesta-cx/vesta/node_modules/.pnpm/prettier-plugin-tailwindcss@0.7.2_prettier-plugin-astro@0.14.1_prettier-plugin-svelte@3_d4163ebf28de53b474e0228e4586fdcf/node_modules/prettier-plugin-tailwindcss/dist/index.mjs:106:78), <anonymous>:15:1)
[[31merror[39m]     at file:///Users/mia/vesta-cx/vesta/node_modules/.pnpm/prettier-plugin-tailwindcss@0.7.2_prettier-plugin-astro@0.14.1_prettier-plugin-svelte@3_d4163ebf28de53b474e0228e4586fdcf/node_modules/prettier-plugin-tailwindcss/dist/index.mjs:235:406
[[31merror[39m]     at eval (eval at create (file:///Users/mia/vesta-cx/vesta/node_modules/.pnpm/prettier-plugin-tailwindcss@0.7.2_prettier-plugin-astro@0.14.1_prettier-plugin-svelte@3_d4163ebf28de53b474e0228e4586fdcf/node_modules/prettier-plugin-tailwindcss/dist/index.mjs:106:78), <anonymous>:27:1)
[[31merror[39m]     at file:///Users/mia/vesta-cx/vesta/node_modules/.pnpm/prettier-plugin-tailwindcss@0.7.2_prettier-plugin-astro@0.14.1_prettier-plugin-svelte@3_d4163ebf28de53b474e0228e4586fdcf/node_modules/prettier-plugin-tailwindcss/dist/index.mjs:102:12756
[[31merror[39m]     at file:///Users/mia/vesta-cx/vesta/node_modules/.pnpm/prettier-plugin-tailwindcss@0.7.2_prettier-plugin-astro@0.14.1_prettier-plugin-svelte@3_d4163ebf28de53b474e0228e4586fdcf/node_modules/prettier-plugin-tailwindcss/dist/index.mjs:235:406
[[31merror[39m]     at eval (eval at create (file:///Users/mia/vesta-cx/vesta/node_modules/.pnpm/prettier-plugin-tailwindcss@0.7.2_prettier-plugin-astro@0.14.1_prettier-plugin-svelte@3_d4163ebf28de53b474e0228e4586fdcf/node_modules/prettier-plugin-tailwindcss/dist/index.mjs:106:78), <anonymous>:15:1)
[[31merror[39m]     at file:///Users/mia/vesta-cx/vesta/node_modules/.pnpm/prettier-plugin-tailwindcss@0.7.2_prettier-plugin-astro@0.14.1_prettier-plugin-svelte@3_d4163ebf28de53b474e0228e4586fdcf/node_modules/prettier-plugin-tailwindcss/dist/index.mjs:235:406
src/lib/components/ui/calendar/calendar-header.svelte
[[31merror[39m] src/lib/components/ui/calendar/calendar-header.svelte: Error: Can't resolve '$lib/styles/theme.css' in '/Users/mia/vesta-cx/vesta/packages/ui/src'
[[31merror[39m]     at h (file:///Users/mia/vesta-cx/vesta/node_modules/.pnpm/prettier-plugin-tailwindcss@0.7.2_prettier-plugin-astro@0.14.1_prettier-plugin-svelte@3_d4163ebf28de53b474e0228e4586fdcf/node_modules/prettier-plugin-tailwindcss/dist/index.mjs:231:4669)
[[31merror[39m]     at file:///Users/mia/vesta-cx/vesta/node_modules/.pnpm/prettier-plugin-tailwindcss@0.7.2_prettier-plugin-astro@0.14.1_prettier-plugin-svelte@3_d4163ebf28de53b474e0228e4586fdcf/node_modules/prettier-plugin-tailwindcss/dist/index.mjs:232:708
[[31merror[39m]     at file:///Users/mia/vesta-cx/vesta/node_modules/.pnpm/prettier-plugin-tailwindcss@0.7.2_prettier-plugin-astro@0.14.1_prettier-plugin-svelte@3_d4163ebf28de53b474e0228e4586fdcf/node_modules/prettier-plugin-tailwindcss/dist/index.mjs:235:406
[[31merror[39m]     at eval (eval at create (file:///Users/mia/vesta-cx/vesta/node_modules/.pnpm/prettier-plugin-tailwindcss@0.7.2_prettier-plugin-astro@0.14.1_prettier-plugin-svelte@3_d4163ebf28de53b474e0228e4586fdcf/node_modules/prettier-plugin-tailwindcss/dist/index.mjs:106:78), <anonymous>:15:1)
[[31merror[39m]     at file:///Users/mia/vesta-cx/vesta/node_modules/.pnpm/prettier-plugin-tailwindcss@0.7.2_prettier-plugin-astro@0.14.1_prettier-plugin-svelte@3_d4163ebf28de53b474e0228e4586fdcf/node_modules/prettier-plugin-tailwindcss/dist/index.mjs:235:406
[[31merror[39m]     at eval (eval at create (file:///Users/mia/vesta-cx/vesta/node_modules/.pnpm/prettier-plugin-tailwindcss@0.7.2_prettier-plugin-astro@0.14.1_prettier-plugin-svelte@3_d4163ebf28de53b474e0228e4586fdcf/node_modules/prettier-plugin-tailwindcss/dist/index.mjs:106:78), <anonymous>:27:1)
[[31merror[39m]     at file:///Users/mia/vesta-cx/vesta/node_modules/.pnpm/prettier-plugin-tailwindcss@0.7.2_prettier-plugin-astro@0.14.1_prettier-plugin-svelte@3_d4163ebf28de53b474e0228e4586fdcf/node_modules/prettier-plugin-tailwindcss/dist/index.mjs:102:12756
[[31merror[39m]     at file:///Users/mia/vesta-cx/vesta/node_modules/.pnpm/prettier-plugin-tailwindcss@0.7.2_prettier-plugin-astro@0.14.1_prettier-plugin-svelte@3_d4163ebf28de53b474e0228e4586fdcf/node_modules/prettier-plugin-tailwindcss/dist/index.mjs:235:406
[[31merror[39m]     at eval (eval at create (file:///Users/mia/vesta-cx/vesta/node_modules/.pnpm/prettier-plugin-tailwindcss@0.7.2_prettier-plugin-astro@0.14.1_prettier-plugin-svelte@3_d4163ebf28de53b474e0228e4586fdcf/node_modules/prettier-plugin-tailwindcss/dist/index.mjs:106:78), <anonymous>:15:1)
[[31merror[39m]     at file:///Users/mia/vesta-cx/vesta/node_modules/.pnpm/prettier-plugin-tailwindcss@0.7.2_prettier-plugin-astro@0.14.1_prettier-plugin-svelte@3_d4163ebf28de53b474e0228e4586fdcf/node_modules/prettier-plugin-tailwindcss/dist/index.mjs:235:406
src/lib/components/ui/calendar/calendar-heading.svelte
[[31merror[39m] src/lib/components/ui/calendar/calendar-heading.svelte: Error: Can't resolve '$lib/styles/theme.css' in '/Users/mia/vesta-cx/vesta/packages/ui/src'
[[31merror[39m]     at h (file:///Users/mia/vesta-cx/vesta/node_modules/.pnpm/prettier-plugin-tailwindcss@0.7.2_prettier-plugin-astro@0.14.1_prettier-plugin-svelte@3_d4163ebf28de53b474e0228e4586fdcf/node_modules/prettier-plugin-tailwindcss/dist/index.mjs:231:4669)
[[31merror[39m]     at file:///Users/mia/vesta-cx/vesta/node_modules/.pnpm/prettier-plugin-tailwindcss@0.7.2_prettier-plugin-astro@0.14.1_prettier-plugin-svelte@3_d4163ebf28de53b474e0228e4586fdcf/node_modules/prettier-plugin-tailwindcss/dist/index.mjs:232:708
[[31merror[39m]     at file:///Users/mia/vesta-cx/vesta/node_modules/.pnpm/prettier-plugin-tailwindcss@0.7.2_prettier-plugin-astro@0.14.1_prettier-plugin-svelte@3_d4163ebf28de53b474e0228e4586fdcf/node_modules/prettier-plugin-tailwindcss/dist/index.mjs:235:406
[[31merror[39m]     at eval (eval at create (file:///Users/mia/vesta-cx/vesta/node_modules/.pnpm/prettier-plugin-tailwindcss@0.7.2_prettier-plugin-astro@0.14.1_prettier-plugin-svelte@3_d4163ebf28de53b474e0228e4586fdcf/node_modules/prettier-plugin-tailwindcss/dist/index.mjs:106:78), <anonymous>:15:1)
[[31merror[39m]     at file:///Users/mia/vesta-cx/vesta/node_modules/.pnpm/prettier-plugin-tailwindcss@0.7.2_prettier-plugin-astro@0.14.1_prettier-plugin-svelte@3_d4163ebf28de53b474e0228e4586fdcf/node_modules/prettier-plugin-tailwindcss/dist/index.mjs:235:406
[[31merror[39m]     at eval (eval at create (file:///Users/mia/vesta-cx/vesta/node_modules/.pnpm/prettier-plugin-tailwindcss@0.7.2_prettier-plugin-astro@0.14.1_prettier-plugin-svelte@3_d4163ebf28de53b474e0228e4586fdcf/node_modules/prettier-plugin-tailwindcss/dist/index.mjs:106:78), <anonymous>:27:1)
[[31merror[39m]     at file:///Users/mia/vesta-cx/vesta/node_modules/.pnpm/prettier-plugin-tailwindcss@0.7.2_prettier-plugin-astro@0.14.1_prettier-plugin-svelte@3_d4163ebf28de53b474e0228e4586fdcf/node_modules/prettier-plugin-tailwindcss/dist/index.mjs:102:12756
[[31merror[39m]     at file:///Users/mia/vesta-cx/vesta/node_modules/.pnpm/prettier-plugin-tailwindcss@0.7.2_prettier-plugin-astro@0.14.1_prettier-plugin-svelte@3_d4163ebf28de53b474e0228e4586fdcf/node_modules/prettier-plugin-tailwindcss/dist/index.mjs:235:406
[[31merror[39m]     at eval (eval at create (file:///Users/mia/vesta-cx/vesta/node_modules/.pnpm/prettier-plugin-tailwindcss@0.7.2_prettier-plugin-astro@0.14.1_prettier-plugin-svelte@3_d4163ebf28de53b474e0228e4586fdcf/node_modules/prettier-plugin-tailwindcss/dist/index.mjs:106:78), <anonymous>:15:1)
[[31merror[39m]     at file:///Users/mia/vesta-cx/vesta/node_modules/.pnpm/prettier-plugin-tailwindcss@0.7.2_prettier-plugin-astro@0.14.1_prettier-plugin-svelte@3_d4163ebf28de53b474e0228e4586fdcf/node_modules/prettier-plugin-tailwindcss/dist/index.mjs:235:406
src/lib/components/ui/calendar/calendar-month-select.svelte
[[31merror[39m] src/lib/components/ui/calendar/calendar-month-select.svelte: Error: Can't resolve '$lib/styles/theme.css' in '/Users/mia/vesta-cx/vesta/packages/ui/src'
[[31merror[39m]     at h (file:///Users/mia/vesta-cx/vesta/node_modules/.pnpm/prettier-plugin-tailwindcss@0.7.2_prettier-plugin-astro@0.14.1_prettier-plugin-svelte@3_d4163ebf28de53b474e0228e4586fdcf/node_modules/prettier-plugin-tailwindcss/dist/index.mjs:231:4669)
[[31merror[39m]     at file:///Users/mia/vesta-cx/vesta/node_modules/.pnpm/prettier-plugin-tailwindcss@0.7.2_prettier-plugin-astro@0.14.1_prettier-plugin-svelte@3_d4163ebf28de53b474e0228e4586fdcf/node_modules/prettier-plugin-tailwindcss/dist/index.mjs:232:708
[[31merror[39m]     at file:///Users/mia/vesta-cx/vesta/node_modules/.pnpm/prettier-plugin-tailwindcss@0.7.2_prettier-plugin-astro@0.14.1_prettier-plugin-svelte@3_d4163ebf28de53b474e0228e4586fdcf/node_modules/prettier-plugin-tailwindcss/dist/index.mjs:235:406
[[31merror[39m]     at eval (eval at create (file:///Users/mia/vesta-cx/vesta/node_modules/.pnpm/prettier-plugin-tailwindcss@0.7.2_prettier-plugin-astro@0.14.1_prettier-plugin-svelte@3_d4163ebf28de53b474e0228e4586fdcf/node_modules/prettier-plugin-tailwindcss/dist/index.mjs:106:78), <anonymous>:15:1)
[[31merror[39m]     at file:///Users/mia/vesta-cx/vesta/node_modules/.pnpm/prettier-plugin-tailwindcss@0.7.2_prettier-plugin-astro@0.14.1_prettier-plugin-svelte@3_d4163ebf28de53b474e0228e4586fdcf/node_modules/prettier-plugin-tailwindcss/dist/index.mjs:235:406
[[31merror[39m]     at eval (eval at create (file:///Users/mia/vesta-cx/vesta/node_modules/.pnpm/prettier-plugin-tailwindcss@0.7.2_prettier-plugin-astro@0.14.1_prettier-plugin-svelte@3_d4163ebf28de53b474e0228e4586fdcf/node_modules/prettier-plugin-tailwindcss/dist/index.mjs:106:78), <anonymous>:27:1)
[[31merror[39m]     at file:///Users/mia/vesta-cx/vesta/node_modules/.pnpm/prettier-plugin-tailwindcss@0.7.2_prettier-plugin-astro@0.14.1_prettier-plugin-svelte@3_d4163ebf28de53b474e0228e4586fdcf/node_modules/prettier-plugin-tailwindcss/dist/index.mjs:102:12756
[[31merror[39m]     at file:///Users/mia/vesta-cx/vesta/node_modules/.pnpm/prettier-plugin-tailwindcss@0.7.2_prettier-plugin-astro@0.14.1_prettier-plugin-svelte@3_d4163ebf28de53b474e0228e4586fdcf/node_modules/prettier-plugin-tailwindcss/dist/index.mjs:235:406
[[31merror[39m]     at eval (eval at create (file:///Users/mia/vesta-cx/vesta/node_modules/.pnpm/prettier-plugin-tailwindcss@0.7.2_prettier-plugin-astro@0.14.1_prettier-plugin-svelte@3_d4163ebf28de53b474e0228e4586fdcf/node_modules/prettier-plugin-tailwindcss/dist/index.mjs:106:78), <anonymous>:15:1)
[[31merror[39m]     at file:///Users/mia/vesta-cx/vesta/node_modules/.pnpm/prettier-plugin-tailwindcss@0.7.2_prettier-plugin-astro@0.14.1_prettier-plugin-svelte@3_d4163ebf28de53b474e0228e4586fdcf/node_modules/prettier-plugin-tailwindcss/dist/index.mjs:235:406
src/lib/components/ui/calendar/calendar-month.svelte
[[31merror[39m] src/lib/components/ui/calendar/calendar-month.svelte: Error: Can't resolve '$lib/styles/theme.css' in '/Users/mia/vesta-cx/vesta/packages/ui/src'
[[31merror[39m]     at h (file:///Users/mia/vesta-cx/vesta/node_modules/.pnpm/prettier-plugin-tailwindcss@0.7.2_prettier-plugin-astro@0.14.1_prettier-plugin-svelte@3_d4163ebf28de53b474e0228e4586fdcf/node_modules/prettier-plugin-tailwindcss/dist/index.mjs:231:4669)
[[31merror[39m]     at file:///Users/mia/vesta-cx/vesta/node_modules/.pnpm/prettier-plugin-tailwindcss@0.7.2_prettier-plugin-astro@0.14.1_prettier-plugin-svelte@3_d4163ebf28de53b474e0228e4586fdcf/node_modules/prettier-plugin-tailwindcss/dist/index.mjs:232:708
[[31merror[39m]     at file:///Users/mia/vesta-cx/vesta/node_modules/.pnpm/prettier-plugin-tailwindcss@0.7.2_prettier-plugin-astro@0.14.1_prettier-plugin-svelte@3_d4163ebf28de53b474e0228e4586fdcf/node_modules/prettier-plugin-tailwindcss/dist/index.mjs:235:406
[[31merror[39m]     at eval (eval at create (file:///Users/mia/vesta-cx/vesta/node_modules/.pnpm/prettier-plugin-tailwindcss@0.7.2_prettier-plugin-astro@0.14.1_prettier-plugin-svelte@3_d4163ebf28de53b474e0228e4586fdcf/node_modules/prettier-plugin-tailwindcss/dist/index.mjs:106:78), <anonymous>:15:1)
[[31merror[39m]     at file:///Users/mia/vesta-cx/vesta/node_modules/.pnpm/prettier-plugin-tailwindcss@0.7.2_prettier-plugin-astro@0.14.1_prettier-plugin-svelte@3_d4163ebf28de53b474e0228e4586fdcf/node_modules/prettier-plugin-tailwindcss/dist/index.mjs:235:406
[[31merror[39m]     at eval (eval at create (file:///Users/mia/vesta-cx/vesta/node_modules/.pnpm/prettier-plugin-tailwindcss@0.7.2_prettier-plugin-astro@0.14.1_prettier-plugin-svelte@3_d4163ebf28de53b474e0228e4586fdcf/node_modules/prettier-plugin-tailwindcss/dist/index.mjs:106:78), <anonymous>:27:1)
[[31merror[39m]     at file:///Users/mia/vesta-cx/vesta/node_modules/.pnpm/prettier-plugin-tailwindcss@0.7.2_prettier-plugin-astro@0.14.1_prettier-plugin-svelte@3_d4163ebf28de53b474e0228e4586fdcf/node_modules/prettier-plugin-tailwindcss/dist/index.mjs:102:12756
[[31merror[39m]     at file:///Users/mia/vesta-cx/vesta/node_modules/.pnpm/prettier-plugin-tailwindcss@0.7.2_prettier-plugin-astro@0.14.1_prettier-plugin-svelte@3_d4163ebf28de53b474e0228e4586fdcf/node_modules/prettier-plugin-tailwindcss/dist/index.mjs:235:406
[[31merror[39m]     at eval (eval at create (file:///Users/mia/vesta-cx/vesta/node_modules/.pnpm/prettier-plugin-tailwindcss@0.7.2_prettier-plugin-astro@0.14.1_prettier-plugin-svelte@3_d4163ebf28de53b474e0228e4586fdcf/node_modules/prettier-plugin-tailwindcss/dist/index.mjs:106:78), <anonymous>:15:1)
[[31merror[39m]     at file:///Users/mia/vesta-cx/vesta/node_modules/.pnpm/prettier-plugin-tailwindcss@0.7.2_prettier-plugin-astro@0.14.1_prettier-plugin-svelte@3_d4163ebf28de53b474e0228e4586fdcf/node_modules/prettier-plugin-tailwindcss/dist/index.mjs:235:406
src/lib/components/ui/calendar/calendar-months.svelte
[[31merror[39m] src/lib/components/ui/calendar/calendar-months.svelte: Error: Can't resolve '$lib/styles/theme.css' in '/Users/mia/vesta-cx/vesta/packages/ui/src'
[[31merror[39m]     at h (file:///Users/mia/vesta-cx/vesta/node_modules/.pnpm/prettier-plugin-tailwindcss@0.7.2_prettier-plugin-astro@0.14.1_prettier-plugin-svelte@3_d4163ebf28de53b474e0228e4586fdcf/node_modules/prettier-plugin-tailwindcss/dist/index.mjs:231:4669)
[[31merror[39m]     at file:///Users/mia/vesta-cx/vesta/node_modules/.pnpm/prettier-plugin-tailwindcss@0.7.2_prettier-plugin-astro@0.14.1_prettier-plugin-svelte@3_d4163ebf28de53b474e0228e4586fdcf/node_modules/prettier-plugin-tailwindcss/dist/index.mjs:232:708
[[31merror[39m]     at file:///Users/mia/vesta-cx/vesta/node_modules/.pnpm/prettier-plugin-tailwindcss@0.7.2_prettier-plugin-astro@0.14.1_prettier-plugin-svelte@3_d4163ebf28de53b474e0228e4586fdcf/node_modules/prettier-plugin-tailwindcss/dist/index.mjs:235:406
[[31merror[39m]     at eval (eval at create (file:///Users/mia/vesta-cx/vesta/node_modules/.pnpm/prettier-plugin-tailwindcss@0.7.2_prettier-plugin-astro@0.14.1_prettier-plugin-svelte@3_d4163ebf28de53b474e0228e4586fdcf/node_modules/prettier-plugin-tailwindcss/dist/index.mjs:106:78), <anonymous>:15:1)
[[31merror[39m]     at file:///Users/mia/vesta-cx/vesta/node_modules/.pnpm/prettier-plugin-tailwindcss@0.7.2_prettier-plugin-astro@0.14.1_prettier-plugin-svelte@3_d4163ebf28de53b474e0228e4586fdcf/node_modules/prettier-plugin-tailwindcss/dist/index.mjs:235:406
[[31merror[39m]     at eval (eval at create (file:///Users/mia/vesta-cx/vesta/node_modules/.pnpm/prettier-plugin-tailwindcss@0.7.2_prettier-plugin-astro@0.14.1_prettier-plugin-svelte@3_d4163ebf28de53b474e0228e4586fdcf/node_modules/prettier-plugin-tailwindcss/dist/index.mjs:106:78), <anonymous>:27:1)
[[31merror[39m]     at file:///Users/mia/vesta-cx/vesta/node_modules/.pnpm/prettier-plugin-tailwindcss@0.7.2_prettier-plugin-astro@0.14.1_prettier-plugin-svelte@3_d4163ebf28de53b474e0228e4586fdcf/node_modules/prettier-plugin-tailwindcss/dist/index.mjs:102:12756
[[31merror[39m]     at file:///Users/mia/vesta-cx/vesta/node_modules/.pnpm/prettier-plugin-tailwindcss@0.7.2_prettier-plugin-astro@0.14.1_prettier-plugin-svelte@3_d4163ebf28de53b474e0228e4586fdcf/node_modules/prettier-plugin-tailwindcss/dist/index.mjs:235:406
[[31merror[39m]     at eval (eval at create (file:///Users/mia/vesta-cx/vesta/node_modules/.pnpm/prettier-plugin-tailwindcss@0.7.2_prettier-plugin-astro@0.14.1_prettier-plugin-svelte@3_d4163ebf28de53b474e0228e4586fdcf/node_modules/prettier-plugin-tailwindcss/dist/index.mjs:106:78), <anonymous>:15:1)
[[31merror[39m]     at file:///Users/mia/vesta-cx/vesta/node_modules/.pnpm/prettier-plugin-tailwindcss@0.7.2_prettier-plugin-astro@0.14.1_prettier-plugin-svelte@3_d4163ebf28de53b474e0228e4586fdcf/node_modules/prettier-plugin-tailwindcss/dist/index.mjs:235:406
src/lib/components/ui/calendar/calendar-nav.svelte
[[31merror[39m] src/lib/components/ui/calendar/calendar-nav.svelte: Error: Can't resolve '$lib/styles/theme.css' in '/Users/mia/vesta-cx/vesta/packages/ui/src'
[[31merror[39m]     at h (file:///Users/mia/vesta-cx/vesta/node_modules/.pnpm/prettier-plugin-tailwindcss@0.7.2_prettier-plugin-astro@0.14.1_prettier-plugin-svelte@3_d4163ebf28de53b474e0228e4586fdcf/node_modules/prettier-plugin-tailwindcss/dist/index.mjs:231:4669)
[[31merror[39m]     at file:///Users/mia/vesta-cx/vesta/node_modules/.pnpm/prettier-plugin-tailwindcss@0.7.2_prettier-plugin-astro@0.14.1_prettier-plugin-svelte@3_d4163ebf28de53b474e0228e4586fdcf/node_modules/prettier-plugin-tailwindcss/dist/index.mjs:232:708
[[31merror[39m]     at file:///Users/mia/vesta-cx/vesta/node_modules/.pnpm/prettier-plugin-tailwindcss@0.7.2_prettier-plugin-astro@0.14.1_prettier-plugin-svelte@3_d4163ebf28de53b474e0228e4586fdcf/node_modules/prettier-plugin-tailwindcss/dist/index.mjs:235:406
[[31merror[39m]     at eval (eval at create (file:///Users/mia/vesta-cx/vesta/node_modules/.pnpm/prettier-plugin-tailwindcss@0.7.2_prettier-plugin-astro@0.14.1_prettier-plugin-svelte@3_d4163ebf28de53b474e0228e4586fdcf/node_modules/prettier-plugin-tailwindcss/dist/index.mjs:106:78), <anonymous>:15:1)
[[31merror[39m]     at file:///Users/mia/vesta-cx/vesta/node_modules/.pnpm/prettier-plugin-tailwindcss@0.7.2_prettier-plugin-astro@0.14.1_prettier-plugin-svelte@3_d4163ebf28de53b474e0228e4586fdcf/node_modules/prettier-plugin-tailwindcss/dist/index.mjs:235:406
[[31merror[39m]     at eval (eval at create (file:///Users/mia/vesta-cx/vesta/node_modules/.pnpm/prettier-plugin-tailwindcss@0.7.2_prettier-plugin-astro@0.14.1_prettier-plugin-svelte@3_d4163ebf28de53b474e0228e4586fdcf/node_modules/prettier-plugin-tailwindcss/dist/index.mjs:106:78), <anonymous>:27:1)
[[31merror[39m]     at file:///Users/mia/vesta-cx/vesta/node_modules/.pnpm/prettier-plugin-tailwindcss@0.7.2_prettier-plugin-astro@0.14.1_prettier-plugin-svelte@3_d4163ebf28de53b474e0228e4586fdcf/node_modules/prettier-plugin-tailwindcss/dist/index.mjs:102:12756
[[31merror[39m]     at file:///Users/mia/vesta-cx/vesta/node_modules/.pnpm/prettier-plugin-tailwindcss@0.7.2_prettier-plugin-astro@0.14.1_prettier-plugin-svelte@3_d4163ebf28de53b474e0228e4586fdcf/node_modules/prettier-plugin-tailwindcss/dist/index.mjs:235:406
[[31merror[39m]     at eval (eval at create (file:///Users/mia/vesta-cx/vesta/node_modules/.pnpm/prettier-plugin-tailwindcss@0.7.2_prettier-plugin-astro@0.14.1_prettier-plugin-svelte@3_d4163ebf28de53b474e0228e4586fdcf/node_modules/prettier-plugin-tailwindcss/dist/index.mjs:106:78), <anonymous>:15:1)
[[31merror[39m]     at file:///Users/mia/vesta-cx/vesta/node_modules/.pnpm/prettier-plugin-tailwindcss@0.7.2_prettier-plugin-astro@0.14.1_prettier-plugin-svelte@3_d4163ebf28de53b474e0228e4586fdcf/node_modules/prettier-plugin-tailwindcss/dist/index.mjs:235:406
src/lib/components/ui/calendar/calendar-next-button.svelte
[[31merror[39m] src/lib/components/ui/calendar/calendar-next-button.svelte: Error: Can't resolve '$lib/styles/theme.css' in '/Users/mia/vesta-cx/vesta/packages/ui/src'
[[31merror[39m]     at h (file:///Users/mia/vesta-cx/vesta/node_modules/.pnpm/prettier-plugin-tailwindcss@0.7.2_prettier-plugin-astro@0.14.1_prettier-plugin-svelte@3_d4163ebf28de53b474e0228e4586fdcf/node_modules/prettier-plugin-tailwindcss/dist/index.mjs:231:4669)
[[31merror[39m]     at file:///Users/mia/vesta-cx/vesta/node_modules/.pnpm/prettier-plugin-tailwindcss@0.7.2_prettier-plugin-astro@0.14.1_prettier-plugin-svelte@3_d4163ebf28de53b474e0228e4586fdcf/node_modules/prettier-plugin-tailwindcss/dist/index.mjs:232:708
[[31merror[39m]     at file:///Users/mia/vesta-cx/vesta/node_modules/.pnpm/prettier-plugin-tailwindcss@0.7.2_prettier-plugin-astro@0.14.1_prettier-plugin-svelte@3_d4163ebf28de53b474e0228e4586fdcf/node_modules/prettier-plugin-tailwindcss/dist/index.mjs:235:406
[[31merror[39m]     at eval (eval at create (file:///Users/mia/vesta-cx/vesta/node_modules/.pnpm/prettier-plugin-tailwindcss@0.7.2_prettier-plugin-astro@0.14.1_prettier-plugin-svelte@3_d4163ebf28de53b474e0228e4586fdcf/node_modules/prettier-plugin-tailwindcss/dist/index.mjs:106:78), <anonymous>:15:1)
[[31merror[39m]     at file:///Users/mia/vesta-cx/vesta/node_modules/.pnpm/prettier-plugin-tailwindcss@0.7.2_prettier-plugin-astro@0.14.1_prettier-plugin-svelte@3_d4163ebf28de53b474e0228e4586fdcf/node_modules/prettier-plugin-tailwindcss/dist/index.mjs:235:406
[[31merror[39m]     at eval (eval at create (file:///Users/mia/vesta-cx/vesta/node_modules/.pnpm/prettier-plugin-tailwindcss@0.7.2_prettier-plugin-astro@0.14.1_prettier-plugin-svelte@3_d4163ebf28de53b474e0228e4586fdcf/node_modules/prettier-plugin-tailwindcss/dist/index.mjs:106:78), <anonymous>:27:1)
[[31merror[39m]     at file:///Users/mia/vesta-cx/vesta/node_modules/.pnpm/prettier-plugin-tailwindcss@0.7.2_prettier-plugin-astro@0.14.1_prettier-plugin-svelte@3_d4163ebf28de53b474e0228e4586fdcf/node_modules/prettier-plugin-tailwindcss/dist/index.mjs:102:12756
[[31merror[39m]     at file:///Users/mia/vesta-cx/vesta/node_modules/.pnpm/prettier-plugin-tailwindcss@0.7.2_prettier-plugin-astro@0.14.1_prettier-plugin-svelte@3_d4163ebf28de53b474e0228e4586fdcf/node_modules/prettier-plugin-tailwindcss/dist/index.mjs:235:406
[[31merror[39m]     at eval (eval at create (file:///Users/mia/vesta-cx/vesta/node_modules/.pnpm/prettier-plugin-tailwindcss@0.7.2_prettier-plugin-astro@0.14.1_prettier-plugin-svelte@3_d4163ebf28de53b474e0228e4586fdcf/node_modules/prettier-plugin-tailwindcss/dist/index.mjs:106:78), <anonymous>:15:1)
[[31merror[39m]     at file:///Users/mia/vesta-cx/vesta/node_modules/.pnpm/prettier-plugin-tailwindcss@0.7.2_prettier-plugin-astro@0.14.1_prettier-plugin-svelte@3_d4163ebf28de53b474e0228e4586fdcf/node_modules/prettier-plugin-tailwindcss/dist/index.mjs:235:406
src/lib/components/ui/calendar/calendar-prev-button.svelte
[[31merror[39m] src/lib/components/ui/calendar/calendar-prev-button.svelte: Error: Can't resolve '$lib/styles/theme.css' in '/Users/mia/vesta-cx/vesta/packages/ui/src'
[[31merror[39m]     at h (file:///Users/mia/vesta-cx/vesta/node_modules/.pnpm/prettier-plugin-tailwindcss@0.7.2_prettier-plugin-astro@0.14.1_prettier-plugin-svelte@3_d4163ebf28de53b474e0228e4586fdcf/node_modules/prettier-plugin-tailwindcss/dist/index.mjs:231:4669)
[[31merror[39m]     at file:///Users/mia/vesta-cx/vesta/node_modules/.pnpm/prettier-plugin-tailwindcss@0.7.2_prettier-plugin-astro@0.14.1_prettier-plugin-svelte@3_d4163ebf28de53b474e0228e4586fdcf/node_modules/prettier-plugin-tailwindcss/dist/index.mjs:232:708
[[31merror[39m]     at file:///Users/mia/vesta-cx/vesta/node_modules/.pnpm/prettier-plugin-tailwindcss@0.7.2_prettier-plugin-astro@0.14.1_prettier-plugin-svelte@3_d4163ebf28de53b474e0228e4586fdcf/node_modules/prettier-plugin-tailwindcss/dist/index.mjs:235:406
[[31merror[39m]     at eval (eval at create (file:///Users/mia/vesta-cx/vesta/node_modules/.pnpm/prettier-plugin-tailwindcss@0.7.2_prettier-plugin-astro@0.14.1_prettier-plugin-svelte@3_d4163ebf28de53b474e0228e4586fdcf/node_modules/prettier-plugin-tailwindcss/dist/index.mjs:106:78), <anonymous>:15:1)
[[31merror[39m]     at file:///Users/mia/vesta-cx/vesta/node_modules/.pnpm/prettier-plugin-tailwindcss@0.7.2_prettier-plugin-astro@0.14.1_prettier-plugin-svelte@3_d4163ebf28de53b474e0228e4586fdcf/node_modules/prettier-plugin-tailwindcss/dist/index.mjs:235:406
[[31merror[39m]     at eval (eval at create (file:///Users/mia/vesta-cx/vesta/node_modules/.pnpm/prettier-plugin-tailwindcss@0.7.2_prettier-plugin-astro@0.14.1_prettier-plugin-svelte@3_d4163ebf28de53b474e0228e4586fdcf/node_modules/prettier-plugin-tailwindcss/dist/index.mjs:106:78), <anonymous>:27:1)
[[31merror[39m]     at file:///Users/mia/vesta-cx/vesta/node_modules/.pnpm/prettier-plugin-tailwindcss@0.7.2_prettier-plugin-astro@0.14.1_prettier-plugin-svelte@3_d4163ebf28de53b474e0228e4586fdcf/node_modules/prettier-plugin-tailwindcss/dist/index.mjs:102:12756
[[31merror[39m]     at file:///Users/mia/vesta-cx/vesta/node_modules/.pnpm/prettier-plugin-tailwindcss@0.7.2_prettier-plugin-astro@0.14.1_prettier-plugin-svelte@3_d4163ebf28de53b474e0228e4586fdcf/node_modules/prettier-plugin-tailwindcss/dist/index.mjs:235:406
[[31merror[39m]     at eval (eval at create (file:///Users/mia/vesta-cx/vesta/node_modules/.pnpm/prettier-plugin-tailwindcss@0.7.2_prettier-plugin-astro@0.14.1_prettier-plugin-svelte@3_d4163ebf28de53b474e0228e4586fdcf/node_modules/prettier-plugin-tailwindcss/dist/index.mjs:106:78), <anonymous>:15:1)
[[31merror[39m]     at file:///Users/mia/vesta-cx/vesta/node_modules/.pnpm/prettier-plugin-tailwindcss@0.7.2_prettier-plugin-astro@0.14.1_prettier-plugin-svelte@3_d4163ebf28de53b474e0228e4586fdcf/node_modules/prettier-plugin-tailwindcss/dist/index.mjs:235:406
src/lib/components/ui/calendar/calendar-year-select.svelte
[[31merror[39m] src/lib/components/ui/calendar/calendar-year-select.svelte: Error: Can't resolve '$lib/styles/theme.css' in '/Users/mia/vesta-cx/vesta/packages/ui/src'
[[31merror[39m]     at h (file:///Users/mia/vesta-cx/vesta/node_modules/.pnpm/prettier-plugin-tailwindcss@0.7.2_prettier-plugin-astro@0.14.1_prettier-plugin-svelte@3_d4163ebf28de53b474e0228e4586fdcf/node_modules/prettier-plugin-tailwindcss/dist/index.mjs:231:4669)
[[31merror[39m]     at file:///Users/mia/vesta-cx/vesta/node_modules/.pnpm/prettier-plugin-tailwindcss@0.7.2_prettier-plugin-astro@0.14.1_prettier-plugin-svelte@3_d4163ebf28de53b474e0228e4586fdcf/node_modules/prettier-plugin-tailwindcss/dist/index.mjs:232:708
[[31merror[39m]     at file:///Users/mia/vesta-cx/vesta/node_modules/.pnpm/prettier-plugin-tailwindcss@0.7.2_prettier-plugin-astro@0.14.1_prettier-plugin-svelte@3_d4163ebf28de53b474e0228e4586fdcf/node_modules/prettier-plugin-tailwindcss/dist/index.mjs:235:406
[[31merror[39m]     at eval (eval at create (file:///Users/mia/vesta-cx/vesta/node_modules/.pnpm/prettier-plugin-tailwindcss@0.7.2_prettier-plugin-astro@0.14.1_prettier-plugin-svelte@3_d4163ebf28de53b474e0228e4586fdcf/node_modules/prettier-plugin-tailwindcss/dist/index.mjs:106:78), <anonymous>:15:1)
[[31merror[39m]     at file:///Users/mia/vesta-cx/vesta/node_modules/.pnpm/prettier-plugin-tailwindcss@0.7.2_prettier-plugin-astro@0.14.1_prettier-plugin-svelte@3_d4163ebf28de53b474e0228e4586fdcf/node_modules/prettier-plugin-tailwindcss/dist/index.mjs:235:406
[[31merror[39m]     at eval (eval at create (file:///Users/mia/vesta-cx/vesta/node_modules/.pnpm/prettier-plugin-tailwindcss@0.7.2_prettier-plugin-astro@0.14.1_prettier-plugin-svelte@3_d4163ebf28de53b474e0228e4586fdcf/node_modules/prettier-plugin-tailwindcss/dist/index.mjs:106:78), <anonymous>:27:1)
[[31merror[39m]     at file:///Users/mia/vesta-cx/vesta/node_modules/.pnpm/prettier-plugin-tailwindcss@0.7.2_prettier-plugin-astro@0.14.1_prettier-plugin-svelte@3_d4163ebf28de53b474e0228e4586fdcf/node_modules/prettier-plugin-tailwindcss/dist/index.mjs:102:12756
[[31merror[39m]     at file:///Users/mia/vesta-cx/vesta/node_modules/.pnpm/prettier-plugin-tailwindcss@0.7.2_prettier-plugin-astro@0.14.1_prettier-plugin-svelte@3_d4163ebf28de53b474e0228e4586fdcf/node_modules/prettier-plugin-tailwindcss/dist/index.mjs:235:406
[[31merror[39m]     at eval (eval at create (file:///Users/mia/vesta-cx/vesta/node_modules/.pnpm/prettier-plugin-tailwindcss@0.7.2_prettier-plugin-astro@0.14.1_prettier-plugin-svelte@3_d4163ebf28de53b474e0228e4586fdcf/node_modules/prettier-plugin-tailwindcss/dist/index.mjs:106:78), <anonymous>:15:1)
[[31merror[39m]     at file:///Users/mia/vesta-cx/vesta/node_modules/.pnpm/prettier-plugin-tailwindcss@0.7.2_prettier-plugin-astro@0.14.1_prettier-plugin-svelte@3_d4163ebf28de53b474e0228e4586fdcf/node_modules/prettier-plugin-tailwindcss/dist/index.mjs:235:406
src/lib/components/ui/calendar/calendar.svelte
[[31merror[39m] src/lib/components/ui/calendar/calendar.svelte: Error: Can't resolve '$lib/styles/theme.css' in '/Users/mia/vesta-cx/vesta/packages/ui/src'
[[31merror[39m]     at h (file:///Users/mia/vesta-cx/vesta/node_modules/.pnpm/prettier-plugin-tailwindcss@0.7.2_prettier-plugin-astro@0.14.1_prettier-plugin-svelte@3_d4163ebf28de53b474e0228e4586fdcf/node_modules/prettier-plugin-tailwindcss/dist/index.mjs:231:4669)
[[31merror[39m]     at file:///Users/mia/vesta-cx/vesta/node_modules/.pnpm/prettier-plugin-tailwindcss@0.7.2_prettier-plugin-astro@0.14.1_prettier-plugin-svelte@3_d4163ebf28de53b474e0228e4586fdcf/node_modules/prettier-plugin-tailwindcss/dist/index.mjs:232:708
[[31merror[39m]     at file:///Users/mia/vesta-cx/vesta/node_modules/.pnpm/prettier-plugin-tailwindcss@0.7.2_prettier-plugin-astro@0.14.1_prettier-plugin-svelte@3_d4163ebf28de53b474e0228e4586fdcf/node_modules/prettier-plugin-tailwindcss/dist/index.mjs:235:406
[[31merror[39m]     at eval (eval at create (file:///Users/mia/vesta-cx/vesta/node_modules/.pnpm/prettier-plugin-tailwindcss@0.7.2_prettier-plugin-astro@0.14.1_prettier-plugin-svelte@3_d4163ebf28de53b474e0228e4586fdcf/node_modules/prettier-plugin-tailwindcss/dist/index.mjs:106:78), <anonymous>:15:1)
[[31merror[39m]     at file:///Users/mia/vesta-cx/vesta/node_modules/.pnpm/prettier-plugin-tailwindcss@0.7.2_prettier-plugin-astro@0.14.1_prettier-plugin-svelte@3_d4163ebf28de53b474e0228e4586fdcf/node_modules/prettier-plugin-tailwindcss/dist/index.mjs:235:406
[[31merror[39m]     at eval (eval at create (file:///Users/mia/vesta-cx/vesta/node_modules/.pnpm/prettier-plugin-tailwindcss@0.7.2_prettier-plugin-astro@0.14.1_prettier-plugin-svelte@3_d4163ebf28de53b474e0228e4586fdcf/node_modules/prettier-plugin-tailwindcss/dist/index.mjs:106:78), <anonymous>:27:1)
[[31merror[39m]     at file:///Users/mia/vesta-cx/vesta/node_modules/.pnpm/prettier-plugin-tailwindcss@0.7.2_prettier-plugin-astro@0.14.1_prettier-plugin-svelte@3_d4163ebf28de53b474e0228e4586fdcf/node_modules/prettier-plugin-tailwindcss/dist/index.mjs:102:12756
[[31merror[39m]     at file:///Users/mia/vesta-cx/vesta/node_modules/.pnpm/prettier-plugin-tailwindcss@0.7.2_prettier-plugin-astro@0.14.1_prettier-plugin-svelte@3_d4163ebf28de53b474e0228e4586fdcf/node_modules/prettier-plugin-tailwindcss/dist/index.mjs:235:406
[[31merror[39m]     at eval (eval at create (file:///Users/mia/vesta-cx/vesta/node_modules/.pnpm/prettier-plugin-tailwindcss@0.7.2_prettier-plugin-astro@0.14.1_prettier-plugin-svelte@3_d4163ebf28de53b474e0228e4586fdcf/node_modules/prettier-plugin-tailwindcss/dist/index.mjs:106:78), <anonymous>:15:1)
[[31merror[39m]     at file:///Users/mia/vesta-cx/vesta/node_modules/.pnpm/prettier-plugin-tailwindcss@0.7.2_prettier-plugin-astro@0.14.1_prettier-plugin-svelte@3_d4163ebf28de53b474e0228e4586fdcf/node_modules/prettier-plugin-tailwindcss/dist/index.mjs:235:406
src/lib/components/ui/calendar/index.ts
[[31merror[39m] src/lib/components/ui/calendar/index.ts: Error: Can't resolve '$lib/styles/theme.css' in '/Users/mia/vesta-cx/vesta/packages/ui/src'
[[31merror[39m]     at h (file:///Users/mia/vesta-cx/vesta/node_modules/.pnpm/prettier-plugin-tailwindcss@0.7.2_prettier-plugin-astro@0.14.1_prettier-plugin-svelte@3_d4163ebf28de53b474e0228e4586fdcf/node_modules/prettier-plugin-tailwindcss/dist/index.mjs:231:4669)
[[31merror[39m]     at file:///Users/mia/vesta-cx/vesta/node_modules/.pnpm/prettier-plugin-tailwindcss@0.7.2_prettier-plugin-astro@0.14.1_prettier-plugin-svelte@3_d4163ebf28de53b474e0228e4586fdcf/node_modules/prettier-plugin-tailwindcss/dist/index.mjs:232:708
[[31merror[39m]     at file:///Users/mia/vesta-cx/vesta/node_modules/.pnpm/prettier-plugin-tailwindcss@0.7.2_prettier-plugin-astro@0.14.1_prettier-plugin-svelte@3_d4163ebf28de53b474e0228e4586fdcf/node_modules/prettier-plugin-tailwindcss/dist/index.mjs:235:406
[[31merror[39m]     at eval (eval at create (file:///Users/mia/vesta-cx/vesta/node_modules/.pnpm/prettier-plugin-tailwindcss@0.7.2_prettier-plugin-astro@0.14.1_prettier-plugin-svelte@3_d4163ebf28de53b474e0228e4586fdcf/node_modules/prettier-plugin-tailwindcss/dist/index.mjs:106:78), <anonymous>:15:1)
[[31merror[39m]     at file:///Users/mia/vesta-cx/vesta/node_modules/.pnpm/prettier-plugin-tailwindcss@0.7.2_prettier-plugin-astro@0.14.1_prettier-plugin-svelte@3_d4163ebf28de53b474e0228e4586fdcf/node_modules/prettier-plugin-tailwindcss/dist/index.mjs:235:406
[[31merror[39m]     at eval (eval at create (file:///Users/mia/vesta-cx/vesta/node_modules/.pnpm/prettier-plugin-tailwindcss@0.7.2_prettier-plugin-astro@0.14.1_prettier-plugin-svelte@3_d4163ebf28de53b474e0228e4586fdcf/node_modules/prettier-plugin-tailwindcss/dist/index.mjs:106:78), <anonymous>:27:1)
[[31merror[39m]     at file:///Users/mia/vesta-cx/vesta/node_modules/.pnpm/prettier-plugin-tailwindcss@0.7.2_prettier-plugin-astro@0.14.1_prettier-plugin-svelte@3_d4163ebf28de53b474e0228e4586fdcf/node_modules/prettier-plugin-tailwindcss/dist/index.mjs:102:12756
[[31merror[39m]     at file:///Users/mia/vesta-cx/vesta/node_modules/.pnpm/prettier-plugin-tailwindcss@0.7.2_prettier-plugin-astro@0.14.1_prettier-plugin-svelte@3_d4163ebf28de53b474e0228e4586fdcf/node_modules/prettier-plugin-tailwindcss/dist/index.mjs:235:406
[[31merror[39m]     at eval (eval at create (file:///Users/mia/vesta-cx/vesta/node_modules/.pnpm/prettier-plugin-tailwindcss@0.7.2_prettier-plugin-astro@0.14.1_prettier-plugin-svelte@3_d4163ebf28de53b474e0228e4586fdcf/node_modules/prettier-plugin-tailwindcss/dist/index.mjs:106:78), <anonymous>:15:1)
[[31merror[39m]     at file:///Users/mia/vesta-cx/vesta/node_modules/.pnpm/prettier-plugin-tailwindcss@0.7.2_prettier-plugin-astro@0.14.1_prettier-plugin-svelte@3_d4163ebf28de53b474e0228e4586fdcf/node_modules/prettier-plugin-tailwindcss/dist/index.mjs:235:406
src/lib/components/ui/card/card-action.svelte
[[31merror[39m] src/lib/components/ui/card/card-action.svelte: Error: Can't resolve '$lib/styles/theme.css' in '/Users/mia/vesta-cx/vesta/packages/ui/src'
[[31merror[39m]     at h (file:///Users/mia/vesta-cx/vesta/node_modules/.pnpm/prettier-plugin-tailwindcss@0.7.2_prettier-plugin-astro@0.14.1_prettier-plugin-svelte@3_d4163ebf28de53b474e0228e4586fdcf/node_modules/prettier-plugin-tailwindcss/dist/index.mjs:231:4669)
[[31merror[39m]     at file:///Users/mia/vesta-cx/vesta/node_modules/.pnpm/prettier-plugin-tailwindcss@0.7.2_prettier-plugin-astro@0.14.1_prettier-plugin-svelte@3_d4163ebf28de53b474e0228e4586fdcf/node_modules/prettier-plugin-tailwindcss/dist/index.mjs:232:708
[[31merror[39m]     at file:///Users/mia/vesta-cx/vesta/node_modules/.pnpm/prettier-plugin-tailwindcss@0.7.2_prettier-plugin-astro@0.14.1_prettier-plugin-svelte@3_d4163ebf28de53b474e0228e4586fdcf/node_modules/prettier-plugin-tailwindcss/dist/index.mjs:235:406
[[31merror[39m]     at eval (eval at create (file:///Users/mia/vesta-cx/vesta/node_modules/.pnpm/prettier-plugin-tailwindcss@0.7.2_prettier-plugin-astro@0.14.1_prettier-plugin-svelte@3_d4163ebf28de53b474e0228e4586fdcf/node_modules/prettier-plugin-tailwindcss/dist/index.mjs:106:78), <anonymous>:15:1)
[[31merror[39m]     at file:///Users/mia/vesta-cx/vesta/node_modules/.pnpm/prettier-plugin-tailwindcss@0.7.2_prettier-plugin-astro@0.14.1_prettier-plugin-svelte@3_d4163ebf28de53b474e0228e4586fdcf/node_modules/prettier-plugin-tailwindcss/dist/index.mjs:235:406
[[31merror[39m]     at eval (eval at create (file:///Users/mia/vesta-cx/vesta/node_modules/.pnpm/prettier-plugin-tailwindcss@0.7.2_prettier-plugin-astro@0.14.1_prettier-plugin-svelte@3_d4163ebf28de53b474e0228e4586fdcf/node_modules/prettier-plugin-tailwindcss/dist/index.mjs:106:78), <anonymous>:27:1)
[[31merror[39m]     at file:///Users/mia/vesta-cx/vesta/node_modules/.pnpm/prettier-plugin-tailwindcss@0.7.2_prettier-plugin-astro@0.14.1_prettier-plugin-svelte@3_d4163ebf28de53b474e0228e4586fdcf/node_modules/prettier-plugin-tailwindcss/dist/index.mjs:102:12756
[[31merror[39m]     at file:///Users/mia/vesta-cx/vesta/node_modules/.pnpm/prettier-plugin-tailwindcss@0.7.2_prettier-plugin-astro@0.14.1_prettier-plugin-svelte@3_d4163ebf28de53b474e0228e4586fdcf/node_modules/prettier-plugin-tailwindcss/dist/index.mjs:235:406
[[31merror[39m]     at eval (eval at create (file:///Users/mia/vesta-cx/vesta/node_modules/.pnpm/prettier-plugin-tailwindcss@0.7.2_prettier-plugin-astro@0.14.1_prettier-plugin-svelte@3_d4163ebf28de53b474e0228e4586fdcf/node_modules/prettier-plugin-tailwindcss/dist/index.mjs:106:78), <anonymous>:15:1)
[[31merror[39m]     at file:///Users/mia/vesta-cx/vesta/node_modules/.pnpm/prettier-plugin-tailwindcss@0.7.2_prettier-plugin-astro@0.14.1_prettier-plugin-svelte@3_d4163ebf28de53b474e0228e4586fdcf/node_modules/prettier-plugin-tailwindcss/dist/index.mjs:235:406
src/lib/components/ui/card/card-content.svelte
[[31merror[39m] src/lib/components/ui/card/card-content.svelte: Error: Can't resolve '$lib/styles/theme.css' in '/Users/mia/vesta-cx/vesta/packages/ui/src'
[[31merror[39m]     at h (file:///Users/mia/vesta-cx/vesta/node_modules/.pnpm/prettier-plugin-tailwindcss@0.7.2_prettier-plugin-astro@0.14.1_prettier-plugin-svelte@3_d4163ebf28de53b474e0228e4586fdcf/node_modules/prettier-plugin-tailwindcss/dist/index.mjs:231:4669)
[[31merror[39m]     at file:///Users/mia/vesta-cx/vesta/node_modules/.pnpm/prettier-plugin-tailwindcss@0.7.2_prettier-plugin-astro@0.14.1_prettier-plugin-svelte@3_d4163ebf28de53b474e0228e4586fdcf/node_modules/prettier-plugin-tailwindcss/dist/index.mjs:232:708
[[31merror[39m]     at file:///Users/mia/vesta-cx/vesta/node_modules/.pnpm/prettier-plugin-tailwindcss@0.7.2_prettier-plugin-astro@0.14.1_prettier-plugin-svelte@3_d4163ebf28de53b474e0228e4586fdcf/node_modules/prettier-plugin-tailwindcss/dist/index.mjs:235:406
[[31merror[39m]     at eval (eval at create (file:///Users/mia/vesta-cx/vesta/node_modules/.pnpm/prettier-plugin-tailwindcss@0.7.2_prettier-plugin-astro@0.14.1_prettier-plugin-svelte@3_d4163ebf28de53b474e0228e4586fdcf/node_modules/prettier-plugin-tailwindcss/dist/index.mjs:106:78), <anonymous>:15:1)
[[31merror[39m]     at file:///Users/mia/vesta-cx/vesta/node_modules/.pnpm/prettier-plugin-tailwindcss@0.7.2_prettier-plugin-astro@0.14.1_prettier-plugin-svelte@3_d4163ebf28de53b474e0228e4586fdcf/node_modules/prettier-plugin-tailwindcss/dist/index.mjs:235:406
[[31merror[39m]     at eval (eval at create (file:///Users/mia/vesta-cx/vesta/node_modules/.pnpm/prettier-plugin-tailwindcss@0.7.2_prettier-plugin-astro@0.14.1_prettier-plugin-svelte@3_d4163ebf28de53b474e0228e4586fdcf/node_modules/prettier-plugin-tailwindcss/dist/index.mjs:106:78), <anonymous>:27:1)
[[31merror[39m]     at file:///Users/mia/vesta-cx/vesta/node_modules/.pnpm/prettier-plugin-tailwindcss@0.7.2_prettier-plugin-astro@0.14.1_prettier-plugin-svelte@3_d4163ebf28de53b474e0228e4586fdcf/node_modules/prettier-plugin-tailwindcss/dist/index.mjs:102:12756
[[31merror[39m]     at file:///Users/mia/vesta-cx/vesta/node_modules/.pnpm/prettier-plugin-tailwindcss@0.7.2_prettier-plugin-astro@0.14.1_prettier-plugin-svelte@3_d4163ebf28de53b474e0228e4586fdcf/node_modules/prettier-plugin-tailwindcss/dist/index.mjs:235:406
[[31merror[39m]     at eval (eval at create (file:///Users/mia/vesta-cx/vesta/node_modules/.pnpm/prettier-plugin-tailwindcss@0.7.2_prettier-plugin-astro@0.14.1_prettier-plugin-svelte@3_d4163ebf28de53b474e0228e4586fdcf/node_modules/prettier-plugin-tailwindcss/dist/index.mjs:106:78), <anonymous>:15:1)
[[31merror[39m]     at file:///Users/mia/vesta-cx/vesta/node_modules/.pnpm/prettier-plugin-tailwindcss@0.7.2_prettier-plugin-astro@0.14.1_prettier-plugin-svelte@3_d4163ebf28de53b474e0228e4586fdcf/node_modules/prettier-plugin-tailwindcss/dist/index.mjs:235:406
src/lib/components/ui/card/card-description.svelte
[[31merror[39m] src/lib/components/ui/card/card-description.svelte: Error: Can't resolve '$lib/styles/theme.css' in '/Users/mia/vesta-cx/vesta/packages/ui/src'
[[31merror[39m]     at h (file:///Users/mia/vesta-cx/vesta/node_modules/.pnpm/prettier-plugin-tailwindcss@0.7.2_prettier-plugin-astro@0.14.1_prettier-plugin-svelte@3_d4163ebf28de53b474e0228e4586fdcf/node_modules/prettier-plugin-tailwindcss/dist/index.mjs:231:4669)
[[31merror[39m]     at file:///Users/mia/vesta-cx/vesta/node_modules/.pnpm/prettier-plugin-tailwindcss@0.7.2_prettier-plugin-astro@0.14.1_prettier-plugin-svelte@3_d4163ebf28de53b474e0228e4586fdcf/node_modules/prettier-plugin-tailwindcss/dist/index.mjs:232:708
[[31merror[39m]     at file:///Users/mia/vesta-cx/vesta/node_modules/.pnpm/prettier-plugin-tailwindcss@0.7.2_prettier-plugin-astro@0.14.1_prettier-plugin-svelte@3_d4163ebf28de53b474e0228e4586fdcf/node_modules/prettier-plugin-tailwindcss/dist/index.mjs:235:406
[[31merror[39m]     at eval (eval at create (file:///Users/mia/vesta-cx/vesta/node_modules/.pnpm/prettier-plugin-tailwindcss@0.7.2_prettier-plugin-astro@0.14.1_prettier-plugin-svelte@3_d4163ebf28de53b474e0228e4586fdcf/node_modules/prettier-plugin-tailwindcss/dist/index.mjs:106:78), <anonymous>:15:1)
[[31merror[39m]     at file:///Users/mia/vesta-cx/vesta/node_modules/.pnpm/prettier-plugin-tailwindcss@0.7.2_prettier-plugin-astro@0.14.1_prettier-plugin-svelte@3_d4163ebf28de53b474e0228e4586fdcf/node_modules/prettier-plugin-tailwindcss/dist/index.mjs:235:406
[[31merror[39m]     at eval (eval at create (file:///Users/mia/vesta-cx/vesta/node_modules/.pnpm/prettier-plugin-tailwindcss@0.7.2_prettier-plugin-astro@0.14.1_prettier-plugin-svelte@3_d4163ebf28de53b474e0228e4586fdcf/node_modules/prettier-plugin-tailwindcss/dist/index.mjs:106:78), <anonymous>:27:1)
[[31merror[39m]     at file:///Users/mia/vesta-cx/vesta/node_modules/.pnpm/prettier-plugin-tailwindcss@0.7.2_prettier-plugin-astro@0.14.1_prettier-plugin-svelte@3_d4163ebf28de53b474e0228e4586fdcf/node_modules/prettier-plugin-tailwindcss/dist/index.mjs:102:12756
[[31merror[39m]     at file:///Users/mia/vesta-cx/vesta/node_modules/.pnpm/prettier-plugin-tailwindcss@0.7.2_prettier-plugin-astro@0.14.1_prettier-plugin-svelte@3_d4163ebf28de53b474e0228e4586fdcf/node_modules/prettier-plugin-tailwindcss/dist/index.mjs:235:406
[[31merror[39m]     at eval (eval at create (file:///Users/mia/vesta-cx/vesta/node_modules/.pnpm/prettier-plugin-tailwindcss@0.7.2_prettier-plugin-astro@0.14.1_prettier-plugin-svelte@3_d4163ebf28de53b474e0228e4586fdcf/node_modules/prettier-plugin-tailwindcss/dist/index.mjs:106:78), <anonymous>:15:1)
[[31merror[39m]     at file:///Users/mia/vesta-cx/vesta/node_modules/.pnpm/prettier-plugin-tailwindcss@0.7.2_prettier-plugin-astro@0.14.1_prettier-plugin-svelte@3_d4163ebf28de53b474e0228e4586fdcf/node_modules/prettier-plugin-tailwindcss/dist/index.mjs:235:406
src/lib/components/ui/card/card-footer.svelte
[[31merror[39m] src/lib/components/ui/card/card-footer.svelte: Error: Can't resolve '$lib/styles/theme.css' in '/Users/mia/vesta-cx/vesta/packages/ui/src'
[[31merror[39m]     at h (file:///Users/mia/vesta-cx/vesta/node_modules/.pnpm/prettier-plugin-tailwindcss@0.7.2_prettier-plugin-astro@0.14.1_prettier-plugin-svelte@3_d4163ebf28de53b474e0228e4586fdcf/node_modules/prettier-plugin-tailwindcss/dist/index.mjs:231:4669)
[[31merror[39m]     at file:///Users/mia/vesta-cx/vesta/node_modules/.pnpm/prettier-plugin-tailwindcss@0.7.2_prettier-plugin-astro@0.14.1_prettier-plugin-svelte@3_d4163ebf28de53b474e0228e4586fdcf/node_modules/prettier-plugin-tailwindcss/dist/index.mjs:232:708
[[31merror[39m]     at file:///Users/mia/vesta-cx/vesta/node_modules/.pnpm/prettier-plugin-tailwindcss@0.7.2_prettier-plugin-astro@0.14.1_prettier-plugin-svelte@3_d4163ebf28de53b474e0228e4586fdcf/node_modules/prettier-plugin-tailwindcss/dist/index.mjs:235:406
[[31merror[39m]     at eval (eval at create (file:///Users/mia/vesta-cx/vesta/node_modules/.pnpm/prettier-plugin-tailwindcss@0.7.2_prettier-plugin-astro@0.14.1_prettier-plugin-svelte@3_d4163ebf28de53b474e0228e4586fdcf/node_modules/prettier-plugin-tailwindcss/dist/index.mjs:106:78), <anonymous>:15:1)
[[31merror[39m]     at file:///Users/mia/vesta-cx/vesta/node_modules/.pnpm/prettier-plugin-tailwindcss@0.7.2_prettier-plugin-astro@0.14.1_prettier-plugin-svelte@3_d4163ebf28de53b474e0228e4586fdcf/node_modules/prettier-plugin-tailwindcss/dist/index.mjs:235:406
[[31merror[39m]     at eval (eval at create (file:///Users/mia/vesta-cx/vesta/node_modules/.pnpm/prettier-plugin-tailwindcss@0.7.2_prettier-plugin-astro@0.14.1_prettier-plugin-svelte@3_d4163ebf28de53b474e0228e4586fdcf/node_modules/prettier-plugin-tailwindcss/dist/index.mjs:106:78), <anonymous>:27:1)
[[31merror[39m]     at file:///Users/mia/vesta-cx/vesta/node_modules/.pnpm/prettier-plugin-tailwindcss@0.7.2_prettier-plugin-astro@0.14.1_prettier-plugin-svelte@3_d4163ebf28de53b474e0228e4586fdcf/node_modules/prettier-plugin-tailwindcss/dist/index.mjs:102:12756
[[31merror[39m]     at file:///Users/mia/vesta-cx/vesta/node_modules/.pnpm/prettier-plugin-tailwindcss@0.7.2_prettier-plugin-astro@0.14.1_prettier-plugin-svelte@3_d4163ebf28de53b474e0228e4586fdcf/node_modules/prettier-plugin-tailwindcss/dist/index.mjs:235:406
[[31merror[39m]     at eval (eval at create (file:///Users/mia/vesta-cx/vesta/node_modules/.pnpm/prettier-plugin-tailwindcss@0.7.2_prettier-plugin-astro@0.14.1_prettier-plugin-svelte@3_d4163ebf28de53b474e0228e4586fdcf/node_modules/prettier-plugin-tailwindcss/dist/index.mjs:106:78), <anonymous>:15:1)
[[31merror[39m]     at file:///Users/mia/vesta-cx/vesta/node_modules/.pnpm/prettier-plugin-tailwindcss@0.7.2_prettier-plugin-astro@0.14.1_prettier-plugin-svelte@3_d4163ebf28de53b474e0228e4586fdcf/node_modules/prettier-plugin-tailwindcss/dist/index.mjs:235:406
src/lib/components/ui/card/card-header.svelte
[[31merror[39m] src/lib/components/ui/card/card-header.svelte: Error: Can't resolve '$lib/styles/theme.css' in '/Users/mia/vesta-cx/vesta/packages/ui/src'
[[31merror[39m]     at h (file:///Users/mia/vesta-cx/vesta/node_modules/.pnpm/prettier-plugin-tailwindcss@0.7.2_prettier-plugin-astro@0.14.1_prettier-plugin-svelte@3_d4163ebf28de53b474e0228e4586fdcf/node_modules/prettier-plugin-tailwindcss/dist/index.mjs:231:4669)
[[31merror[39m]     at file:///Users/mia/vesta-cx/vesta/node_modules/.pnpm/prettier-plugin-tailwindcss@0.7.2_prettier-plugin-astro@0.14.1_prettier-plugin-svelte@3_d4163ebf28de53b474e0228e4586fdcf/node_modules/prettier-plugin-tailwindcss/dist/index.mjs:232:708
[[31merror[39m]     at file:///Users/mia/vesta-cx/vesta/node_modules/.pnpm/prettier-plugin-tailwindcss@0.7.2_prettier-plugin-astro@0.14.1_prettier-plugin-svelte@3_d4163ebf28de53b474e0228e4586fdcf/node_modules/prettier-plugin-tailwindcss/dist/index.mjs:235:406
[[31merror[39m]     at eval (eval at create (file:///Users/mia/vesta-cx/vesta/node_modules/.pnpm/prettier-plugin-tailwindcss@0.7.2_prettier-plugin-astro@0.14.1_prettier-plugin-svelte@3_d4163ebf28de53b474e0228e4586fdcf/node_modules/prettier-plugin-tailwindcss/dist/index.mjs:106:78), <anonymous>:15:1)
[[31merror[39m]     at file:///Users/mia/vesta-cx/vesta/node_modules/.pnpm/prettier-plugin-tailwindcss@0.7.2_prettier-plugin-astro@0.14.1_prettier-plugin-svelte@3_d4163ebf28de53b474e0228e4586fdcf/node_modules/prettier-plugin-tailwindcss/dist/index.mjs:235:406
[[31merror[39m]     at eval (eval at create (file:///Users/mia/vesta-cx/vesta/node_modules/.pnpm/prettier-plugin-tailwindcss@0.7.2_prettier-plugin-astro@0.14.1_prettier-plugin-svelte@3_d4163ebf28de53b474e0228e4586fdcf/node_modules/prettier-plugin-tailwindcss/dist/index.mjs:106:78), <anonymous>:27:1)
[[31merror[39m]     at file:///Users/mia/vesta-cx/vesta/node_modules/.pnpm/prettier-plugin-tailwindcss@0.7.2_prettier-plugin-astro@0.14.1_prettier-plugin-svelte@3_d4163ebf28de53b474e0228e4586fdcf/node_modules/prettier-plugin-tailwindcss/dist/index.mjs:102:12756
[[31merror[39m]     at file:///Users/mia/vesta-cx/vesta/node_modules/.pnpm/prettier-plugin-tailwindcss@0.7.2_prettier-plugin-astro@0.14.1_prettier-plugin-svelte@3_d4163ebf28de53b474e0228e4586fdcf/node_modules/prettier-plugin-tailwindcss/dist/index.mjs:235:406
[[31merror[39m]     at eval (eval at create (file:///Users/mia/vesta-cx/vesta/node_modules/.pnpm/prettier-plugin-tailwindcss@0.7.2_prettier-plugin-astro@0.14.1_prettier-plugin-svelte@3_d4163ebf28de53b474e0228e4586fdcf/node_modules/prettier-plugin-tailwindcss/dist/index.mjs:106:78), <anonymous>:15:1)
[[31merror[39m]     at file:///Users/mia/vesta-cx/vesta/node_modules/.pnpm/prettier-plugin-tailwindcss@0.7.2_prettier-plugin-astro@0.14.1_prettier-plugin-svelte@3_d4163ebf28de53b474e0228e4586fdcf/node_modules/prettier-plugin-tailwindcss/dist/index.mjs:235:406
src/lib/components/ui/card/card-title.svelte
[[31merror[39m] src/lib/components/ui/card/card-title.svelte: Error: Can't resolve '$lib/styles/theme.css' in '/Users/mia/vesta-cx/vesta/packages/ui/src'
[[31merror[39m]     at h (file:///Users/mia/vesta-cx/vesta/node_modules/.pnpm/prettier-plugin-tailwindcss@0.7.2_prettier-plugin-astro@0.14.1_prettier-plugin-svelte@3_d4163ebf28de53b474e0228e4586fdcf/node_modules/prettier-plugin-tailwindcss/dist/index.mjs:231:4669)
[[31merror[39m]     at file:///Users/mia/vesta-cx/vesta/node_modules/.pnpm/prettier-plugin-tailwindcss@0.7.2_prettier-plugin-astro@0.14.1_prettier-plugin-svelte@3_d4163ebf28de53b474e0228e4586fdcf/node_modules/prettier-plugin-tailwindcss/dist/index.mjs:232:708
[[31merror[39m]     at file:///Users/mia/vesta-cx/vesta/node_modules/.pnpm/prettier-plugin-tailwindcss@0.7.2_prettier-plugin-astro@0.14.1_prettier-plugin-svelte@3_d4163ebf28de53b474e0228e4586fdcf/node_modules/prettier-plugin-tailwindcss/dist/index.mjs:235:406
[[31merror[39m]     at eval (eval at create (file:///Users/mia/vesta-cx/vesta/node_modules/.pnpm/prettier-plugin-tailwindcss@0.7.2_prettier-plugin-astro@0.14.1_prettier-plugin-svelte@3_d4163ebf28de53b474e0228e4586fdcf/node_modules/prettier-plugin-tailwindcss/dist/index.mjs:106:78), <anonymous>:15:1)
[[31merror[39m]     at file:///Users/mia/vesta-cx/vesta/node_modules/.pnpm/prettier-plugin-tailwindcss@0.7.2_prettier-plugin-astro@0.14.1_prettier-plugin-svelte@3_d4163ebf28de53b474e0228e4586fdcf/node_modules/prettier-plugin-tailwindcss/dist/index.mjs:235:406
[[31merror[39m]     at eval (eval at create (file:///Users/mia/vesta-cx/vesta/node_modules/.pnpm/prettier-plugin-tailwindcss@0.7.2_prettier-plugin-astro@0.14.1_prettier-plugin-svelte@3_d4163ebf28de53b474e0228e4586fdcf/node_modules/prettier-plugin-tailwindcss/dist/index.mjs:106:78), <anonymous>:27:1)
[[31merror[39m]     at file:///Users/mia/vesta-cx/vesta/node_modules/.pnpm/prettier-plugin-tailwindcss@0.7.2_prettier-plugin-astro@0.14.1_prettier-plugin-svelte@3_d4163ebf28de53b474e0228e4586fdcf/node_modules/prettier-plugin-tailwindcss/dist/index.mjs:102:12756
[[31merror[39m]     at file:///Users/mia/vesta-cx/vesta/node_modules/.pnpm/prettier-plugin-tailwindcss@0.7.2_prettier-plugin-astro@0.14.1_prettier-plugin-svelte@3_d4163ebf28de53b474e0228e4586fdcf/node_modules/prettier-plugin-tailwindcss/dist/index.mjs:235:406
[[31merror[39m]     at eval (eval at create (file:///Users/mia/vesta-cx/vesta/node_modules/.pnpm/prettier-plugin-tailwindcss@0.7.2_prettier-plugin-astro@0.14.1_prettier-plugin-svelte@3_d4163ebf28de53b474e0228e4586fdcf/node_modules/prettier-plugin-tailwindcss/dist/index.mjs:106:78), <anonymous>:15:1)
[[31merror[39m]     at file:///Users/mia/vesta-cx/vesta/node_modules/.pnpm/prettier-plugin-tailwindcss@0.7.2_prettier-plugin-astro@0.14.1_prettier-plugin-svelte@3_d4163ebf28de53b474e0228e4586fdcf/node_modules/prettier-plugin-tailwindcss/dist/index.mjs:235:406
src/lib/components/ui/card/card.svelte
[[31merror[39m] src/lib/components/ui/card/card.svelte: Error: Can't resolve '$lib/styles/theme.css' in '/Users/mia/vesta-cx/vesta/packages/ui/src'
[[31merror[39m]     at h (file:///Users/mia/vesta-cx/vesta/node_modules/.pnpm/prettier-plugin-tailwindcss@0.7.2_prettier-plugin-astro@0.14.1_prettier-plugin-svelte@3_d4163ebf28de53b474e0228e4586fdcf/node_modules/prettier-plugin-tailwindcss/dist/index.mjs:231:4669)
[[31merror[39m]     at file:///Users/mia/vesta-cx/vesta/node_modules/.pnpm/prettier-plugin-tailwindcss@0.7.2_prettier-plugin-astro@0.14.1_prettier-plugin-svelte@3_d4163ebf28de53b474e0228e4586fdcf/node_modules/prettier-plugin-tailwindcss/dist/index.mjs:232:708
[[31merror[39m]     at file:///Users/mia/vesta-cx/vesta/node_modules/.pnpm/prettier-plugin-tailwindcss@0.7.2_prettier-plugin-astro@0.14.1_prettier-plugin-svelte@3_d4163ebf28de53b474e0228e4586fdcf/node_modules/prettier-plugin-tailwindcss/dist/index.mjs:235:406
[[31merror[39m]     at eval (eval at create (file:///Users/mia/vesta-cx/vesta/node_modules/.pnpm/prettier-plugin-tailwindcss@0.7.2_prettier-plugin-astro@0.14.1_prettier-plugin-svelte@3_d4163ebf28de53b474e0228e4586fdcf/node_modules/prettier-plugin-tailwindcss/dist/index.mjs:106:78), <anonymous>:15:1)
[[31merror[39m]     at file:///Users/mia/vesta-cx/vesta/node_modules/.pnpm/prettier-plugin-tailwindcss@0.7.2_prettier-plugin-astro@0.14.1_prettier-plugin-svelte@3_d4163ebf28de53b474e0228e4586fdcf/node_modules/prettier-plugin-tailwindcss/dist/index.mjs:235:406
[[31merror[39m]     at eval (eval at create (file:///Users/mia/vesta-cx/vesta/node_modules/.pnpm/prettier-plugin-tailwindcss@0.7.2_prettier-plugin-astro@0.14.1_prettier-plugin-svelte@3_d4163ebf28de53b474e0228e4586fdcf/node_modules/prettier-plugin-tailwindcss/dist/index.mjs:106:78), <anonymous>:27:1)
[[31merror[39m]     at file:///Users/mia/vesta-cx/vesta/node_modules/.pnpm/prettier-plugin-tailwindcss@0.7.2_prettier-plugin-astro@0.14.1_prettier-plugin-svelte@3_d4163ebf28de53b474e0228e4586fdcf/node_modules/prettier-plugin-tailwindcss/dist/index.mjs:102:12756
[[31merror[39m]     at file:///Users/mia/vesta-cx/vesta/node_modules/.pnpm/prettier-plugin-tailwindcss@0.7.2_prettier-plugin-astro@0.14.1_prettier-plugin-svelte@3_d4163ebf28de53b474e0228e4586fdcf/node_modules/prettier-plugin-tailwindcss/dist/index.mjs:235:406
[[31merror[39m]     at eval (eval at create (file:///Users/mia/vesta-cx/vesta/node_modules/.pnpm/prettier-plugin-tailwindcss@0.7.2_prettier-plugin-astro@0.14.1_prettier-plugin-svelte@3_d4163ebf28de53b474e0228e4586fdcf/node_modules/prettier-plugin-tailwindcss/dist/index.mjs:106:78), <anonymous>:15:1)
[[31merror[39m]     at file:///Users/mia/vesta-cx/vesta/node_modules/.pnpm/prettier-plugin-tailwindcss@0.7.2_prettier-plugin-astro@0.14.1_prettier-plugin-svelte@3_d4163ebf28de53b474e0228e4586fdcf/node_modules/prettier-plugin-tailwindcss/dist/index.mjs:235:406
src/lib/components/ui/card/index.ts
[[31merror[39m] src/lib/components/ui/card/index.ts: Error: Can't resolve '$lib/styles/theme.css' in '/Users/mia/vesta-cx/vesta/packages/ui/src'
[[31merror[39m]     at h (file:///Users/mia/vesta-cx/vesta/node_modules/.pnpm/prettier-plugin-tailwindcss@0.7.2_prettier-plugin-astro@0.14.1_prettier-plugin-svelte@3_d4163ebf28de53b474e0228e4586fdcf/node_modules/prettier-plugin-tailwindcss/dist/index.mjs:231:4669)
[[31merror[39m]     at file:///Users/mia/vesta-cx/vesta/node_modules/.pnpm/prettier-plugin-tailwindcss@0.7.2_prettier-plugin-astro@0.14.1_prettier-plugin-svelte@3_d4163ebf28de53b474e0228e4586fdcf/node_modules/prettier-plugin-tailwindcss/dist/index.mjs:232:708
[[31merror[39m]     at file:///Users/mia/vesta-cx/vesta/node_modules/.pnpm/prettier-plugin-tailwindcss@0.7.2_prettier-plugin-astro@0.14.1_prettier-plugin-svelte@3_d4163ebf28de53b474e0228e4586fdcf/node_modules/prettier-plugin-tailwindcss/dist/index.mjs:235:406
[[31merror[39m]     at eval (eval at create (file:///Users/mia/vesta-cx/vesta/node_modules/.pnpm/prettier-plugin-tailwindcss@0.7.2_prettier-plugin-astro@0.14.1_prettier-plugin-svelte@3_d4163ebf28de53b474e0228e4586fdcf/node_modules/prettier-plugin-tailwindcss/dist/index.mjs:106:78), <anonymous>:15:1)
[[31merror[39m]     at file:///Users/mia/vesta-cx/vesta/node_modules/.pnpm/prettier-plugin-tailwindcss@0.7.2_prettier-plugin-astro@0.14.1_prettier-plugin-svelte@3_d4163ebf28de53b474e0228e4586fdcf/node_modules/prettier-plugin-tailwindcss/dist/index.mjs:235:406
[[31merror[39m]     at eval (eval at create (file:///Users/mia/vesta-cx/vesta/node_modules/.pnpm/prettier-plugin-tailwindcss@0.7.2_prettier-plugin-astro@0.14.1_prettier-plugin-svelte@3_d4163ebf28de53b474e0228e4586fdcf/node_modules/prettier-plugin-tailwindcss/dist/index.mjs:106:78), <anonymous>:27:1)
[[31merror[39m]     at file:///Users/mia/vesta-cx/vesta/node_modules/.pnpm/prettier-plugin-tailwindcss@0.7.2_prettier-plugin-astro@0.14.1_prettier-plugin-svelte@3_d4163ebf28de53b474e0228e4586fdcf/node_modules/prettier-plugin-tailwindcss/dist/index.mjs:102:12756
[[31merror[39m]     at file:///Users/mia/vesta-cx/vesta/node_modules/.pnpm/prettier-plugin-tailwindcss@0.7.2_prettier-plugin-astro@0.14.1_prettier-plugin-svelte@3_d4163ebf28de53b474e0228e4586fdcf/node_modules/prettier-plugin-tailwindcss/dist/index.mjs:235:406
[[31merror[39m]     at eval (eval at create (file:///Users/mia/vesta-cx/vesta/node_modules/.pnpm/prettier-plugin-tailwindcss@0.7.2_prettier-plugin-astro@0.14.1_prettier-plugin-svelte@3_d4163ebf28de53b474e0228e4586fdcf/node_modules/prettier-plugin-tailwindcss/dist/index.mjs:106:78), <anonymous>:15:1)
[[31merror[39m]     at file:///Users/mia/vesta-cx/vesta/node_modules/.pnpm/prettier-plugin-tailwindcss@0.7.2_prettier-plugin-astro@0.14.1_prettier-plugin-svelte@3_d4163ebf28de53b474e0228e4586fdcf/node_modules/prettier-plugin-tailwindcss/dist/index.mjs:235:406
src/lib/components/ui/carousel/carousel-content.svelte
[[31merror[39m] src/lib/components/ui/carousel/carousel-content.svelte: Error: Can't resolve '$lib/styles/theme.css' in '/Users/mia/vesta-cx/vesta/packages/ui/src'
[[31merror[39m]     at h (file:///Users/mia/vesta-cx/vesta/node_modules/.pnpm/prettier-plugin-tailwindcss@0.7.2_prettier-plugin-astro@0.14.1_prettier-plugin-svelte@3_d4163ebf28de53b474e0228e4586fdcf/node_modules/prettier-plugin-tailwindcss/dist/index.mjs:231:4669)
[[31merror[39m]     at file:///Users/mia/vesta-cx/vesta/node_modules/.pnpm/prettier-plugin-tailwindcss@0.7.2_prettier-plugin-astro@0.14.1_prettier-plugin-svelte@3_d4163ebf28de53b474e0228e4586fdcf/node_modules/prettier-plugin-tailwindcss/dist/index.mjs:232:708
[[31merror[39m]     at file:///Users/mia/vesta-cx/vesta/node_modules/.pnpm/prettier-plugin-tailwindcss@0.7.2_prettier-plugin-astro@0.14.1_prettier-plugin-svelte@3_d4163ebf28de53b474e0228e4586fdcf/node_modules/prettier-plugin-tailwindcss/dist/index.mjs:235:406
[[31merror[39m]     at eval (eval at create (file:///Users/mia/vesta-cx/vesta/node_modules/.pnpm/prettier-plugin-tailwindcss@0.7.2_prettier-plugin-astro@0.14.1_prettier-plugin-svelte@3_d4163ebf28de53b474e0228e4586fdcf/node_modules/prettier-plugin-tailwindcss/dist/index.mjs:106:78), <anonymous>:15:1)
[[31merror[39m]     at file:///Users/mia/vesta-cx/vesta/node_modules/.pnpm/prettier-plugin-tailwindcss@0.7.2_prettier-plugin-astro@0.14.1_prettier-plugin-svelte@3_d4163ebf28de53b474e0228e4586fdcf/node_modules/prettier-plugin-tailwindcss/dist/index.mjs:235:406
[[31merror[39m]     at eval (eval at create (file:///Users/mia/vesta-cx/vesta/node_modules/.pnpm/prettier-plugin-tailwindcss@0.7.2_prettier-plugin-astro@0.14.1_prettier-plugin-svelte@3_d4163ebf28de53b474e0228e4586fdcf/node_modules/prettier-plugin-tailwindcss/dist/index.mjs:106:78), <anonymous>:27:1)
[[31merror[39m]     at file:///Users/mia/vesta-cx/vesta/node_modules/.pnpm/prettier-plugin-tailwindcss@0.7.2_prettier-plugin-astro@0.14.1_prettier-plugin-svelte@3_d4163ebf28de53b474e0228e4586fdcf/node_modules/prettier-plugin-tailwindcss/dist/index.mjs:102:12756
[[31merror[39m]     at file:///Users/mia/vesta-cx/vesta/node_modules/.pnpm/prettier-plugin-tailwindcss@0.7.2_prettier-plugin-astro@0.14.1_prettier-plugin-svelte@3_d4163ebf28de53b474e0228e4586fdcf/node_modules/prettier-plugin-tailwindcss/dist/index.mjs:235:406
[[31merror[39m]     at eval (eval at create (file:///Users/mia/vesta-cx/vesta/node_modules/.pnpm/prettier-plugin-tailwindcss@0.7.2_prettier-plugin-astro@0.14.1_prettier-plugin-svelte@3_d4163ebf28de53b474e0228e4586fdcf/node_modules/prettier-plugin-tailwindcss/dist/index.mjs:106:78), <anonymous>:15:1)
[[31merror[39m]     at file:///Users/mia/vesta-cx/vesta/node_modules/.pnpm/prettier-plugin-tailwindcss@0.7.2_prettier-plugin-astro@0.14.1_prettier-plugin-svelte@3_d4163ebf28de53b474e0228e4586fdcf/node_modules/prettier-plugin-tailwindcss/dist/index.mjs:235:406
src/lib/components/ui/carousel/carousel-item.svelte
[[31merror[39m] src/lib/components/ui/carousel/carousel-item.svelte: Error: Can't resolve '$lib/styles/theme.css' in '/Users/mia/vesta-cx/vesta/packages/ui/src'
[[31merror[39m]     at h (file:///Users/mia/vesta-cx/vesta/node_modules/.pnpm/prettier-plugin-tailwindcss@0.7.2_prettier-plugin-astro@0.14.1_prettier-plugin-svelte@3_d4163ebf28de53b474e0228e4586fdcf/node_modules/prettier-plugin-tailwindcss/dist/index.mjs:231:4669)
[[31merror[39m]     at file:///Users/mia/vesta-cx/vesta/node_modules/.pnpm/prettier-plugin-tailwindcss@0.7.2_prettier-plugin-astro@0.14.1_prettier-plugin-svelte@3_d4163ebf28de53b474e0228e4586fdcf/node_modules/prettier-plugin-tailwindcss/dist/index.mjs:232:708
[[31merror[39m]     at file:///Users/mia/vesta-cx/vesta/node_modules/.pnpm/prettier-plugin-tailwindcss@0.7.2_prettier-plugin-astro@0.14.1_prettier-plugin-svelte@3_d4163ebf28de53b474e0228e4586fdcf/node_modules/prettier-plugin-tailwindcss/dist/index.mjs:235:406
[[31merror[39m]     at eval (eval at create (file:///Users/mia/vesta-cx/vesta/node_modules/.pnpm/prettier-plugin-tailwindcss@0.7.2_prettier-plugin-astro@0.14.1_prettier-plugin-svelte@3_d4163ebf28de53b474e0228e4586fdcf/node_modules/prettier-plugin-tailwindcss/dist/index.mjs:106:78), <anonymous>:15:1)
[[31merror[39m]     at file:///Users/mia/vesta-cx/vesta/node_modules/.pnpm/prettier-plugin-tailwindcss@0.7.2_prettier-plugin-astro@0.14.1_prettier-plugin-svelte@3_d4163ebf28de53b474e0228e4586fdcf/node_modules/prettier-plugin-tailwindcss/dist/index.mjs:235:406
[[31merror[39m]     at eval (eval at create (file:///Users/mia/vesta-cx/vesta/node_modules/.pnpm/prettier-plugin-tailwindcss@0.7.2_prettier-plugin-astro@0.14.1_prettier-plugin-svelte@3_d4163ebf28de53b474e0228e4586fdcf/node_modules/prettier-plugin-tailwindcss/dist/index.mjs:106:78), <anonymous>:27:1)
[[31merror[39m]     at file:///Users/mia/vesta-cx/vesta/node_modules/.pnpm/prettier-plugin-tailwindcss@0.7.2_prettier-plugin-astro@0.14.1_prettier-plugin-svelte@3_d4163ebf28de53b474e0228e4586fdcf/node_modules/prettier-plugin-tailwindcss/dist/index.mjs:102:12756
[[31merror[39m]     at file:///Users/mia/vesta-cx/vesta/node_modules/.pnpm/prettier-plugin-tailwindcss@0.7.2_prettier-plugin-astro@0.14.1_prettier-plugin-svelte@3_d4163ebf28de53b474e0228e4586fdcf/node_modules/prettier-plugin-tailwindcss/dist/index.mjs:235:406
[[31merror[39m]     at eval (eval at create (file:///Users/mia/vesta-cx/vesta/node_modules/.pnpm/prettier-plugin-tailwindcss@0.7.2_prettier-plugin-astro@0.14.1_prettier-plugin-svelte@3_d4163ebf28de53b474e0228e4586fdcf/node_modules/prettier-plugin-tailwindcss/dist/index.mjs:106:78), <anonymous>:15:1)
[[31merror[39m]     at file:///Users/mia/vesta-cx/vesta/node_modules/.pnpm/prettier-plugin-tailwindcss@0.7.2_prettier-plugin-astro@0.14.1_prettier-plugin-svelte@3_d4163ebf28de53b474e0228e4586fdcf/node_modules/prettier-plugin-tailwindcss/dist/index.mjs:235:406
src/lib/components/ui/carousel/carousel-next.svelte
[[31merror[39m] src/lib/components/ui/carousel/carousel-next.svelte: Error: Can't resolve '$lib/styles/theme.css' in '/Users/mia/vesta-cx/vesta/packages/ui/src'
[[31merror[39m]     at h (file:///Users/mia/vesta-cx/vesta/node_modules/.pnpm/prettier-plugin-tailwindcss@0.7.2_prettier-plugin-astro@0.14.1_prettier-plugin-svelte@3_d4163ebf28de53b474e0228e4586fdcf/node_modules/prettier-plugin-tailwindcss/dist/index.mjs:231:4669)
[[31merror[39m]     at file:///Users/mia/vesta-cx/vesta/node_modules/.pnpm/prettier-plugin-tailwindcss@0.7.2_prettier-plugin-astro@0.14.1_prettier-plugin-svelte@3_d4163ebf28de53b474e0228e4586fdcf/node_modules/prettier-plugin-tailwindcss/dist/index.mjs:232:708
[[31merror[39m]     at file:///Users/mia/vesta-cx/vesta/node_modules/.pnpm/prettier-plugin-tailwindcss@0.7.2_prettier-plugin-astro@0.14.1_prettier-plugin-svelte@3_d4163ebf28de53b474e0228e4586fdcf/node_modules/prettier-plugin-tailwindcss/dist/index.mjs:235:406
[[31merror[39m]     at eval (eval at create (file:///Users/mia/vesta-cx/vesta/node_modules/.pnpm/prettier-plugin-tailwindcss@0.7.2_prettier-plugin-astro@0.14.1_prettier-plugin-svelte@3_d4163ebf28de53b474e0228e4586fdcf/node_modules/prettier-plugin-tailwindcss/dist/index.mjs:106:78), <anonymous>:15:1)
[[31merror[39m]     at file:///Users/mia/vesta-cx/vesta/node_modules/.pnpm/prettier-plugin-tailwindcss@0.7.2_prettier-plugin-astro@0.14.1_prettier-plugin-svelte@3_d4163ebf28de53b474e0228e4586fdcf/node_modules/prettier-plugin-tailwindcss/dist/index.mjs:235:406
[[31merror[39m]     at eval (eval at create (file:///Users/mia/vesta-cx/vesta/node_modules/.pnpm/prettier-plugin-tailwindcss@0.7.2_prettier-plugin-astro@0.14.1_prettier-plugin-svelte@3_d4163ebf28de53b474e0228e4586fdcf/node_modules/prettier-plugin-tailwindcss/dist/index.mjs:106:78), <anonymous>:27:1)
[[31merror[39m]     at file:///Users/mia/vesta-cx/vesta/node_modules/.pnpm/prettier-plugin-tailwindcss@0.7.2_prettier-plugin-astro@0.14.1_prettier-plugin-svelte@3_d4163ebf28de53b474e0228e4586fdcf/node_modules/prettier-plugin-tailwindcss/dist/index.mjs:102:12756
[[31merror[39m]     at file:///Users/mia/vesta-cx/vesta/node_modules/.pnpm/prettier-plugin-tailwindcss@0.7.2_prettier-plugin-astro@0.14.1_prettier-plugin-svelte@3_d4163ebf28de53b474e0228e4586fdcf/node_modules/prettier-plugin-tailwindcss/dist/index.mjs:235:406
[[31merror[39m]     at eval (eval at create (file:///Users/mia/vesta-cx/vesta/node_modules/.pnpm/prettier-plugin-tailwindcss@0.7.2_prettier-plugin-astro@0.14.1_prettier-plugin-svelte@3_d4163ebf28de53b474e0228e4586fdcf/node_modules/prettier-plugin-tailwindcss/dist/index.mjs:106:78), <anonymous>:15:1)
[[31merror[39m]     at file:///Users/mia/vesta-cx/vesta/node_modules/.pnpm/prettier-plugin-tailwindcss@0.7.2_prettier-plugin-astro@0.14.1_prettier-plugin-svelte@3_d4163ebf28de53b474e0228e4586fdcf/node_modules/prettier-plugin-tailwindcss/dist/index.mjs:235:406
src/lib/components/ui/carousel/carousel-previous.svelte
[[31merror[39m] src/lib/components/ui/carousel/carousel-previous.svelte: Error: Can't resolve '$lib/styles/theme.css' in '/Users/mia/vesta-cx/vesta/packages/ui/src'
[[31merror[39m]     at h (file:///Users/mia/vesta-cx/vesta/node_modules/.pnpm/prettier-plugin-tailwindcss@0.7.2_prettier-plugin-astro@0.14.1_prettier-plugin-svelte@3_d4163ebf28de53b474e0228e4586fdcf/node_modules/prettier-plugin-tailwindcss/dist/index.mjs:231:4669)
[[31merror[39m]     at file:///Users/mia/vesta-cx/vesta/node_modules/.pnpm/prettier-plugin-tailwindcss@0.7.2_prettier-plugin-astro@0.14.1_prettier-plugin-svelte@3_d4163ebf28de53b474e0228e4586fdcf/node_modules/prettier-plugin-tailwindcss/dist/index.mjs:232:708
[[31merror[39m]     at file:///Users/mia/vesta-cx/vesta/node_modules/.pnpm/prettier-plugin-tailwindcss@0.7.2_prettier-plugin-astro@0.14.1_prettier-plugin-svelte@3_d4163ebf28de53b474e0228e4586fdcf/node_modules/prettier-plugin-tailwindcss/dist/index.mjs:235:406
[[31merror[39m]     at eval (eval at create (file:///Users/mia/vesta-cx/vesta/node_modules/.pnpm/prettier-plugin-tailwindcss@0.7.2_prettier-plugin-astro@0.14.1_prettier-plugin-svelte@3_d4163ebf28de53b474e0228e4586fdcf/node_modules/prettier-plugin-tailwindcss/dist/index.mjs:106:78), <anonymous>:15:1)
[[31merror[39m]     at file:///Users/mia/vesta-cx/vesta/node_modules/.pnpm/prettier-plugin-tailwindcss@0.7.2_prettier-plugin-astro@0.14.1_prettier-plugin-svelte@3_d4163ebf28de53b474e0228e4586fdcf/node_modules/prettier-plugin-tailwindcss/dist/index.mjs:235:406
[[31merror[39m]     at eval (eval at create (file:///Users/mia/vesta-cx/vesta/node_modules/.pnpm/prettier-plugin-tailwindcss@0.7.2_prettier-plugin-astro@0.14.1_prettier-plugin-svelte@3_d4163ebf28de53b474e0228e4586fdcf/node_modules/prettier-plugin-tailwindcss/dist/index.mjs:106:78), <anonymous>:27:1)
[[31merror[39m]     at file:///Users/mia/vesta-cx/vesta/node_modules/.pnpm/prettier-plugin-tailwindcss@0.7.2_prettier-plugin-astro@0.14.1_prettier-plugin-svelte@3_d4163ebf28de53b474e0228e4586fdcf/node_modules/prettier-plugin-tailwindcss/dist/index.mjs:102:12756
[[31merror[39m]     at file:///Users/mia/vesta-cx/vesta/node_modules/.pnpm/prettier-plugin-tailwindcss@0.7.2_prettier-plugin-astro@0.14.1_prettier-plugin-svelte@3_d4163ebf28de53b474e0228e4586fdcf/node_modules/prettier-plugin-tailwindcss/dist/index.mjs:235:406
[[31merror[39m]     at eval (eval at create (file:///Users/mia/vesta-cx/vesta/node_modules/.pnpm/prettier-plugin-tailwindcss@0.7.2_prettier-plugin-astro@0.14.1_prettier-plugin-svelte@3_d4163ebf28de53b474e0228e4586fdcf/node_modules/prettier-plugin-tailwindcss/dist/index.mjs:106:78), <anonymous>:15:1)
[[31merror[39m]     at file:///Users/mia/vesta-cx/vesta/node_modules/.pnpm/prettier-plugin-tailwindcss@0.7.2_prettier-plugin-astro@0.14.1_prettier-plugin-svelte@3_d4163ebf28de53b474e0228e4586fdcf/node_modules/prettier-plugin-tailwindcss/dist/index.mjs:235:406
src/lib/components/ui/carousel/carousel.svelte
[[31merror[39m] src/lib/components/ui/carousel/carousel.svelte: Error: Can't resolve '$lib/styles/theme.css' in '/Users/mia/vesta-cx/vesta/packages/ui/src'
[[31merror[39m]     at h (file:///Users/mia/vesta-cx/vesta/node_modules/.pnpm/prettier-plugin-tailwindcss@0.7.2_prettier-plugin-astro@0.14.1_prettier-plugin-svelte@3_d4163ebf28de53b474e0228e4586fdcf/node_modules/prettier-plugin-tailwindcss/dist/index.mjs:231:4669)
[[31merror[39m]     at file:///Users/mia/vesta-cx/vesta/node_modules/.pnpm/prettier-plugin-tailwindcss@0.7.2_prettier-plugin-astro@0.14.1_prettier-plugin-svelte@3_d4163ebf28de53b474e0228e4586fdcf/node_modules/prettier-plugin-tailwindcss/dist/index.mjs:232:708
[[31merror[39m]     at file:///Users/mia/vesta-cx/vesta/node_modules/.pnpm/prettier-plugin-tailwindcss@0.7.2_prettier-plugin-astro@0.14.1_prettier-plugin-svelte@3_d4163ebf28de53b474e0228e4586fdcf/node_modules/prettier-plugin-tailwindcss/dist/index.mjs:235:406
[[31merror[39m]     at eval (eval at create (file:///Users/mia/vesta-cx/vesta/node_modules/.pnpm/prettier-plugin-tailwindcss@0.7.2_prettier-plugin-astro@0.14.1_prettier-plugin-svelte@3_d4163ebf28de53b474e0228e4586fdcf/node_modules/prettier-plugin-tailwindcss/dist/index.mjs:106:78), <anonymous>:15:1)
[[31merror[39m]     at file:///Users/mia/vesta-cx/vesta/node_modules/.pnpm/prettier-plugin-tailwindcss@0.7.2_prettier-plugin-astro@0.14.1_prettier-plugin-svelte@3_d4163ebf28de53b474e0228e4586fdcf/node_modules/prettier-plugin-tailwindcss/dist/index.mjs:235:406
[[31merror[39m]     at eval (eval at create (file:///Users/mia/vesta-cx/vesta/node_modules/.pnpm/prettier-plugin-tailwindcss@0.7.2_prettier-plugin-astro@0.14.1_prettier-plugin-svelte@3_d4163ebf28de53b474e0228e4586fdcf/node_modules/prettier-plugin-tailwindcss/dist/index.mjs:106:78), <anonymous>:27:1)
[[31merror[39m]     at file:///Users/mia/vesta-cx/vesta/node_modules/.pnpm/prettier-plugin-tailwindcss@0.7.2_prettier-plugin-astro@0.14.1_prettier-plugin-svelte@3_d4163ebf28de53b474e0228e4586fdcf/node_modules/prettier-plugin-tailwindcss/dist/index.mjs:102:12756
[[31merror[39m]     at file:///Users/mia/vesta-cx/vesta/node_modules/.pnpm/prettier-plugin-tailwindcss@0.7.2_prettier-plugin-astro@0.14.1_prettier-plugin-svelte@3_d4163ebf28de53b474e0228e4586fdcf/node_modules/prettier-plugin-tailwindcss/dist/index.mjs:235:406
[[31merror[39m]     at eval (eval at create (file:///Users/mia/vesta-cx/vesta/node_modules/.pnpm/prettier-plugin-tailwindcss@0.7.2_prettier-plugin-astro@0.14.1_prettier-plugin-svelte@3_d4163ebf28de53b474e0228e4586fdcf/node_modules/prettier-plugin-tailwindcss/dist/index.mjs:106:78), <anonymous>:15:1)
[[31merror[39m]     at file:///Users/mia/vesta-cx/vesta/node_modules/.pnpm/prettier-plugin-tailwindcss@0.7.2_prettier-plugin-astro@0.14.1_prettier-plugin-svelte@3_d4163ebf28de53b474e0228e4586fdcf/node_modules/prettier-plugin-tailwindcss/dist/index.mjs:235:406
src/lib/components/ui/carousel/context.ts
[[31merror[39m] src/lib/components/ui/carousel/context.ts: Error: Can't resolve '$lib/styles/theme.css' in '/Users/mia/vesta-cx/vesta/packages/ui/src'
[[31merror[39m]     at h (file:///Users/mia/vesta-cx/vesta/node_modules/.pnpm/prettier-plugin-tailwindcss@0.7.2_prettier-plugin-astro@0.14.1_prettier-plugin-svelte@3_d4163ebf28de53b474e0228e4586fdcf/node_modules/prettier-plugin-tailwindcss/dist/index.mjs:231:4669)
[[31merror[39m]     at file:///Users/mia/vesta-cx/vesta/node_modules/.pnpm/prettier-plugin-tailwindcss@0.7.2_prettier-plugin-astro@0.14.1_prettier-plugin-svelte@3_d4163ebf28de53b474e0228e4586fdcf/node_modules/prettier-plugin-tailwindcss/dist/index.mjs:232:708
[[31merror[39m]     at file:///Users/mia/vesta-cx/vesta/node_modules/.pnpm/prettier-plugin-tailwindcss@0.7.2_prettier-plugin-astro@0.14.1_prettier-plugin-svelte@3_d4163ebf28de53b474e0228e4586fdcf/node_modules/prettier-plugin-tailwindcss/dist/index.mjs:235:406
[[31merror[39m]     at eval (eval at create (file:///Users/mia/vesta-cx/vesta/node_modules/.pnpm/prettier-plugin-tailwindcss@0.7.2_prettier-plugin-astro@0.14.1_prettier-plugin-svelte@3_d4163ebf28de53b474e0228e4586fdcf/node_modules/prettier-plugin-tailwindcss/dist/index.mjs:106:78), <anonymous>:15:1)
[[31merror[39m]     at file:///Users/mia/vesta-cx/vesta/node_modules/.pnpm/prettier-plugin-tailwindcss@0.7.2_prettier-plugin-astro@0.14.1_prettier-plugin-svelte@3_d4163ebf28de53b474e0228e4586fdcf/node_modules/prettier-plugin-tailwindcss/dist/index.mjs:235:406
[[31merror[39m]     at eval (eval at create (file:///Users/mia/vesta-cx/vesta/node_modules/.pnpm/prettier-plugin-tailwindcss@0.7.2_prettier-plugin-astro@0.14.1_prettier-plugin-svelte@3_d4163ebf28de53b474e0228e4586fdcf/node_modules/prettier-plugin-tailwindcss/dist/index.mjs:106:78), <anonymous>:27:1)
[[31merror[39m]     at file:///Users/mia/vesta-cx/vesta/node_modules/.pnpm/prettier-plugin-tailwindcss@0.7.2_prettier-plugin-astro@0.14.1_prettier-plugin-svelte@3_d4163ebf28de53b474e0228e4586fdcf/node_modules/prettier-plugin-tailwindcss/dist/index.mjs:102:12756
[[31merror[39m]     at file:///Users/mia/vesta-cx/vesta/node_modules/.pnpm/prettier-plugin-tailwindcss@0.7.2_prettier-plugin-astro@0.14.1_prettier-plugin-svelte@3_d4163ebf28de53b474e0228e4586fdcf/node_modules/prettier-plugin-tailwindcss/dist/index.mjs:235:406
[[31merror[39m]     at eval (eval at create (file:///Users/mia/vesta-cx/vesta/node_modules/.pnpm/prettier-plugin-tailwindcss@0.7.2_prettier-plugin-astro@0.14.1_prettier-plugin-svelte@3_d4163ebf28de53b474e0228e4586fdcf/node_modules/prettier-plugin-tailwindcss/dist/index.mjs:106:78), <anonymous>:15:1)
[[31merror[39m]     at file:///Users/mia/vesta-cx/vesta/node_modules/.pnpm/prettier-plugin-tailwindcss@0.7.2_prettier-plugin-astro@0.14.1_prettier-plugin-svelte@3_d4163ebf28de53b474e0228e4586fdcf/node_modules/prettier-plugin-tailwindcss/dist/index.mjs:235:406
src/lib/components/ui/carousel/index.ts
[[31merror[39m] src/lib/components/ui/carousel/index.ts: Error: Can't resolve '$lib/styles/theme.css' in '/Users/mia/vesta-cx/vesta/packages/ui/src'
[[31merror[39m]     at h (file:///Users/mia/vesta-cx/vesta/node_modules/.pnpm/prettier-plugin-tailwindcss@0.7.2_prettier-plugin-astro@0.14.1_prettier-plugin-svelte@3_d4163ebf28de53b474e0228e4586fdcf/node_modules/prettier-plugin-tailwindcss/dist/index.mjs:231:4669)
[[31merror[39m]     at file:///Users/mia/vesta-cx/vesta/node_modules/.pnpm/prettier-plugin-tailwindcss@0.7.2_prettier-plugin-astro@0.14.1_prettier-plugin-svelte@3_d4163ebf28de53b474e0228e4586fdcf/node_modules/prettier-plugin-tailwindcss/dist/index.mjs:232:708
[[31merror[39m]     at file:///Users/mia/vesta-cx/vesta/node_modules/.pnpm/prettier-plugin-tailwindcss@0.7.2_prettier-plugin-astro@0.14.1_prettier-plugin-svelte@3_d4163ebf28de53b474e0228e4586fdcf/node_modules/prettier-plugin-tailwindcss/dist/index.mjs:235:406
[[31merror[39m]     at eval (eval at create (file:///Users/mia/vesta-cx/vesta/node_modules/.pnpm/prettier-plugin-tailwindcss@0.7.2_prettier-plugin-astro@0.14.1_prettier-plugin-svelte@3_d4163ebf28de53b474e0228e4586fdcf/node_modules/prettier-plugin-tailwindcss/dist/index.mjs:106:78), <anonymous>:15:1)
[[31merror[39m]     at file:///Users/mia/vesta-cx/vesta/node_modules/.pnpm/prettier-plugin-tailwindcss@0.7.2_prettier-plugin-astro@0.14.1_prettier-plugin-svelte@3_d4163ebf28de53b474e0228e4586fdcf/node_modules/prettier-plugin-tailwindcss/dist/index.mjs:235:406
[[31merror[39m]     at eval (eval at create (file:///Users/mia/vesta-cx/vesta/node_modules/.pnpm/prettier-plugin-tailwindcss@0.7.2_prettier-plugin-astro@0.14.1_prettier-plugin-svelte@3_d4163ebf28de53b474e0228e4586fdcf/node_modules/prettier-plugin-tailwindcss/dist/index.mjs:106:78), <anonymous>:27:1)
[[31merror[39m]     at file:///Users/mia/vesta-cx/vesta/node_modules/.pnpm/prettier-plugin-tailwindcss@0.7.2_prettier-plugin-astro@0.14.1_prettier-plugin-svelte@3_d4163ebf28de53b474e0228e4586fdcf/node_modules/prettier-plugin-tailwindcss/dist/index.mjs:102:12756
[[31merror[39m]     at file:///Users/mia/vesta-cx/vesta/node_modules/.pnpm/prettier-plugin-tailwindcss@0.7.2_prettier-plugin-astro@0.14.1_prettier-plugin-svelte@3_d4163ebf28de53b474e0228e4586fdcf/node_modules/prettier-plugin-tailwindcss/dist/index.mjs:235:406
[[31merror[39m]     at eval (eval at create (file:///Users/mia/vesta-cx/vesta/node_modules/.pnpm/prettier-plugin-tailwindcss@0.7.2_prettier-plugin-astro@0.14.1_prettier-plugin-svelte@3_d4163ebf28de53b474e0228e4586fdcf/node_modules/prettier-plugin-tailwindcss/dist/index.mjs:106:78), <anonymous>:15:1)
[[31merror[39m]     at file:///Users/mia/vesta-cx/vesta/node_modules/.pnpm/prettier-plugin-tailwindcss@0.7.2_prettier-plugin-astro@0.14.1_prettier-plugin-svelte@3_d4163ebf28de53b474e0228e4586fdcf/node_modules/prettier-plugin-tailwindcss/dist/index.mjs:235:406
src/lib/components/ui/chart/chart-legend.svelte
[[31merror[39m] src/lib/components/ui/chart/chart-legend.svelte: Error: Can't resolve '$lib/styles/theme.css' in '/Users/mia/vesta-cx/vesta/packages/ui/src'
[[31merror[39m]     at h (file:///Users/mia/vesta-cx/vesta/node_modules/.pnpm/prettier-plugin-tailwindcss@0.7.2_prettier-plugin-astro@0.14.1_prettier-plugin-svelte@3_d4163ebf28de53b474e0228e4586fdcf/node_modules/prettier-plugin-tailwindcss/dist/index.mjs:231:4669)
[[31merror[39m]     at file:///Users/mia/vesta-cx/vesta/node_modules/.pnpm/prettier-plugin-tailwindcss@0.7.2_prettier-plugin-astro@0.14.1_prettier-plugin-svelte@3_d4163ebf28de53b474e0228e4586fdcf/node_modules/prettier-plugin-tailwindcss/dist/index.mjs:232:708
[[31merror[39m]     at file:///Users/mia/vesta-cx/vesta/node_modules/.pnpm/prettier-plugin-tailwindcss@0.7.2_prettier-plugin-astro@0.14.1_prettier-plugin-svelte@3_d4163ebf28de53b474e0228e4586fdcf/node_modules/prettier-plugin-tailwindcss/dist/index.mjs:235:406
[[31merror[39m]     at eval (eval at create (file:///Users/mia/vesta-cx/vesta/node_modules/.pnpm/prettier-plugin-tailwindcss@0.7.2_prettier-plugin-astro@0.14.1_prettier-plugin-svelte@3_d4163ebf28de53b474e0228e4586fdcf/node_modules/prettier-plugin-tailwindcss/dist/index.mjs:106:78), <anonymous>:15:1)
[[31merror[39m]     at file:///Users/mia/vesta-cx/vesta/node_modules/.pnpm/prettier-plugin-tailwindcss@0.7.2_prettier-plugin-astro@0.14.1_prettier-plugin-svelte@3_d4163ebf28de53b474e0228e4586fdcf/node_modules/prettier-plugin-tailwindcss/dist/index.mjs:235:406
[[31merror[39m]     at eval (eval at create (file:///Users/mia/vesta-cx/vesta/node_modules/.pnpm/prettier-plugin-tailwindcss@0.7.2_prettier-plugin-astro@0.14.1_prettier-plugin-svelte@3_d4163ebf28de53b474e0228e4586fdcf/node_modules/prettier-plugin-tailwindcss/dist/index.mjs:106:78), <anonymous>:27:1)
[[31merror[39m]     at file:///Users/mia/vesta-cx/vesta/node_modules/.pnpm/prettier-plugin-tailwindcss@0.7.2_prettier-plugin-astro@0.14.1_prettier-plugin-svelte@3_d4163ebf28de53b474e0228e4586fdcf/node_modules/prettier-plugin-tailwindcss/dist/index.mjs:102:12756
[[31merror[39m]     at file:///Users/mia/vesta-cx/vesta/node_modules/.pnpm/prettier-plugin-tailwindcss@0.7.2_prettier-plugin-astro@0.14.1_prettier-plugin-svelte@3_d4163ebf28de53b474e0228e4586fdcf/node_modules/prettier-plugin-tailwindcss/dist/index.mjs:235:406
[[31merror[39m]     at eval (eval at create (file:///Users/mia/vesta-cx/vesta/node_modules/.pnpm/prettier-plugin-tailwindcss@0.7.2_prettier-plugin-astro@0.14.1_prettier-plugin-svelte@3_d4163ebf28de53b474e0228e4586fdcf/node_modules/prettier-plugin-tailwindcss/dist/index.mjs:106:78), <anonymous>:15:1)
[[31merror[39m]     at file:///Users/mia/vesta-cx/vesta/node_modules/.pnpm/prettier-plugin-tailwindcss@0.7.2_prettier-plugin-astro@0.14.1_prettier-plugin-svelte@3_d4163ebf28de53b474e0228e4586fdcf/node_modules/prettier-plugin-tailwindcss/dist/index.mjs:235:406
src/lib/components/ui/chart/chart-root.svelte
[[31merror[39m] src/lib/components/ui/chart/chart-root.svelte: Error: Can't resolve '$lib/styles/theme.css' in '/Users/mia/vesta-cx/vesta/packages/ui/src'
[[31merror[39m]     at h (file:///Users/mia/vesta-cx/vesta/node_modules/.pnpm/prettier-plugin-tailwindcss@0.7.2_prettier-plugin-astro@0.14.1_prettier-plugin-svelte@3_d4163ebf28de53b474e0228e4586fdcf/node_modules/prettier-plugin-tailwindcss/dist/index.mjs:231:4669)
[[31merror[39m]     at file:///Users/mia/vesta-cx/vesta/node_modules/.pnpm/prettier-plugin-tailwindcss@0.7.2_prettier-plugin-astro@0.14.1_prettier-plugin-svelte@3_d4163ebf28de53b474e0228e4586fdcf/node_modules/prettier-plugin-tailwindcss/dist/index.mjs:232:708
[[31merror[39m]     at file:///Users/mia/vesta-cx/vesta/node_modules/.pnpm/prettier-plugin-tailwindcss@0.7.2_prettier-plugin-astro@0.14.1_prettier-plugin-svelte@3_d4163ebf28de53b474e0228e4586fdcf/node_modules/prettier-plugin-tailwindcss/dist/index.mjs:235:406
[[31merror[39m]     at eval (eval at create (file:///Users/mia/vesta-cx/vesta/node_modules/.pnpm/prettier-plugin-tailwindcss@0.7.2_prettier-plugin-astro@0.14.1_prettier-plugin-svelte@3_d4163ebf28de53b474e0228e4586fdcf/node_modules/prettier-plugin-tailwindcss/dist/index.mjs:106:78), <anonymous>:15:1)
[[31merror[39m]     at file:///Users/mia/vesta-cx/vesta/node_modules/.pnpm/prettier-plugin-tailwindcss@0.7.2_prettier-plugin-astro@0.14.1_prettier-plugin-svelte@3_d4163ebf28de53b474e0228e4586fdcf/node_modules/prettier-plugin-tailwindcss/dist/index.mjs:235:406
[[31merror[39m]     at eval (eval at create (file:///Users/mia/vesta-cx/vesta/node_modules/.pnpm/prettier-plugin-tailwindcss@0.7.2_prettier-plugin-astro@0.14.1_prettier-plugin-svelte@3_d4163ebf28de53b474e0228e4586fdcf/node_modules/prettier-plugin-tailwindcss/dist/index.mjs:106:78), <anonymous>:27:1)
[[31merror[39m]     at file:///Users/mia/vesta-cx/vesta/node_modules/.pnpm/prettier-plugin-tailwindcss@0.7.2_prettier-plugin-astro@0.14.1_prettier-plugin-svelte@3_d4163ebf28de53b474e0228e4586fdcf/node_modules/prettier-plugin-tailwindcss/dist/index.mjs:102:12756
[[31merror[39m]     at file:///Users/mia/vesta-cx/vesta/node_modules/.pnpm/prettier-plugin-tailwindcss@0.7.2_prettier-plugin-astro@0.14.1_prettier-plugin-svelte@3_d4163ebf28de53b474e0228e4586fdcf/node_modules/prettier-plugin-tailwindcss/dist/index.mjs:235:406
[[31merror[39m]     at eval (eval at create (file:///Users/mia/vesta-cx/vesta/node_modules/.pnpm/prettier-plugin-tailwindcss@0.7.2_prettier-plugin-astro@0.14.1_prettier-plugin-svelte@3_d4163ebf28de53b474e0228e4586fdcf/node_modules/prettier-plugin-tailwindcss/dist/index.mjs:106:78), <anonymous>:15:1)
[[31merror[39m]     at file:///Users/mia/vesta-cx/vesta/node_modules/.pnpm/prettier-plugin-tailwindcss@0.7.2_prettier-plugin-astro@0.14.1_prettier-plugin-svelte@3_d4163ebf28de53b474e0228e4586fdcf/node_modules/prettier-plugin-tailwindcss/dist/index.mjs:235:406
src/lib/components/ui/chart/chart-tooltip.svelte
[[31merror[39m] src/lib/components/ui/chart/chart-tooltip.svelte: Error: Can't resolve '$lib/styles/theme.css' in '/Users/mia/vesta-cx/vesta/packages/ui/src'
[[31merror[39m]     at h (file:///Users/mia/vesta-cx/vesta/node_modules/.pnpm/prettier-plugin-tailwindcss@0.7.2_prettier-plugin-astro@0.14.1_prettier-plugin-svelte@3_d4163ebf28de53b474e0228e4586fdcf/node_modules/prettier-plugin-tailwindcss/dist/index.mjs:231:4669)
[[31merror[39m]     at file:///Users/mia/vesta-cx/vesta/node_modules/.pnpm/prettier-plugin-tailwindcss@0.7.2_prettier-plugin-astro@0.14.1_prettier-plugin-svelte@3_d4163ebf28de53b474e0228e4586fdcf/node_modules/prettier-plugin-tailwindcss/dist/index.mjs:232:708
[[31merror[39m]     at file:///Users/mia/vesta-cx/vesta/node_modules/.pnpm/prettier-plugin-tailwindcss@0.7.2_prettier-plugin-astro@0.14.1_prettier-plugin-svelte@3_d4163ebf28de53b474e0228e4586fdcf/node_modules/prettier-plugin-tailwindcss/dist/index.mjs:235:406
[[31merror[39m]     at eval (eval at create (file:///Users/mia/vesta-cx/vesta/node_modules/.pnpm/prettier-plugin-tailwindcss@0.7.2_prettier-plugin-astro@0.14.1_prettier-plugin-svelte@3_d4163ebf28de53b474e0228e4586fdcf/node_modules/prettier-plugin-tailwindcss/dist/index.mjs:106:78), <anonymous>:15:1)
[[31merror[39m]     at file:///Users/mia/vesta-cx/vesta/node_modules/.pnpm/prettier-plugin-tailwindcss@0.7.2_prettier-plugin-astro@0.14.1_prettier-plugin-svelte@3_d4163ebf28de53b474e0228e4586fdcf/node_modules/prettier-plugin-tailwindcss/dist/index.mjs:235:406
[[31merror[39m]     at eval (eval at create (file:///Users/mia/vesta-cx/vesta/node_modules/.pnpm/prettier-plugin-tailwindcss@0.7.2_prettier-plugin-astro@0.14.1_prettier-plugin-svelte@3_d4163ebf28de53b474e0228e4586fdcf/node_modules/prettier-plugin-tailwindcss/dist/index.mjs:106:78), <anonymous>:27:1)
[[31merror[39m]     at file:///Users/mia/vesta-cx/vesta/node_modules/.pnpm/prettier-plugin-tailwindcss@0.7.2_prettier-plugin-astro@0.14.1_prettier-plugin-svelte@3_d4163ebf28de53b474e0228e4586fdcf/node_modules/prettier-plugin-tailwindcss/dist/index.mjs:102:12756
[[31merror[39m]     at file:///Users/mia/vesta-cx/vesta/node_modules/.pnpm/prettier-plugin-tailwindcss@0.7.2_prettier-plugin-astro@0.14.1_prettier-plugin-svelte@3_d4163ebf28de53b474e0228e4586fdcf/node_modules/prettier-plugin-tailwindcss/dist/index.mjs:235:406
[[31merror[39m]     at eval (eval at create (file:///Users/mia/vesta-cx/vesta/node_modules/.pnpm/prettier-plugin-tailwindcss@0.7.2_prettier-plugin-astro@0.14.1_prettier-plugin-svelte@3_d4163ebf28de53b474e0228e4586fdcf/node_modules/prettier-plugin-tailwindcss/dist/index.mjs:106:78), <anonymous>:15:1)
[[31merror[39m]     at file:///Users/mia/vesta-cx/vesta/node_modules/.pnpm/prettier-plugin-tailwindcss@0.7.2_prettier-plugin-astro@0.14.1_prettier-plugin-svelte@3_d4163ebf28de53b474e0228e4586fdcf/node_modules/prettier-plugin-tailwindcss/dist/index.mjs:235:406
src/lib/components/ui/chart/index.ts
[[31merror[39m] src/lib/components/ui/chart/index.ts: Error: Can't resolve '$lib/styles/theme.css' in '/Users/mia/vesta-cx/vesta/packages/ui/src'
[[31merror[39m]     at h (file:///Users/mia/vesta-cx/vesta/node_modules/.pnpm/prettier-plugin-tailwindcss@0.7.2_prettier-plugin-astro@0.14.1_prettier-plugin-svelte@3_d4163ebf28de53b474e0228e4586fdcf/node_modules/prettier-plugin-tailwindcss/dist/index.mjs:231:4669)
[[31merror[39m]     at file:///Users/mia/vesta-cx/vesta/node_modules/.pnpm/prettier-plugin-tailwindcss@0.7.2_prettier-plugin-astro@0.14.1_prettier-plugin-svelte@3_d4163ebf28de53b474e0228e4586fdcf/node_modules/prettier-plugin-tailwindcss/dist/index.mjs:232:708
[[31merror[39m]     at file:///Users/mia/vesta-cx/vesta/node_modules/.pnpm/prettier-plugin-tailwindcss@0.7.2_prettier-plugin-astro@0.14.1_prettier-plugin-svelte@3_d4163ebf28de53b474e0228e4586fdcf/node_modules/prettier-plugin-tailwindcss/dist/index.mjs:235:406
[[31merror[39m]     at eval (eval at create (file:///Users/mia/vesta-cx/vesta/node_modules/.pnpm/prettier-plugin-tailwindcss@0.7.2_prettier-plugin-astro@0.14.1_prettier-plugin-svelte@3_d4163ebf28de53b474e0228e4586fdcf/node_modules/prettier-plugin-tailwindcss/dist/index.mjs:106:78), <anonymous>:15:1)
[[31merror[39m]     at file:///Users/mia/vesta-cx/vesta/node_modules/.pnpm/prettier-plugin-tailwindcss@0.7.2_prettier-plugin-astro@0.14.1_prettier-plugin-svelte@3_d4163ebf28de53b474e0228e4586fdcf/node_modules/prettier-plugin-tailwindcss/dist/index.mjs:235:406
[[31merror[39m]     at eval (eval at create (file:///Users/mia/vesta-cx/vesta/node_modules/.pnpm/prettier-plugin-tailwindcss@0.7.2_prettier-plugin-astro@0.14.1_prettier-plugin-svelte@3_d4163ebf28de53b474e0228e4586fdcf/node_modules/prettier-plugin-tailwindcss/dist/index.mjs:106:78), <anonymous>:27:1)
[[31merror[39m]     at file:///Users/mia/vesta-cx/vesta/node_modules/.pnpm/prettier-plugin-tailwindcss@0.7.2_prettier-plugin-astro@0.14.1_prettier-plugin-svelte@3_d4163ebf28de53b474e0228e4586fdcf/node_modules/prettier-plugin-tailwindcss/dist/index.mjs:102:12756
[[31merror[39m]     at file:///Users/mia/vesta-cx/vesta/node_modules/.pnpm/prettier-plugin-tailwindcss@0.7.2_prettier-plugin-astro@0.14.1_prettier-plugin-svelte@3_d4163ebf28de53b474e0228e4586fdcf/node_modules/prettier-plugin-tailwindcss/dist/index.mjs:235:406
[[31merror[39m]     at eval (eval at create (file:///Users/mia/vesta-cx/vesta/node_modules/.pnpm/prettier-plugin-tailwindcss@0.7.2_prettier-plugin-astro@0.14.1_prettier-plugin-svelte@3_d4163ebf28de53b474e0228e4586fdcf/node_modules/prettier-plugin-tailwindcss/dist/index.mjs:106:78), <anonymous>:15:1)
[[31merror[39m]     at file:///Users/mia/vesta-cx/vesta/node_modules/.pnpm/prettier-plugin-tailwindcss@0.7.2_prettier-plugin-astro@0.14.1_prettier-plugin-svelte@3_d4163ebf28de53b474e0228e4586fdcf/node_modules/prettier-plugin-tailwindcss/dist/index.mjs:235:406
src/lib/components/ui/checkbox-with-info/checkbox-with-info.svelte
[[31merror[39m] src/lib/components/ui/checkbox-with-info/checkbox-with-info.svelte: Error: Can't resolve '$lib/styles/theme.css' in '/Users/mia/vesta-cx/vesta/packages/ui/src'
[[31merror[39m]     at h (file:///Users/mia/vesta-cx/vesta/node_modules/.pnpm/prettier-plugin-tailwindcss@0.7.2_prettier-plugin-astro@0.14.1_prettier-plugin-svelte@3_d4163ebf28de53b474e0228e4586fdcf/node_modules/prettier-plugin-tailwindcss/dist/index.mjs:231:4669)
[[31merror[39m]     at file:///Users/mia/vesta-cx/vesta/node_modules/.pnpm/prettier-plugin-tailwindcss@0.7.2_prettier-plugin-astro@0.14.1_prettier-plugin-svelte@3_d4163ebf28de53b474e0228e4586fdcf/node_modules/prettier-plugin-tailwindcss/dist/index.mjs:232:708
[[31merror[39m]     at file:///Users/mia/vesta-cx/vesta/node_modules/.pnpm/prettier-plugin-tailwindcss@0.7.2_prettier-plugin-astro@0.14.1_prettier-plugin-svelte@3_d4163ebf28de53b474e0228e4586fdcf/node_modules/prettier-plugin-tailwindcss/dist/index.mjs:235:406
[[31merror[39m]     at eval (eval at create (file:///Users/mia/vesta-cx/vesta/node_modules/.pnpm/prettier-plugin-tailwindcss@0.7.2_prettier-plugin-astro@0.14.1_prettier-plugin-svelte@3_d4163ebf28de53b474e0228e4586fdcf/node_modules/prettier-plugin-tailwindcss/dist/index.mjs:106:78), <anonymous>:15:1)
[[31merror[39m]     at file:///Users/mia/vesta-cx/vesta/node_modules/.pnpm/prettier-plugin-tailwindcss@0.7.2_prettier-plugin-astro@0.14.1_prettier-plugin-svelte@3_d4163ebf28de53b474e0228e4586fdcf/node_modules/prettier-plugin-tailwindcss/dist/index.mjs:235:406
[[31merror[39m]     at eval (eval at create (file:///Users/mia/vesta-cx/vesta/node_modules/.pnpm/prettier-plugin-tailwindcss@0.7.2_prettier-plugin-astro@0.14.1_prettier-plugin-svelte@3_d4163ebf28de53b474e0228e4586fdcf/node_modules/prettier-plugin-tailwindcss/dist/index.mjs:106:78), <anonymous>:27:1)
[[31merror[39m]     at file:///Users/mia/vesta-cx/vesta/node_modules/.pnpm/prettier-plugin-tailwindcss@0.7.2_prettier-plugin-astro@0.14.1_prettier-plugin-svelte@3_d4163ebf28de53b474e0228e4586fdcf/node_modules/prettier-plugin-tailwindcss/dist/index.mjs:102:12756
[[31merror[39m]     at file:///Users/mia/vesta-cx/vesta/node_modules/.pnpm/prettier-plugin-tailwindcss@0.7.2_prettier-plugin-astro@0.14.1_prettier-plugin-svelte@3_d4163ebf28de53b474e0228e4586fdcf/node_modules/prettier-plugin-tailwindcss/dist/index.mjs:235:406
[[31merror[39m]     at eval (eval at create (file:///Users/mia/vesta-cx/vesta/node_modules/.pnpm/prettier-plugin-tailwindcss@0.7.2_prettier-plugin-astro@0.14.1_prettier-plugin-svelte@3_d4163ebf28de53b474e0228e4586fdcf/node_modules/prettier-plugin-tailwindcss/dist/index.mjs:106:78), <anonymous>:15:1)
[[31merror[39m]     at file:///Users/mia/vesta-cx/vesta/node_modules/.pnpm/prettier-plugin-tailwindcss@0.7.2_prettier-plugin-astro@0.14.1_prettier-plugin-svelte@3_d4163ebf28de53b474e0228e4586fdcf/node_modules/prettier-plugin-tailwindcss/dist/index.mjs:235:406
src/lib/components/ui/checkbox-with-info/index.ts
[[31merror[39m] src/lib/components/ui/checkbox-with-info/index.ts: Error: Can't resolve '$lib/styles/theme.css' in '/Users/mia/vesta-cx/vesta/packages/ui/src'
[[31merror[39m]     at h (file:///Users/mia/vesta-cx/vesta/node_modules/.pnpm/prettier-plugin-tailwindcss@0.7.2_prettier-plugin-astro@0.14.1_prettier-plugin-svelte@3_d4163ebf28de53b474e0228e4586fdcf/node_modules/prettier-plugin-tailwindcss/dist/index.mjs:231:4669)
[[31merror[39m]     at file:///Users/mia/vesta-cx/vesta/node_modules/.pnpm/prettier-plugin-tailwindcss@0.7.2_prettier-plugin-astro@0.14.1_prettier-plugin-svelte@3_d4163ebf28de53b474e0228e4586fdcf/node_modules/prettier-plugin-tailwindcss/dist/index.mjs:232:708
[[31merror[39m]     at file:///Users/mia/vesta-cx/vesta/node_modules/.pnpm/prettier-plugin-tailwindcss@0.7.2_prettier-plugin-astro@0.14.1_prettier-plugin-svelte@3_d4163ebf28de53b474e0228e4586fdcf/node_modules/prettier-plugin-tailwindcss/dist/index.mjs:235:406
[[31merror[39m]     at eval (eval at create (file:///Users/mia/vesta-cx/vesta/node_modules/.pnpm/prettier-plugin-tailwindcss@0.7.2_prettier-plugin-astro@0.14.1_prettier-plugin-svelte@3_d4163ebf28de53b474e0228e4586fdcf/node_modules/prettier-plugin-tailwindcss/dist/index.mjs:106:78), <anonymous>:15:1)
[[31merror[39m]     at file:///Users/mia/vesta-cx/vesta/node_modules/.pnpm/prettier-plugin-tailwindcss@0.7.2_prettier-plugin-astro@0.14.1_prettier-plugin-svelte@3_d4163ebf28de53b474e0228e4586fdcf/node_modules/prettier-plugin-tailwindcss/dist/index.mjs:235:406
[[31merror[39m]     at eval (eval at create (file:///Users/mia/vesta-cx/vesta/node_modules/.pnpm/prettier-plugin-tailwindcss@0.7.2_prettier-plugin-astro@0.14.1_prettier-plugin-svelte@3_d4163ebf28de53b474e0228e4586fdcf/node_modules/prettier-plugin-tailwindcss/dist/index.mjs:106:78), <anonymous>:27:1)
[[31merror[39m]     at file:///Users/mia/vesta-cx/vesta/node_modules/.pnpm/prettier-plugin-tailwindcss@0.7.2_prettier-plugin-astro@0.14.1_prettier-plugin-svelte@3_d4163ebf28de53b474e0228e4586fdcf/node_modules/prettier-plugin-tailwindcss/dist/index.mjs:102:12756
[[31merror[39m]     at file:///Users/mia/vesta-cx/vesta/node_modules/.pnpm/prettier-plugin-tailwindcss@0.7.2_prettier-plugin-astro@0.14.1_prettier-plugin-svelte@3_d4163ebf28de53b474e0228e4586fdcf/node_modules/prettier-plugin-tailwindcss/dist/index.mjs:235:406
[[31merror[39m]     at eval (eval at create (file:///Users/mia/vesta-cx/vesta/node_modules/.pnpm/prettier-plugin-tailwindcss@0.7.2_prettier-plugin-astro@0.14.1_prettier-plugin-svelte@3_d4163ebf28de53b474e0228e4586fdcf/node_modules/prettier-plugin-tailwindcss/dist/index.mjs:106:78), <anonymous>:15:1)
[[31merror[39m]     at file:///Users/mia/vesta-cx/vesta/node_modules/.pnpm/prettier-plugin-tailwindcss@0.7.2_prettier-plugin-astro@0.14.1_prettier-plugin-svelte@3_d4163ebf28de53b474e0228e4586fdcf/node_modules/prettier-plugin-tailwindcss/dist/index.mjs:235:406
src/lib/components/ui/checkbox/checkbox.svelte
[[31merror[39m] src/lib/components/ui/checkbox/checkbox.svelte: Error: Can't resolve '$lib/styles/theme.css' in '/Users/mia/vesta-cx/vesta/packages/ui/src'
[[31merror[39m]     at h (file:///Users/mia/vesta-cx/vesta/node_modules/.pnpm/prettier-plugin-tailwindcss@0.7.2_prettier-plugin-astro@0.14.1_prettier-plugin-svelte@3_d4163ebf28de53b474e0228e4586fdcf/node_modules/prettier-plugin-tailwindcss/dist/index.mjs:231:4669)
[[31merror[39m]     at file:///Users/mia/vesta-cx/vesta/node_modules/.pnpm/prettier-plugin-tailwindcss@0.7.2_prettier-plugin-astro@0.14.1_prettier-plugin-svelte@3_d4163ebf28de53b474e0228e4586fdcf/node_modules/prettier-plugin-tailwindcss/dist/index.mjs:232:708
[[31merror[39m]     at file:///Users/mia/vesta-cx/vesta/node_modules/.pnpm/prettier-plugin-tailwindcss@0.7.2_prettier-plugin-astro@0.14.1_prettier-plugin-svelte@3_d4163ebf28de53b474e0228e4586fdcf/node_modules/prettier-plugin-tailwindcss/dist/index.mjs:235:406
[[31merror[39m]     at eval (eval at create (file:///Users/mia/vesta-cx/vesta/node_modules/.pnpm/prettier-plugin-tailwindcss@0.7.2_prettier-plugin-astro@0.14.1_prettier-plugin-svelte@3_d4163ebf28de53b474e0228e4586fdcf/node_modules/prettier-plugin-tailwindcss/dist/index.mjs:106:78), <anonymous>:15:1)
[[31merror[39m]     at file:///Users/mia/vesta-cx/vesta/node_modules/.pnpm/prettier-plugin-tailwindcss@0.7.2_prettier-plugin-astro@0.14.1_prettier-plugin-svelte@3_d4163ebf28de53b474e0228e4586fdcf/node_modules/prettier-plugin-tailwindcss/dist/index.mjs:235:406
[[31merror[39m]     at eval (eval at create (file:///Users/mia/vesta-cx/vesta/node_modules/.pnpm/prettier-plugin-tailwindcss@0.7.2_prettier-plugin-astro@0.14.1_prettier-plugin-svelte@3_d4163ebf28de53b474e0228e4586fdcf/node_modules/prettier-plugin-tailwindcss/dist/index.mjs:106:78), <anonymous>:27:1)
[[31merror[39m]     at file:///Users/mia/vesta-cx/vesta/node_modules/.pnpm/prettier-plugin-tailwindcss@0.7.2_prettier-plugin-astro@0.14.1_prettier-plugin-svelte@3_d4163ebf28de53b474e0228e4586fdcf/node_modules/prettier-plugin-tailwindcss/dist/index.mjs:102:12756
[[31merror[39m]     at file:///Users/mia/vesta-cx/vesta/node_modules/.pnpm/prettier-plugin-tailwindcss@0.7.2_prettier-plugin-astro@0.14.1_prettier-plugin-svelte@3_d4163ebf28de53b474e0228e4586fdcf/node_modules/prettier-plugin-tailwindcss/dist/index.mjs:235:406
[[31merror[39m]     at eval (eval at create (file:///Users/mia/vesta-cx/vesta/node_modules/.pnpm/prettier-plugin-tailwindcss@0.7.2_prettier-plugin-astro@0.14.1_prettier-plugin-svelte@3_d4163ebf28de53b474e0228e4586fdcf/node_modules/prettier-plugin-tailwindcss/dist/index.mjs:106:78), <anonymous>:15:1)
[[31merror[39m]     at file:///Users/mia/vesta-cx/vesta/node_modules/.pnpm/prettier-plugin-tailwindcss@0.7.2_prettier-plugin-astro@0.14.1_prettier-plugin-svelte@3_d4163ebf28de53b474e0228e4586fdcf/node_modules/prettier-plugin-tailwindcss/dist/index.mjs:235:406
src/lib/components/ui/checkbox/index.ts
[[31merror[39m] src/lib/components/ui/checkbox/index.ts: Error: Can't resolve '$lib/styles/theme.css' in '/Users/mia/vesta-cx/vesta/packages/ui/src'
[[31merror[39m]     at h (file:///Users/mia/vesta-cx/vesta/node_modules/.pnpm/prettier-plugin-tailwindcss@0.7.2_prettier-plugin-astro@0.14.1_prettier-plugin-svelte@3_d4163ebf28de53b474e0228e4586fdcf/node_modules/prettier-plugin-tailwindcss/dist/index.mjs:231:4669)
[[31merror[39m]     at file:///Users/mia/vesta-cx/vesta/node_modules/.pnpm/prettier-plugin-tailwindcss@0.7.2_prettier-plugin-astro@0.14.1_prettier-plugin-svelte@3_d4163ebf28de53b474e0228e4586fdcf/node_modules/prettier-plugin-tailwindcss/dist/index.mjs:232:708
[[31merror[39m]     at file:///Users/mia/vesta-cx/vesta/node_modules/.pnpm/prettier-plugin-tailwindcss@0.7.2_prettier-plugin-astro@0.14.1_prettier-plugin-svelte@3_d4163ebf28de53b474e0228e4586fdcf/node_modules/prettier-plugin-tailwindcss/dist/index.mjs:235:406
[[31merror[39m]     at eval (eval at create (file:///Users/mia/vesta-cx/vesta/node_modules/.pnpm/prettier-plugin-tailwindcss@0.7.2_prettier-plugin-astro@0.14.1_prettier-plugin-svelte@3_d4163ebf28de53b474e0228e4586fdcf/node_modules/prettier-plugin-tailwindcss/dist/index.mjs:106:78), <anonymous>:15:1)
[[31merror[39m]     at file:///Users/mia/vesta-cx/vesta/node_modules/.pnpm/prettier-plugin-tailwindcss@0.7.2_prettier-plugin-astro@0.14.1_prettier-plugin-svelte@3_d4163ebf28de53b474e0228e4586fdcf/node_modules/prettier-plugin-tailwindcss/dist/index.mjs:235:406
[[31merror[39m]     at eval (eval at create (file:///Users/mia/vesta-cx/vesta/node_modules/.pnpm/prettier-plugin-tailwindcss@0.7.2_prettier-plugin-astro@0.14.1_prettier-plugin-svelte@3_d4163ebf28de53b474e0228e4586fdcf/node_modules/prettier-plugin-tailwindcss/dist/index.mjs:106:78), <anonymous>:27:1)
[[31merror[39m]     at file:///Users/mia/vesta-cx/vesta/node_modules/.pnpm/prettier-plugin-tailwindcss@0.7.2_prettier-plugin-astro@0.14.1_prettier-plugin-svelte@3_d4163ebf28de53b474e0228e4586fdcf/node_modules/prettier-plugin-tailwindcss/dist/index.mjs:102:12756
[[31merror[39m]     at file:///Users/mia/vesta-cx/vesta/node_modules/.pnpm/prettier-plugin-tailwindcss@0.7.2_prettier-plugin-astro@0.14.1_prettier-plugin-svelte@3_d4163ebf28de53b474e0228e4586fdcf/node_modules/prettier-plugin-tailwindcss/dist/index.mjs:235:406
[[31merror[39m]     at eval (eval at create (file:///Users/mia/vesta-cx/vesta/node_modules/.pnpm/prettier-plugin-tailwindcss@0.7.2_prettier-plugin-astro@0.14.1_prettier-plugin-svelte@3_d4163ebf28de53b474e0228e4586fdcf/node_modules/prettier-plugin-tailwindcss/dist/index.mjs:106:78), <anonymous>:15:1)
[[31merror[39m]     at file:///Users/mia/vesta-cx/vesta/node_modules/.pnpm/prettier-plugin-tailwindcss@0.7.2_prettier-plugin-astro@0.14.1_prettier-plugin-svelte@3_d4163ebf28de53b474e0228e4586fdcf/node_modules/prettier-plugin-tailwindcss/dist/index.mjs:235:406
src/lib/components/ui/collapsible/collapsible-content.svelte
[[31merror[39m] src/lib/components/ui/collapsible/collapsible-content.svelte: Error: Can't resolve '$lib/styles/theme.css' in '/Users/mia/vesta-cx/vesta/packages/ui/src'
[[31merror[39m]     at h (file:///Users/mia/vesta-cx/vesta/node_modules/.pnpm/prettier-plugin-tailwindcss@0.7.2_prettier-plugin-astro@0.14.1_prettier-plugin-svelte@3_d4163ebf28de53b474e0228e4586fdcf/node_modules/prettier-plugin-tailwindcss/dist/index.mjs:231:4669)
[[31merror[39m]     at file:///Users/mia/vesta-cx/vesta/node_modules/.pnpm/prettier-plugin-tailwindcss@0.7.2_prettier-plugin-astro@0.14.1_prettier-plugin-svelte@3_d4163ebf28de53b474e0228e4586fdcf/node_modules/prettier-plugin-tailwindcss/dist/index.mjs:232:708
[[31merror[39m]     at file:///Users/mia/vesta-cx/vesta/node_modules/.pnpm/prettier-plugin-tailwindcss@0.7.2_prettier-plugin-astro@0.14.1_prettier-plugin-svelte@3_d4163ebf28de53b474e0228e4586fdcf/node_modules/prettier-plugin-tailwindcss/dist/index.mjs:235:406
[[31merror[39m]     at eval (eval at create (file:///Users/mia/vesta-cx/vesta/node_modules/.pnpm/prettier-plugin-tailwindcss@0.7.2_prettier-plugin-astro@0.14.1_prettier-plugin-svelte@3_d4163ebf28de53b474e0228e4586fdcf/node_modules/prettier-plugin-tailwindcss/dist/index.mjs:106:78), <anonymous>:15:1)
[[31merror[39m]     at file:///Users/mia/vesta-cx/vesta/node_modules/.pnpm/prettier-plugin-tailwindcss@0.7.2_prettier-plugin-astro@0.14.1_prettier-plugin-svelte@3_d4163ebf28de53b474e0228e4586fdcf/node_modules/prettier-plugin-tailwindcss/dist/index.mjs:235:406
[[31merror[39m]     at eval (eval at create (file:///Users/mia/vesta-cx/vesta/node_modules/.pnpm/prettier-plugin-tailwindcss@0.7.2_prettier-plugin-astro@0.14.1_prettier-plugin-svelte@3_d4163ebf28de53b474e0228e4586fdcf/node_modules/prettier-plugin-tailwindcss/dist/index.mjs:106:78), <anonymous>:27:1)
[[31merror[39m]     at file:///Users/mia/vesta-cx/vesta/node_modules/.pnpm/prettier-plugin-tailwindcss@0.7.2_prettier-plugin-astro@0.14.1_prettier-plugin-svelte@3_d4163ebf28de53b474e0228e4586fdcf/node_modules/prettier-plugin-tailwindcss/dist/index.mjs:102:12756
[[31merror[39m]     at file:///Users/mia/vesta-cx/vesta/node_modules/.pnpm/prettier-plugin-tailwindcss@0.7.2_prettier-plugin-astro@0.14.1_prettier-plugin-svelte@3_d4163ebf28de53b474e0228e4586fdcf/node_modules/prettier-plugin-tailwindcss/dist/index.mjs:235:406
[[31merror[39m]     at eval (eval at create (file:///Users/mia/vesta-cx/vesta/node_modules/.pnpm/prettier-plugin-tailwindcss@0.7.2_prettier-plugin-astro@0.14.1_prettier-plugin-svelte@3_d4163ebf28de53b474e0228e4586fdcf/node_modules/prettier-plugin-tailwindcss/dist/index.mjs:106:78), <anonymous>:15:1)
[[31merror[39m]     at file:///Users/mia/vesta-cx/vesta/node_modules/.pnpm/prettier-plugin-tailwindcss@0.7.2_prettier-plugin-astro@0.14.1_prettier-plugin-svelte@3_d4163ebf28de53b474e0228e4586fdcf/node_modules/prettier-plugin-tailwindcss/dist/index.mjs:235:406
src/lib/components/ui/collapsible/collapsible-trigger.svelte
[[31merror[39m] src/lib/components/ui/collapsible/collapsible-trigger.svelte: Error: Can't resolve '$lib/styles/theme.css' in '/Users/mia/vesta-cx/vesta/packages/ui/src'
[[31merror[39m]     at h (file:///Users/mia/vesta-cx/vesta/node_modules/.pnpm/prettier-plugin-tailwindcss@0.7.2_prettier-plugin-astro@0.14.1_prettier-plugin-svelte@3_d4163ebf28de53b474e0228e4586fdcf/node_modules/prettier-plugin-tailwindcss/dist/index.mjs:231:4669)
[[31merror[39m]     at file:///Users/mia/vesta-cx/vesta/node_modules/.pnpm/prettier-plugin-tailwindcss@0.7.2_prettier-plugin-astro@0.14.1_prettier-plugin-svelte@3_d4163ebf28de53b474e0228e4586fdcf/node_modules/prettier-plugin-tailwindcss/dist/index.mjs:232:708
[[31merror[39m]     at file:///Users/mia/vesta-cx/vesta/node_modules/.pnpm/prettier-plugin-tailwindcss@0.7.2_prettier-plugin-astro@0.14.1_prettier-plugin-svelte@3_d4163ebf28de53b474e0228e4586fdcf/node_modules/prettier-plugin-tailwindcss/dist/index.mjs:235:406
[[31merror[39m]     at eval (eval at create (file:///Users/mia/vesta-cx/vesta/node_modules/.pnpm/prettier-plugin-tailwindcss@0.7.2_prettier-plugin-astro@0.14.1_prettier-plugin-svelte@3_d4163ebf28de53b474e0228e4586fdcf/node_modules/prettier-plugin-tailwindcss/dist/index.mjs:106:78), <anonymous>:15:1)
[[31merror[39m]     at file:///Users/mia/vesta-cx/vesta/node_modules/.pnpm/prettier-plugin-tailwindcss@0.7.2_prettier-plugin-astro@0.14.1_prettier-plugin-svelte@3_d4163ebf28de53b474e0228e4586fdcf/node_modules/prettier-plugin-tailwindcss/dist/index.mjs:235:406
[[31merror[39m]     at eval (eval at create (file:///Users/mia/vesta-cx/vesta/node_modules/.pnpm/prettier-plugin-tailwindcss@0.7.2_prettier-plugin-astro@0.14.1_prettier-plugin-svelte@3_d4163ebf28de53b474e0228e4586fdcf/node_modules/prettier-plugin-tailwindcss/dist/index.mjs:106:78), <anonymous>:27:1)
[[31merror[39m]     at file:///Users/mia/vesta-cx/vesta/node_modules/.pnpm/prettier-plugin-tailwindcss@0.7.2_prettier-plugin-astro@0.14.1_prettier-plugin-svelte@3_d4163ebf28de53b474e0228e4586fdcf/node_modules/prettier-plugin-tailwindcss/dist/index.mjs:102:12756
[[31merror[39m]     at file:///Users/mia/vesta-cx/vesta/node_modules/.pnpm/prettier-plugin-tailwindcss@0.7.2_prettier-plugin-astro@0.14.1_prettier-plugin-svelte@3_d4163ebf28de53b474e0228e4586fdcf/node_modules/prettier-plugin-tailwindcss/dist/index.mjs:235:406
[[31merror[39m]     at eval (eval at create (file:///Users/mia/vesta-cx/vesta/node_modules/.pnpm/prettier-plugin-tailwindcss@0.7.2_prettier-plugin-astro@0.14.1_prettier-plugin-svelte@3_d4163ebf28de53b474e0228e4586fdcf/node_modules/prettier-plugin-tailwindcss/dist/index.mjs:106:78), <anonymous>:15:1)
[[31merror[39m]     at file:///Users/mia/vesta-cx/vesta/node_modules/.pnpm/prettier-plugin-tailwindcss@0.7.2_prettier-plugin-astro@0.14.1_prettier-plugin-svelte@3_d4163ebf28de53b474e0228e4586fdcf/node_modules/prettier-plugin-tailwindcss/dist/index.mjs:235:406
src/lib/components/ui/collapsible/collapsible.svelte
[[31merror[39m] src/lib/components/ui/collapsible/collapsible.svelte: Error: Can't resolve '$lib/styles/theme.css' in '/Users/mia/vesta-cx/vesta/packages/ui/src'
[[31merror[39m]     at h (file:///Users/mia/vesta-cx/vesta/node_modules/.pnpm/prettier-plugin-tailwindcss@0.7.2_prettier-plugin-astro@0.14.1_prettier-plugin-svelte@3_d4163ebf28de53b474e0228e4586fdcf/node_modules/prettier-plugin-tailwindcss/dist/index.mjs:231:4669)
[[31merror[39m]     at file:///Users/mia/vesta-cx/vesta/node_modules/.pnpm/prettier-plugin-tailwindcss@0.7.2_prettier-plugin-astro@0.14.1_prettier-plugin-svelte@3_d4163ebf28de53b474e0228e4586fdcf/node_modules/prettier-plugin-tailwindcss/dist/index.mjs:232:708
[[31merror[39m]     at file:///Users/mia/vesta-cx/vesta/node_modules/.pnpm/prettier-plugin-tailwindcss@0.7.2_prettier-plugin-astro@0.14.1_prettier-plugin-svelte@3_d4163ebf28de53b474e0228e4586fdcf/node_modules/prettier-plugin-tailwindcss/dist/index.mjs:235:406
[[31merror[39m]     at eval (eval at create (file:///Users/mia/vesta-cx/vesta/node_modules/.pnpm/prettier-plugin-tailwindcss@0.7.2_prettier-plugin-astro@0.14.1_prettier-plugin-svelte@3_d4163ebf28de53b474e0228e4586fdcf/node_modules/prettier-plugin-tailwindcss/dist/index.mjs:106:78), <anonymous>:15:1)
[[31merror[39m]     at file:///Users/mia/vesta-cx/vesta/node_modules/.pnpm/prettier-plugin-tailwindcss@0.7.2_prettier-plugin-astro@0.14.1_prettier-plugin-svelte@3_d4163ebf28de53b474e0228e4586fdcf/node_modules/prettier-plugin-tailwindcss/dist/index.mjs:235:406
[[31merror[39m]     at eval (eval at create (file:///Users/mia/vesta-cx/vesta/node_modules/.pnpm/prettier-plugin-tailwindcss@0.7.2_prettier-plugin-astro@0.14.1_prettier-plugin-svelte@3_d4163ebf28de53b474e0228e4586fdcf/node_modules/prettier-plugin-tailwindcss/dist/index.mjs:106:78), <anonymous>:27:1)
[[31merror[39m]     at file:///Users/mia/vesta-cx/vesta/node_modules/.pnpm/prettier-plugin-tailwindcss@0.7.2_prettier-plugin-astro@0.14.1_prettier-plugin-svelte@3_d4163ebf28de53b474e0228e4586fdcf/node_modules/prettier-plugin-tailwindcss/dist/index.mjs:102:12756
[[31merror[39m]     at file:///Users/mia/vesta-cx/vesta/node_modules/.pnpm/prettier-plugin-tailwindcss@0.7.2_prettier-plugin-astro@0.14.1_prettier-plugin-svelte@3_d4163ebf28de53b474e0228e4586fdcf/node_modules/prettier-plugin-tailwindcss/dist/index.mjs:235:406
[[31merror[39m]     at eval (eval at create (file:///Users/mia/vesta-cx/vesta/node_modules/.pnpm/prettier-plugin-tailwindcss@0.7.2_prettier-plugin-astro@0.14.1_prettier-plugin-svelte@3_d4163ebf28de53b474e0228e4586fdcf/node_modules/prettier-plugin-tailwindcss/dist/index.mjs:106:78), <anonymous>:15:1)
[[31merror[39m]     at file:///Users/mia/vesta-cx/vesta/node_modules/.pnpm/prettier-plugin-tailwindcss@0.7.2_prettier-plugin-astro@0.14.1_prettier-plugin-svelte@3_d4163ebf28de53b474e0228e4586fdcf/node_modules/prettier-plugin-tailwindcss/dist/index.mjs:235:406
src/lib/components/ui/collapsible/index.ts[41m[30m ELIFECYCLE [39m[49m [31mCommand failed.[39m
